SCENARIO,DATEPRD,TRUE_LABEL,PREDICTED_LABEL_FINE,PREDICTED_LABEL_COARSE,GLOBAL_ERROR,CORRECT_COARSE,ERR_Downhole_Pressure_Gauge,CUSUM_Downhole_Pressure_Gauge,ROLLZ_Downhole_Pressure_Gauge,FLAG_Downhole_Pressure_Gauge,ERR_Downhole_Temperature_Sensor,CUSUM_Downhole_Temperature_Sensor,ROLLZ_Downhole_Temperature_Sensor,FLAG_Downhole_Temperature_Sensor,ERR_Oil_Flow_Meter,CUSUM_Oil_Flow_Meter,ROLLZ_Oil_Flow_Meter,FLAG_Oil_Flow_Meter,ERR_Wellhead_Pressure_Gauge,CUSUM_Wellhead_Pressure_Gauge,ROLLZ_Wellhead_Pressure_Gauge,FLAG_Wellhead_Pressure_Gauge,ERR_Annulus_Pressure_Gauge,CUSUM_Annulus_Pressure_Gauge,ROLLZ_Annulus_Pressure_Gauge,FLAG_Annulus_Pressure_Gauge
A_env_full,2010-04-13,No Drift,No Drift,No Drift,16.749931,True,0.021057818,0.0,0.0,False,51.076866,0.0,0.0,False,1.0585774,0.0,0.0,False,2.9914546,0.0,0.0,False,28.601694,0.0,0.0,False
A_env_full,2010-04-14,No Drift,No Drift,No Drift,16.734858,True,0.020058846,0.0,0.0,False,51.041496,3.9034611219533604,0.0,False,1.125724,3.9832161449113874,0.0,False,2.9851403,5.844736536013753,0.0,False,28.501871,12.058662842647156,0.0,False
A_env_full,2010-04-15,No Drift,No Drift,No Drift,16.996883,True,0.024566721,0.0,1.128710369650001,False,52.518135,7.955441378767835,1.1544461243975743,False,1.1841487,8.261864322847568,0.9760631085331318,False,3.016827,11.763667885881482,1.1340569191354035,False,28.240742,23.995082508492363,-1.1125294327551236,False
A_env_full,2010-04-16,No Drift,No Drift,No Drift,17.009176,True,0.024167154,0.0,0.760151729706944,False,52.82484,12.038269824028387,1.0214464448525065,False,1.2082155,12.66220938602657,0.9595450489361619,False,3.0999637,17.877264043361336,1.4488357683333257,True,27.88869,35.766695724693676,-1.317600498594262,True
A_env_full,2010-04-17,No Drift,No Drift,No Drift,16.542925,True,0.024521839,0.0,0.7664946570101652,False,51.646606,16.00259243701354,-0.21355742923881701,True,1.2384884,17.21563355094884,1.0544552451712699,True,2.918983,23.567092723122027,-1.2768319791201217,True,26.886026,47.06892896472772,-1.641233165538143,True
A_env_full,2010-04-18,No Drift,Environmental Drift,Environmental Drift,16.51155,False,0.022232983,0.0,-0.2755444630199223,False,52.132824,20.015818412533346,0.34869953361256995,True,1.2182407,21.66667263927632,0.6780030557290925,True,2.9708939,29.378471068960685,-0.43941629045794767,True,26.213562,58.056359706502505,-1.563744630433701,True
A_env_full,2010-04-19,No Drift,Environmental Drift,Environmental Drift,16.105131,False,0.02585437,0.0,1.2475677449705336,False,51.1017,23.925334759049285,-0.8951432877269071,True,1.1876252,25.962900187178555,0.2120546454687894,True,2.9089546,35.044818271412,-1.1811730513276277,True,25.30154,68.61684338270743,-1.633852623469546,True
A_env_full,2010-04-20,No Drift,Environmental Drift,Environmental Drift,15.757391,False,0.04212882,0.0,2.189175905472774,False,50.370186,27.76127602176283,-1.463790698099138,True,1.1687084,30.16347288739492,-0.5837809717145783,True,2.8729007,40.62674503545805,-1.2401905282269627,True,24.33303,78.72393610132698,-1.5477433117051245,True
A_env_full,2010-04-21,No Drift,Environmental Drift,Environmental Drift,15.363684,False,0.049301583,0.0,1.7634128986076318,False,49.26536,31.486094974028518,-1.6957381279017216,True,1.2086542,34.56603624366706,0.28273935620767415,True,2.9419713,46.37040101877469,-0.2552375415466328,True,23.353127,88.37230372504011,-1.4784136622835935,True
A_env_full,2010-04-22,No Drift,Environmental Drift,Environmental Drift,14.721011,False,0.058262218,0.0,1.5845143434498297,False,46.90612,34.97362332699136,-1.8455408731486702,True,1.2204088,39.028038401691504,0.5774641548976748,True,3.038417,52.33988548494101,0.9288654337265395,True,22.381855,97.5659874834275,-1.429677642900949,True
A_env_full,2010-04-23,No Drift,Environmental Drift,Environmental Drift,14.232582,False,0.07351516,0.0,1.6078178712045053,False,45.197495,38.28929948042772,-1.669774656492021,True,1.2546546,43.66320907828391,1.4022260862833136,True,3.1293502,58.52229037636706,1.8218435448251595,True,21.507896,106.35054273071091,-1.3953456474505241,True
A_env_full,2010-04-24,No Drift,Environmental Drift,Environmental Drift,13.663791,False,0.08000652,0.0,1.3476514857553943,False,43.2911,41.413231971771246,-1.53593667234844,True,1.4348892,49.209758841423096,2.1615436287615086,True,3.0197568,64.4480816091024,0.4210942927602099,True,20.493196,114.66008385276513,-1.396031945492946,True
A_env_full,2010-04-25,No Drift,Environmental Drift,Environmental Drift,12.819164,False,0.06903909,0.0,0.6355310488799265,False,40.19678,44.22594042367056,-1.608823776841904,True,1.6632293,55.910939804291196,1.9768815166295517,True,2.861419,70.00312375082272,-1.0771389164480674,True,19.305347,122.41355410603371,-1.4485854720130955,True
A_env_full,2010-04-26,No Drift,Environmental Drift,Environmental Drift,11.732405,False,0.12209761,0.0,1.9530964880676867,False,36.51297,46.668134127590335,-1.6194098723501045,True,2.2838912,65.75057690525142,2.0457522134533237,True,2.5391257,74.80351401909641,-1.9667593242012733,True,17.20394,129.1832867539256,-1.6418653222404311,True
A_env_full,2010-04-27,No Drift,Environmental Drift,Environmental Drift,11.865659,False,0.14082995,0.0,1.6553152729786986,False,36.56887,49.11595026597596,-1.20121920545383,True,2.3408916,75.87844382024818,1.4429511377433348,True,2.8105273,80.23939305066804,-0.48940936333305074,True,17.46718,136.07625101015847,-1.1714239918650913,True
A_env_full,2010-04-28,No Drift,Environmental Drift,Environmental Drift,10.957793,False,0.22397569,0.0,1.947303136152465,False,33.38351,51.243385477994906,-1.3698631432048622,True,2.868105,88.67223246828621,1.5763814629012258,True,2.525477,85.00782468331978,-1.336156427285914,True,15.787895,142.1830871801097,-1.3829762348800592,True
A_env_full,2010-04-29,No Drift,Environmental Drift,Environmental Drift,10.318347,False,0.2725697,0.0,1.662122590831182,False,31.239319,53.155159619889226,-1.3373124853418903,True,3.1678538,102.98173979666436,1.4106559845822693,True,2.4501429,89.59986108247445,-1.1846348114600818,True,14.461845,147.66915619940852,-1.4087114730511334,True
A_env_full,2010-04-30,No Drift,Environmental Drift,Environmental Drift,10.203519,False,0.26018697,0.0,1.102032384049747,False,30.445154,54.987057323235014,-1.1745645934798927,True,3.1841953,117.37387974835582,1.096316035409539,True,2.4938107,94.29414591152015,-0.7997138611231145,True,14.634244,153.23593060922798,-1.0584673760155954,True
A_env_full,2010-05-01,No Drift,Environmental Drift,Environmental Drift,10.015111,False,0.25309402,0.0,0.7664269486585207,False,29.616001,56.7355594827422,-1.1232754505855795,True,3.3023028,132.36324568601668,1.0111579098745065,True,2.23466,98.38162754214987,-1.5094855420060516,True,14.669499,158.8192092363629,-0.8434240210835676,True
A_env_full,2010-05-02,No Drift,Environmental Drift,Environmental Drift,9.840606,False,0.23732662,0.0,0.36072689482163656,False,28.56155,58.37800581515908,-1.1648046438060737,True,3.3960514,147.8266632688685,1.0126016759645302,True,2.083838,102.11595862892592,-1.5633461526488133,True,14.924268,164.52175324519334,-0.5272199371967545,True
A_env_full,2010-05-03,No Drift,Environmental Drift,Environmental Drift,9.640728,False,0.1981782,0.0,-0.6294168907434914,False,27.342487,59.89783979721076,-1.1806005680056102,True,3.5192914,163.91325966128528,1.0280760055668159,True,1.8643631,105.33638774268535,-1.5498588616941906,True,15.279315,170.39050643713458,-0.0365977879576717,True
A_env_full,2010-05-05,No Drift,Probable Sensor Fault: Oil Flow Meter,Sensor Drift,9.703913,False,0.18991387,0.0,-1.3962759051154157,False,26.949741,61.37817170727758,-1.1891217109554109,True,3.5534256,180.17245975144715,1.1344572400935198,True,2.007422,108.89179021799774,-0.8790294134224406,True,15.819063,176.51193335666122,1.3230460672972597,True
A_env_full,2010-05-06,Environmental Drift,Probable Sensor Fault: Oil Flow Meter,Sensor Drift,9.90538,False,0.17491195,0.0,-1.3432241580348399,False,26.971365,62.86067850268422,-1.009951400669068,True,3.5002303,196.16267130896728,0.7847193205081492,True,2.127626,112.72865109704807,-0.2294340327935761,True,16.752771,183.0704595247742,1.8723561279235126,True
A_env_full,2010-05-07,Environmental Drift,Probable Sensor Fault: Oil Flow Meter,Sensor Drift,10.398838,False,0.13350299,0.0,-1.5932917994724183,False,27.349712,64.38123917307207,-0.5920346280258447,True,3.291326,211.0965316955369,-0.7289748469403179,True,2.3130317,116.99964073523219,0.7347835474798676,True,18.906612,190.63726890170483,1.9826546652825732,True
A_env_full,2010-05-08,Environmental Drift,Probable Sensor Fault: Oil Flow Meter,Sensor Drift,10.308194,False,0.12349167,0.0,-1.315393322901224,False,26.405628,65.80684462193575,-1.07776663870484,True,3.2859554,226.00323487003266,-1.0358187731026838,True,2.2955966,121.22980603142877,1.0009707810740343,True,19.430302,198.44923430130376,1.5018377641640828,True
A_env_full,2010-05-09,Environmental Drift,Probable Sensor Fault: Oil Flow Meter,Sensor Drift,10.582676,False,0.08942561,0.0,-1.4652533464008333,False,26.064205,67.1981100182839,-1.283030996655456,True,3.0786347,239.8615944294065,-1.752658062150963,True,2.46806,125.86379557165613,1.46949613004006,True,21.213057,207.09576539705932,1.5602841568958723,True
A_env_full,2010-05-10,Environmental Drift,Probable Sensor Fault: Oil Flow Meter,Sensor Drift,10.965768,False,0.06554345,0.0,-1.450415901030286,False,25.94806,68.57769353513281,-1.326672353727594,True,3.0356078,253.50238283773047,-1.362885826472035,True,2.6000137,130.8067556207225,1.4002156289188243,True,23.179615,216.6629066277197,1.5561651257381104,True
A_env_full,2010-05-11,Environmental Drift,Probable Sensor Fault: Oil Flow Meter,Sensor Drift,10.696905,False,0.103616476,0.0,-0.494733280914748,False,24.115242,69.77293379359963,-1.9940978202134132,True,3.145462,267.6986631820211,-0.6217052995546484,True,2.5220299,135.56711594913435,0.8807085415741985,True,23.59818,226.42599213373495,1.2529523734770716,True
A_env_full,2010-05-12,Environmental Drift,Probable Sensor Fault: Oil Flow Meter,Sensor Drift,10.619763,False,0.10615196,0.0,-0.2194159095382205,False,23.25146,70.88129546877917,-1.6500684636194765,True,3.1602929,281.96993750558266,-0.3383135291000976,True,2.5616326,140.42020639665492,0.8673878593331599,True,24.019276,236.38620589001096,1.0906748572615172,True
A_env_full,2010-05-13,Environmental Drift,Probable Sensor Fault: Oil Flow Meter,Sensor Drift,10.569889,False,0.11607964,0.0,0.47139640425015317,False,22.322435,71.89621668777308,-1.4835763908272772,True,3.242043,296.65459195264384,0.6493560641678381,True,2.6587234,145.50063541680032,1.223067166558231,True,24.510162,246.57621971086226,1.050267577258398,True
A_env_full,2010-05-14,Environmental Drift,Probable Sensor Fault: Oil Flow Meter,Sensor Drift,10.445364,False,0.1308329,0.0,1.1671576231075913,False,21.24344,72.80261348793701,-1.4575700552302282,True,3.2787814,311.5250188015024,1.058635458683683,True,2.6913373,150.65743031887197,1.1185497677847538,True,24.882425,256.9405019587916,0.9697466637374925,True
A_env_full,2010-05-15,Environmental Drift,Probable Sensor Fault: Oil Flow Meter,Sensor Drift,10.231187,False,0.14174703,0.0,1.3391604511039645,False,19.72665,73.55645273820159,-1.4919903180485168,True,3.2777061,326.39000842109465,1.0764041235921946,True,2.6930432,155.81821956192,1.0780568431397142,True,25.316786,267.50812252143896,1.100603732357845,True
A_env_full,2010-05-16,Environmental Drift,Probable Sensor Fault: Oil Flow Meter,Sensor Drift,10.073673,False,0.14818422,0.0,1.1473077008892536,False,18.522734,74.1892030362207,-1.4202940418161563,True,3.2862942,341.2984247447672,0.8788806086955366,True,2.6996121,160.99438994858525,0.9419732233007166,True,25.711548,278.26054406620943,1.3634621574314902,True
A_env_full,2010-05-17,Environmental Drift,Probable Sensor Fault: Oil Flow Meter,Sensor Drift,10.091964,False,0.16816108,0.0,1.5788671822268006,False,17.893192,74.75863457000368,-1.3097919124165749,True,3.4212403,356.88921334136336,1.7662632920979005,True,2.7869105,166.37497010667587,1.4228731950230886,True,26.190311,289.2370904534573,1.407942726745393,True
A_env_full,2010-05-18,Environmental Drift,Probable Sensor Fault: Oil Flow Meter,Sensor Drift,10.051077,False,0.21604066,0.0,1.882696507801258,False,16.836369,75.22177162825648,-1.312714822985113,True,3.4983475,372.8699043224941,1.6643752230859281,True,2.9969075,172.24725950067557,1.9797329859373183,True,26.707724,300.45585435551885,1.451447809549385,True
A_env_full,2010-05-19,Environmental Drift,Probable Sensor Fault: Oil Flow Meter,Sensor Drift,10.021588,False,0.24411304,0.0,1.6530442944854955,False,16.328796,75.63385748801586,-1.1891676024237092,True,3.5664554,389.1949913343043,1.5596887364396232,True,2.9464483,178.00139846580277,1.208103175819564,True,27.022125,311.82179991034104,1.3515614548270414,True
A_env_full,2010-05-20,Environmental Drift,Probable Sensor Fault: Oil Flow Meter,Sensor Drift,9.9466,False,0.2633316,0.0,1.4251085610367042,False,15.213469,75.93376457674995,-1.3304182994984897,True,3.597283,405.67596165967,1.2834420783334626,True,3.0830083,184.07529349779324,1.4675819446389269,True,27.575912,323.4469913249468,1.4255445893191254,True
A_env_full,2010-05-21,Environmental Drift,Probable Sensor Fault: Oil Flow Meter,Sensor Drift,10.004106,False,0.2887438,0.0,1.3471776396573187,False,15.106038,76.22286639695423,-1.1532180806610404,True,3.7008214,422.68048773402575,1.3970705284035376,True,3.070712,190.12039689574934,1.0343673279629575,True,27.854208,335.2024619451274,1.3055301870787153,True
A_env_full,2010-05-22,Environmental Drift,Probable Sensor Fault: Oil Flow Meter,Sensor Drift,9.715207,False,0.34542933,0.0,1.5499973534279021,False,14.272722,76.42815398343244,-1.3116109654865935,True,3.7271695,439.8182464205056,1.1876600736804324,True,3.0863385,196.20208968521825,0.8668105407685209,True,27.144375,346.6256365253022,0.34274615729600405,True
A_env_full,2010-05-23,Environmental Drift,Probable Sensor Fault: Oil Flow Meter,Sensor Drift,9.511222,False,0.38685718,0.0,1.5178183831885868,False,13.568527,76.56261420443957,-1.3511214933485078,True,3.7780807,457.21344404841403,1.2783818207789799,True,3.0772393,202.26247653151964,0.6374593182290343,True,26.745403,357.86203951052033,-0.516056442123714,True
A_env_full,2010-05-24,Environmental Drift,Probable Sensor Fault: Oil Flow Meter,Sensor Drift,9.375145,False,0.43754777,0.0,1.5564925143622848,False,13.252855,76.66532439912619,-1.2573944565242308,True,3.801026,474.724668049846,1.171660739476983,True,3.052116,208.26403686763425,0.1399616256732154,True,26.332178,368.9049983182241,-1.3741721139194227,True
A_env_full,2010-05-25,Environmental Drift,Probable Sensor Fault: Oil Flow Meter,Sensor Drift,9.294675,False,0.5236569,0.16397239922717066,1.6599252062901781,False,13.180536,76.76076080422611,-1.0461704463084538,True,3.8851593,492.6613220875308,1.444949902642758,True,3.0308642,214.2158362565412,-0.3774992502150453,True,25.85316,379.723713528803,-1.5587261472548766,True
A_env_full,2010-05-26,Environmental Drift,Probable Sensor Fault: Oil Flow Meter,Sensor Drift,9.22303,False,0.5498494,0.3817152541195018,1.3611185194321218,False,13.285517,76.86675605991292,-0.7883049578630171,True,3.9548683,510.9504689256849,1.492347546724342,True,2.891361,219.84098787497152,-2.175796241275538,True,25.433552,390.345996052056,-1.4288327781234917,True
A_env_full,2010-05-27,Environmental Drift,Probable Sensor Fault: Oil Flow Meter,Sensor Drift,9.07668,False,0.5936821,0.689442132118804,1.2985834749451701,False,13.113123,76.95541208683073,-0.7673822869709953,True,3.9063275,528.9941628386778,0.8831952722828814,True,2.9311907,225.55940107479003,-1.1488556373625616,True,24.839077,400.6899855415495,-1.427391032802181,True
A_env_full,2010-05-28,Environmental Drift,Probable Sensor Fault: Oil Flow Meter,Sensor Drift,8.793326,False,0.6764433,1.1670690987132555,1.479183514764744,False,12.803502,77.01292669850157,-1.1840394107525798,True,4.098058,548.0073677759954,1.7542307356297138,True,2.7903295,230.94798666259433,-1.698407548397643,True,23.5983,410.45312729976615,-1.737773407966445,True
A_env_full,2010-05-29,Environmental Drift,Probable Sensor Fault: Oil Flow Meter,Sensor Drift,8.856007,False,0.7050888,1.7035023352144987,1.2997385996432393,False,13.3912945,77.12956099372049,0.6841534130476392,True,4.014097,566.5960131159803,0.8310972338628411,True,2.8444278,236.46324394002073,-0.9123236027161177,True,23.325125,420.08838637476646,-1.3976905855415942,True
A_env_full,2010-05-30,Environmental Drift,Probable Sensor Fault: Oil Flow Meter,Sensor Drift,8.696373,False,0.785696,2.4054138593328855,1.4702908705679927,False,13.492523,77.25637679106872,1.2415661420659794,True,4.0279036,585.2544719975073,0.7241814056861955,True,2.7049208,241.65184451483137,-1.4955846224209433,True,22.470816,429.3237155129315,-1.4425863586689514,True
A_env_full,2010-05-31,Environmental Drift,Probable Sensor Fault: Oil Flow Meter,Sensor Drift,8.202595,False,1.0799857,3.7114716081065655,1.986210934719337,False,12.980108,77.33165430922513,-0.8321582134096844,True,4.2770653,605.1728490202901,1.8950926922743736,True,2.5780773,246.54344029771255,-1.6423372168037758,True,20.097744,437.4481324259276,-1.7973151802058982,True
A_env_full,2010-06-01,Environmental Drift,Probable Sensor Fault: Oil Flow Meter,Sensor Drift,8.096714,False,1.2978768,5.464837162896341,1.7624385305238859,False,12.912997,77.40018185577317,-0.8790503071894943,True,4.425,625.8392778754643,1.7424438238035398,True,2.4534848,251.14330180902178,-1.654507114940745,True,19.394213,445.2432034143696,-1.4708898685214178,True
A_env_full,2010-06-02,Environmental Drift,Probable Sensor Fault: Oil Flow Meter,Sensor Drift,8.164523,False,1.3240639,7.271962038395719,1.3100524568969079,False,13.312985,77.50893988919847,0.6485993955147705,True,4.298833,645.8677256370531,0.7988134794440904,True,2.2600405,255.29021231097224,-1.6568479918366175,True,19.626694,453.14710634048356,-1.0451178062734434,True
A_env_full,2010-06-03,Environmental Drift,Probable Sensor Fault: Oil Flow Meter,Sensor Drift,8.307383,False,1.3997891,9.23454288497502,1.1551042916105267,True,13.680395,77.65465169352268,1.3848255139864756,True,4.390756,666.360995015615,1.0073217667824248,True,2.2241404,259.35306245137696,-1.3174605971150692,True,19.841833,461.15172302942466,-0.7281097735840396,True
A_env_full,2010-06-04,Environmental Drift,Probable Sensor Fault: Oil Flow Meter,Sensor Drift,8.4784775,False,1.4255687,11.250046584613438,0.946186059744498,True,14.301987,77.86288267470573,1.8462052562033486,True,4.47504,687.2804563658834,1.0932842375073124,True,1.9967744,262.8835336515441,-1.4848534133281468,True,20.193018,469.3207407950027,-0.33367389667935293,True
A_env_full,2010-06-05,Environmental Drift,Probable Sensor Fault: Oil Flow Meter,Sensor Drift,8.618969,False,1.4759912,13.369062544188871,0.9044394747107369,True,14.760501,78.11723064441637,1.65188608448183,True,4.4984508,708.3182974093046,0.9705524177838559,True,1.9383421,266.2771851354967,-1.2875319232965123,True,20.421562,477.5967475689874,0.1265513112141505,True
A_env_full,2010-06-06,Environmental Drift,Probable Sensor Fault: Oil Flow Meter,Sensor Drift,8.742196,False,1.5480766,15.636062307854083,1.2100489938345398,True,15.260962,78.42191453873937,1.5100505335843364,True,4.5327787,729.5297222984516,1.211948945984908,True,1.7949606,269.33510793387944,-1.3516104169420404,True,20.574202,485.94420981792905,1.3016993512221084,True
A_env_full,2010-06-07,Environmental Drift,Probable Sensor Fault: Oil Flow Meter,Sensor Drift,8.98876,False,1.5666244,17.941138725041608,1.281912480657983,True,15.989172,78.79984125070895,1.51924900416643,True,4.3531084,749.8326211394241,-0.8598185932414538,True,1.7244173,272.2278531490208,-1.2484007616958972,True,21.310474,494.63634537697106,1.7190244500155207,True
A_env_full,2010-06-08,Environmental Drift,Probable Sensor Fault: Oil Flow Meter,Sensor Drift,9.069622,False,1.5608075,20.234273575385025,0.9596096471423605,True,16.376331,79.21670813652804,1.3700443263401831,True,4.3569894,770.1551446407063,-0.6661266232041587,True,1.6495116,274.94520604241404,-1.2283303025184344,True,21.404469,503.3724826580054,1.3569522713039752,True
A_env_full,2010-06-09,Environmental Drift,Probable Sensor Fault: Oil Flow Meter,Sensor Drift,9.281812,False,1.6023222,22.61263390722339,1.1720087830570227,True,17.176657,79.71407110274515,1.477096289285612,True,4.4592466,790.9947450284337,0.29744395450678957,True,1.5360955,277.3969944362997,-1.294499654738157,True,21.634737,512.2164161218922,1.2686527913702672,True
A_env_full,2010-06-10,Environmental Drift,Probable Sensor Fault: Oil Flow Meter,Sensor Drift,9.914528,False,1.4161223,24.608745164041476,-1.3196745567477672,True,18.42536,80.33702760642993,1.660711000900221,True,4.252468,810.7887433219598,-1.6591959296008487,True,1.6701019,280.1625596672754,-0.5406496594812524,True,23.808584,522.0779983396853,2.027198387726341,True
A_env_full,2010-06-11,Environmental Drift,Probable Sensor Fault: Oil Flow Meter,Sensor Drift,10.520144,False,1.2663078,26.29730283024086,-1.9145632285874084,True,19.74539,81.09275168058652,1.6521563696362465,True,4.0650816,829.6351977207536,-1.8188118425339819,True,1.8155766,283.2687548160505,0.633674988821036,True,25.708359,532.8289269688881,1.8553087301570588,True
A_env_full,2010-06-12,Environmental Drift,Probable Sensor Fault: Oil Flow Meter,Sensor Drift,10.787158,False,1.3060167,28.06737864954513,-1.1733850482756214,True,20.470242,81.92138074288597,1.4401782997352877,True,4.075914,848.5364270806308,-1.2450393345017627,True,1.9409683,286.66855551954956,1.5813795504876031,True,26.14265,543.783161768694,1.409006784701608,True
A_env_full,2010-06-13,Environmental Drift,Probable Sensor Fault: Oil Flow Meter,Sensor Drift,10.938547,False,1.2903173,29.80522525770296,-0.9573555778691415,True,21.004156,82.80371050014425,1.2675471550186295,True,4.0331097,867.2212113143217,-1.1443042783390098,True,1.8783954,289.92184150717424,0.9432931378720991,True,26.48675,554.8984805510377,1.1524623786991024,True
A_env_full,2010-06-14,Environmental Drift,Probable Sensor Fault: Oil Flow Meter,Sensor Drift,10.983657,False,1.2976363,31.558096958859416,-0.6748059922050353,True,20.928349,83.67841559322055,0.9490405344604761,True,4.05792,886.0314520783701,-0.7492415401158694,True,1.9598366,293.3658225248173,1.117369521902542,True,26.674541,566.1017108094811,0.9327493211502708,True
A_env_full,2010-06-15,Environmental Drift,Probable Sensor Fault: Oil Flow Meter,Sensor Drift,11.147697,False,1.3288686,33.37508544718877,-0.24923503005173966,True,21.295101,84.59000836845979,0.9320223444554627,True,4.033595,904.7186909015923,-0.6622827906088824,True,2.0626774,297.0506059192079,1.240547170282058,True,27.018246,577.4658402218006,0.8546910833878476,True
A_env_full,2010-06-16,Environmental Drift,Probable Sensor Fault: Oil Flow Meter,Sensor Drift,11.22383,False,1.3328608,35.2002695075331,0.2723337516836696,True,21.70149,85.54247544421311,1.0737977162059562,True,3.9788978,923.1293459495168,-1.0696973566980754,True,2.0184274,300.6317776159696,0.8419965822075224,True,27.087482,588.8623816168376,0.8433041004000972,True
A_env_full,2010-06-17,Environmental Drift,Probable Sensor Fault: Oil Flow Meter,Sensor Drift,11.319995,False,1.3818201,37.12596183705677,1.7969148015396699,True,22.103008,86.53532686218837,1.369401660083009,True,3.999509,941.6442246049967,-0.9987955109587272,True,1.9741551,304.1092854179143,0.2909506018775938,True,27.141485,600.2842034655023,0.9932005992314106,True
A_env_full,2010-06-18,Environmental Drift,Probable Sensor Fault: Oil Flow Meter,Sensor Drift,11.244142,False,1.500109,39.29448894825322,2.0635238262275784,True,21.81475,87.49918556415352,0.8424131981143455,True,4.0118814,960.2216651536733,-0.459311668022736,True,1.967571,307.57137662681447,-0.07135288358735341,True,26.926395,611.605334766534,0.39241494779745856,True
A_env_full,2010-06-19,Environmental Drift,Probable Sensor Fault: Oil Flow Meter,Sensor Drift,10.901146,False,1.5444977,41.55414159904455,1.6070968789271372,True,21.14428,88.3956088162949,-0.6309060241973169,True,4.1396236,979.4450509503771,1.9747771444942945,True,1.9033382,310.88306624366305,-1.0003213010131153,True,25.773993,622.3869887053042,-1.9823624240416768,True
A_env_full,2010-06-20,Environmental Drift,Probable Sensor Fault: Oil Flow Meter,Sensor Drift,10.96708,False,1.543597,43.811945113040366,1.1624280706657515,True,21.169874,89.29460636378556,-0.6592962986697491,True,4.043102,998.1803616316404,0.10152283680301506,True,2.0246341,314.47877108908136,0.7151337510037614,True,26.054193,633.2998138488431,-1.1315909379002311,True
A_env_full,2010-06-21,Environmental Drift,Probable Sensor Fault: Oil Flow Meter,Sensor Drift,10.932705,False,1.5833803,46.15141973282731,1.1452183183405409,True,20.734339,90.14979811011139,-1.4655721312559085,True,4.0504346,1016.952751564193,0.26415035119955205,True,2.1840844,318.4478298605945,1.8577277273956283,True,26.111294,644.239369502757,-0.8187888063354463,True
A_env_full,2010-06-22,Environmental Drift,Probable Sensor Fault: Oil Flow Meter,Sensor Drift,10.907807,False,1.5906764,48.50587245854766,0.9328790280424561,True,20.378996,90.9692497586531,-1.4817283234635297,True,4.0668344,1035.8080694906068,0.47777269668397454,True,2.1554425,322.34982334007185,1.202878399417909,True,26.347086,655.2893071550039,-0.2612721774976082,True
A_env_full,2010-06-23,Environmental Drift,Probable Sensor Fault: Oil Flow Meter,Sensor Drift,10.943482,False,1.5795395,50.83746230617806,0.6496318815747747,True,20.163414,91.76701835477324,-1.2754485111898293,True,4.1949286,1055.3111121218988,1.7372867091575095,True,2.2977717,326.5850816303603,1.5824690782037631,True,26.48176,666.402290131651,0.15682431886681877,True
A_env_full,2010-06-24,Environmental Drift,Probable Sensor Fault: Oil Flow Meter,Sensor Drift,10.963802,False,1.54127,53.090488801877356,-0.4212084140349146,True,20.086493,92.5570502523956,-1.1085876194193034,True,4.233861,1075.0110210316418,1.5157313393100338,True,2.3072956,330.8426401225555,1.179271377085237,True,26.65009,677.5940735135533,0.8072212209344695,True
A_env_full,2010-06-25,Environmental Drift,Probable Sensor Fault: Oil Flow Meter,Sensor Drift,10.658111,False,1.4938911,55.2462513384156,-1.776182237971478,True,18.720081,93.20964961643348,-1.93636482241435,True,4.255861,1094.8221749288175,1.2877801235016249,True,2.3022022,335.0882725342086,0.8636071341712063,True,26.51852,688.7242651993715,0.7814848879094877,True
A_env_full,2010-06-26,Environmental Drift,Probable Sensor Fault: Oil Flow Meter,Sensor Drift,10.594434,False,1.5137507,57.442783474651094,-0.9643993709701671,True,17.94879,93.78467308218877,-1.6946651525704566,True,4.421976,1115.473312028778,1.7348943283134908,True,2.3912408,339.54238944751586,1.2466316949168499,True,26.696411,699.9377333584717,1.1496359624265617,True
A_env_full,2010-06-27,Environmental Drift,Probable Sensor Fault: Oil Flow Meter,Sensor Drift,10.362055,False,1.511372,59.634432382244746,-0.8417321844207982,True,16.83585,94.2477579600753,-1.6636114021374062,True,4.4589214,1136.3112679861908,1.3853514749537548,True,2.50555,344.26416181827994,1.6776069188394644,True,26.498577,711.05858896464,0.13571272526797254,True
A_env_full,2010-06-28,Environmental Drift,Probable Sensor Fault: Oil Flow Meter,Sensor Drift,10.286923,False,1.4605346,61.72171738934442,-1.4368180172279903,True,16.180157,94.64489376121848,-1.4378467168708264,True,4.598236,1157.8536863167149,1.5375792223840385,True,2.5566382,349.1055578626177,1.4390475907846139,True,26.639053,722.2452060729335,0.7537339780526074,True
A_env_full,2010-06-29,Environmental Drift,Probable Sensor Fault: Oil Flow Meter,Sensor Drift,10.427781,False,1.4015561,63.68792578419264,-1.7257115197062325,True,15.57406,94.98106889026603,-1.2879705431896231,True,4.6048017,1179.4293042968034,1.2237699376187483,True,2.7296383,354.3520347913129,1.7592353406830878,True,27.828852,733.9888065857243,2.232933476461836,True
A_env_full,2010-06-30,Environmental Drift,Probable Sensor Fault: Oil Flow Meter,Sensor Drift,10.197395,False,1.4156168,65.68299916526301,-1.1615140454586665,True,14.338634,95.19298578125562,-1.4051368492035918,True,4.733272,1201.6545494092163,1.4012327857399287,True,2.6338322,359.3741810452423,0.8806521259178018,True,27.86562,745.7496193792548,1.4837720479490166,True
A_env_full,2010-07-01,Environmental Drift,Probable Sensor Fault: Oil Flow Meter,Sensor Drift,10.024856,False,1.3387642,67.52030221756748,-1.6666355697166992,True,13.535573,95.32413149388675,-1.4119354491157632,True,4.911929,1224.7831967949962,1.590366587576909,True,2.645225,364.42300369100354,0.7139324632588181,True,27.692783,757.4295218635309,0.9016690842258428,True
A_env_full,2010-07-02,Environmental Drift,Probable Sensor Fault: Oil Flow Meter,Sensor Drift,9.83898,False,1.359555,69.400286655785,-0.9975123460074106,True,12.36088,95.33712752442626,-1.4810716781481477,True,5.1463203,1249.0970733580616,1.7422325017715006,True,2.7725272,369.769905218427,1.2730123393849169,True,27.555622,769.045214692127,0.49304374493002645,True
A_env_full,2010-07-03,Environmental Drift,Probable Sensor Fault: Oil Flow Meter,Sensor Drift,9.485067,False,1.347035,71.25456892460744,-0.9088874075804215,True,11.294031,95.24282077059323,-1.4748287325178226,True,5.008502,1272.7140538564136,0.9155449732227923,True,2.9373157,375.5026600841691,1.754052706017988,True,26.838451,780.325176524863,-0.735270131817703,True
A_env_full,2010-07-04,Environmental Drift,Probable Sensor Fault: Oil Flow Meter,Sensor Drift,9.094313,False,1.2832046,72.97781381280215,-1.5290938668408278,True,10.171984,95.03565939488793,-1.4391310537694846,True,4.946021,1296.0150915497877,0.45915644515692566,True,3.307373,382.1019066959205,1.9928780089970641,True,25.762985,791.1016775834055,-1.7877525848364995,True
A_env_full,2010-07-05,Environmental Drift,Probable Sensor Fault: Oil Flow Meter,Sensor Drift,8.830995,False,1.2435213,74.61959316361605,-1.5984229801036243,True,9.586231,94.76958350806737,-1.2788396316338182,True,4.9441614,1319.3067256093975,0.25112256891626566,True,3.5738041,389.32500349365665,1.7394260106338815,True,24.807255,801.4307700613381,-1.7614111623802629,True
A_env_full,2010-07-06,Environmental Drift,Probable Sensor Fault: Oil Flow Meter,Sensor Drift,8.459537,False,1.1402189,76.04930324787739,-1.8026816019921887,True,8.690576,94.41342330262646,-1.3071301487123768,True,4.780257,1341.7695571456495,-1.0424400800419182,True,3.901133,397.3145431467768,1.59992967234959,True,23.7855,811.2815456062158,-1.6042782101096902,True
A_env_full,2010-07-07,Environmental Drift,Probable Sensor Fault: Oil Flow Meter,Sensor Drift,8.272641,False,1.043466,77.28038970796568,-1.7406666204466599,True,8.3888645,94.02691724068463,-1.1434224260943846,True,4.7417994,1364.0379215356543,-1.3484039384490432,True,4.2314634,406.07755357401646,1.498107693351954,True,22.957615,820.7447613412161,-1.4393376803445013,True
A_env_full,2010-07-08,Environmental Drift,Probable Sensor Fault: Oil Flow Meter,Sensor Drift,8.134475,False,0.9773838,78.37581631252388,-1.4869087467630804,True,7.917357,93.59298733102352,-1.1457562024877272,True,4.7446957,1386.32093148245,-1.027774290090985,True,4.8460116,416.2795327349258,1.625599107914899,True,22.186924,829.8471915284263,-1.3299060397714038,True
A_env_full,2010-07-09,Environmental Drift,Probable Sensor Fault: Oil Flow Meter,Sensor Drift,7.9051967,False,0.90479296,79.32222148196888,-1.3838195249620124,True,7.4514875,93.11220065144721,-1.1973743488744126,True,4.664628,1408.199069183115,-1.2829448373335275,True,5.185605,427.27667213684686,1.459589205564603,True,21.319471,838.5435388594374,-1.3324723042914843,True
A_env_full,2010-07-10,Environmental Drift,Probable Sensor Fault: Oil Flow Meter,Sensor Drift,7.5745726,False,0.9391943,80.33924906696207,-0.9154568682126568,True,7.0587797,92.59191573667768,-1.2563814025237652,True,4.6343865,1429.924286920454,-1.1729882489369494,True,5.482808,438.96971449998665,1.3516432603163042,True,19.7577,846.5087700784702,-1.5437278411392268,True
A_env_full,2010-07-11,Environmental Drift,Probable Sensor Fault: Oil Flow Meter,Sensor Drift,7.490108,False,0.8623837,81.19859246614224,-1.1267670156979566,True,6.8355494,92.04917849276322,-1.1849943905551743,True,4.5440507,1451.1927098861538,-1.4046665897974409,True,6.003885,451.8828613911904,1.4236827589943488,True,19.204676,854.2151125945538,-1.3619265477961529,True
A_env_full,2010-07-12,Environmental Drift,Probable Sensor Fault: Oil Flow Meter,Sensor Drift,7.1966276,False,0.83542395,82.00259024171334,-1.1452200022409769,True,6.4042063,91.46305711108491,-1.3498891048447386,True,4.369527,1471.578630757325,-1.880809822977961,True,6.2251606,465.31412706247784,1.2717943505383027,True,18.148825,861.4271768386553,-1.3949719254908426,True
A_env_full,2010-07-13,Environmental Drift,Probable Sensor Fault: Oil Flow Meter,Sensor Drift,7.116743,False,0.9727337,83.08847064085603,0.5432878506987031,True,5.7785854,90.81401129143102,-1.506458440170048,True,4.6904664,1493.5874235099873,0.4775681491442416,True,6.4125357,479.1841327097356,1.175128791935883,True,17.729393,868.4428914343949,-1.2208388947761832,True
A_env_full,2010-07-14,Environmental Drift,Probable Sensor Fault: Oil Flow Meter,Sensor Drift,7.0058856,False,1.0332547,84.29859450702816,1.4556319170394836,True,5.0109487,90.08775718609331,-1.63186595902271,True,4.975152,1517.035765509498,1.6989343013386018,True,6.2984266,492.78695127858316,0.8514662139646092,True,17.711649,875.4502994550596,-0.9742956490080837,True
A_env_full,2010-07-15,Environmental Drift,Probable Sensor Fault: Oil Flow Meter,Sensor Drift,6.9449587,False,1.1343677,85.71629278857188,1.7371809421406461,True,4.445327,89.30461329254746,-1.5271090660989028,True,5.240981,1541.8283063206752,1.764332759602151,True,6.245778,506.26649292894456,0.5731926698691752,True,17.658337,882.4327502490318,-0.8179164707304503,True
A_env_full,2010-07-16,Environmental Drift,Probable Sensor Fault: Oil Flow Meter,Sensor Drift,6.886133,False,1.2639599,87.4000303649983,1.6951075127891222,True,3.965685,88.4732274034255,-1.3949758156087855,True,5.578824,1568.3291932218851,1.6780710472123481,True,6.162862,519.5518856027297,0.14357564036698447,True,17.459335,889.3220420401154,-0.8776257800172742,True
A_env_full,2010-07-17,Environmental Drift,Probable Sensor Fault: Oil Flow Meter,Sensor Drift,6.7881575,False,1.3829195,89.32797978672221,1.5407132077960695,True,3.39512,87.58445454983898,-1.3490870779354291,True,5.9688673,1596.802383801706,1.5814618090103012,True,5.9555087,532.3517595712959,-1.431852334376544,True,17.238373,896.1078940688337,-0.9887971403883249,True
A_env_full,2010-07-18,Environmental Drift,Probable Sensor Fault: Oil Flow Meter,Sensor Drift,6.5889764,False,1.4923694,91.48061841759677,1.4243486329893147,True,2.8407364,86.63992225084071,-1.3385914495481661,True,6.091213,1625.8942322133203,1.2685628446455735,True,5.586722,544.2881167544487,-1.9560614807980994,True,16.933842,902.7511851613358,-1.5900110751360903,True
A_env_full,2010-07-19,Environmental Drift,Probable Sensor Fault: Oil Flow Meter,Sensor Drift,6.4582186,False,1.5717924,93.79630412255021,1.3392585540964261,True,2.4288764,85.65396540744763,-1.2992236382168958,True,6.4179354,1656.6381929850565,1.3508160531473579,True,5.2888227,555.5269408609877,-1.7041078123531812,True,16.583668,909.2305484100065,-1.7047247382522297,True
A_env_full,2010-07-20,Environmental Drift,Probable Sensor Fault: Oil Flow Meter,Sensor Drift,6.522913,False,1.6094954,96.18939024957078,1.151770820093866,True,2.123652,84.63730933904381,-1.2476930657987744,True,6.517398,1687.885098669522,1.1818219021543712,True,5.241524,566.6550153741991,-1.296980843253592,True,17.1225,915.9621563516154,-0.2999542580494387,True
A_env_full,2010-07-21,Environmental Drift,Probable Sensor Fault: Oil Flow Meter,Sensor Drift,6.2915277,False,1.6998827,98.768032212701,1.2376683977581728,True,1.412432,83.54911933600889,-1.4395931200690757,True,6.8623457,1720.8762771473764,1.36646904992712,True,4.8353453,576.8320191575261,-1.4816113220134963,True,16.64763,922.4714627363861,-1.1114431945296002,True
A_env_full,2010-07-22,Environmental Drift,Probable Sensor Fault: Oil Flow Meter,Sensor Drift,6.224836,False,1.7767798,101.50453578676027,1.3148220629316831,True,1.3502557,82.45467569832383,-1.1803156350515946,True,7.1760645,1755.4538148846466,1.4736871793418802,True,4.6788306,586.6425428540933,-1.3030045766800502,True,16.142252,928.7441848625131,-1.6313739800839455,True
A_env_full,2010-07-23,Environmental Drift,Probable Sensor Fault: Oil Flow Meter,Sensor Drift,6.0864296,False,1.7466869,104.179261893211,0.9508618009005972,True,1.2085707,81.34598149709801,-1.0803179283735982,True,7.01585,1789.2212078724228,0.9514785686060848,True,4.5628295,596.1814491312317,-1.1903285615329606,True,15.8982115,934.9026636784815,-1.5197947399532137,True
A_env_full,2010-07-24,Environmental Drift,Probable Sensor Fault: Oil Flow Meter,Sensor Drift,6.072006,False,1.777187,106.91660144547217,0.982269290198579,True,1.1216996,80.2285498661955,-0.9789978604348696,True,6.9706016,1822.759795983583,0.6406288275853023,True,4.6680856,605.9668132248466,-0.799596675859809,True,15.822456,941.025679053029,-1.2403394758514394,True
A_env_full,2010-07-25,Environmental Drift,Probable Sensor Fault: Oil Flow Meter,Sensor Drift,6.0891633,False,1.8024032,109.7057072837602,1.0089692800110273,True,1.1037172,79.10930958370496,-0.8215661675511317,True,6.911374,1855.9988928264768,0.26539885781956324,True,4.759542,615.966323121561,-0.35609384762994967,True,15.868784,947.1703818834504,-0.8646236622545935,True
A_env_full,2010-07-26,Environmental Drift,Probable Sensor Fault: Oil Flow Meter,Sensor Drift,6.0269,False,1.8508644,112.59429893311062,1.266850763981959,True,1.1278361,77.99249516068724,-0.6136489598627061,True,6.7641997,1888.4937836820698,-0.5959454291262202,True,4.805045,626.0723789236152,0.0550523624258213,True,15.586557,953.182965257708,-1.050310020248309,True
A_env_full,2010-07-27,Environmental Drift,Probable Sensor Fault: Oil Flow Meter,Sensor Drift,5.968083,False,1.7645931,115.30578458691195,-0.2028388680666916,True,1.2767247,76.89065583135115,0.3950604778752578,True,6.5465255,1919.8879767943547,-1.7325631467270632,True,4.63008,635.7687532313907,-0.7699591087628643,True,15.622492,959.2123707188636,-0.8794299407300762,True
A_env_full,2010-07-28,Environmental Drift,Probable Sensor Fault: Oil Flow Meter,Sensor Drift,5.985914,False,1.8092623,118.10897137185701,0.5696256459370603,True,1.4226342,75.80349196624975,1.551262489595599,True,6.527462,1951.1857730158024,-1.3029544599226937,True,4.4589047,645.0643190086162,-1.654088402864775,True,15.711309,965.2833545928903,-0.5059802047647748,True
A_env_full,2010-07-29,Environmental Drift,Probable Sensor Fault: Oil Flow Meter,Sensor Drift,6.0397325,False,1.8410132,120.97733949467117,1.0903624964236427,True,1.6118152,74.73535577002737,1.8237820346375822,True,6.4172516,1981.9262761437392,-1.328305708525908,True,4.634171,654.7702719191133,-0.09770573987544093,True,15.69441,971.3464274430362,-0.40367393056620654,True
A_env_full,2010-07-30,Environmental Drift,Probable Sensor Fault: Oil Flow Meter,Sensor Drift,6.0198727,False,1.8210421,123.80470895584517,0.367180154178467,True,1.666493,73.67271902710887,1.4020975273491758,True,6.5023065,2013.0968701346126,-0.7368605930440547,True,4.4969234,664.1548587446651,-1.1025782972593239,True,15.6126,977.3712023658344,-0.8331302116926209,True
A_env_full,2010-07-31,Environmental Drift,Probable Sensor Fault: Oil Flow Meter,Sensor Drift,6.023538,False,1.901407,126.79705930250067,1.7206624963507096,True,1.824989,72.62602367384596,1.404563512716866,True,6.422667,2043.8647571263089,-0.8762712876158774,True,4.4221654,673.3643990897317,-1.2068179793641738,True,15.546461,983.3650153626625,-1.0867344581318472,True
A_env_full,2010-08-01,Environmental Drift,Probable Sensor Fault: Oil Flow Meter,Sensor Drift,6.0402923,False,1.871555,129.72812652462954,0.7762484493480757,True,2.08752,71.60573346834278,1.5637574006400712,True,6.2405386,2073.7116883949448,-1.559294614407755,True,4.4352484,682.6045733225325,-0.8477558779868557,True,15.5666,989.3682559605794,-0.8576632228109173,True
A_env_full,2010-08-02,Environmental Drift,Probable Sensor Fault: Oil Flow Meter,Sensor Drift,6.078523,False,1.8629827,132.64159586721516,0.5338076415945,True,2.3205352,70.60887975301954,1.5758191366782877,True,6.2233496,2103.47170115334,-1.423812993411013,True,4.472197,691.931263138628,-0.3931200750003313,True,15.513552,995.3466629973577,-1.300014562988773,True
A_env_full,2010-08-03,Environmental Drift,Probable Sensor Fault: Oil Flow Meter,Sensor Drift,6.0350633,False,1.91386,135.6595108482103,1.3706051936354844,True,2.4002926,69.6200479776724,1.3293770402067966,True,6.179908,2133.012045026999,-1.2622880033024293,True,4.3779287,701.0372230485526,-1.1441259060648328,True,15.303329,1001.2266581471063,-1.9092320881543745,True
A_env_full,2010-08-04,Environmental Drift,Probable Sensor Fault: Oil Flow Meter,Sensor Drift,6.040874,False,1.9370973,138.72512969188585,1.4227703852007443,True,2.4764552,68.63887657264941,1.1762506888969881,True,6.26985,2163.0071920308906,-0.42564211410976033,True,4.213214,709.7575021220961,-1.7475834767332572,True,15.307753,1007.108723913602,-1.3361314640532567,True
A_env_full,2010-08-05,Environmental Drift,Probable Sensor Fault: Oil Flow Meter,Sensor Drift,6.038997,False,2.0606833,142.04445764141482,1.9718064994194315,True,2.5876899,67.66889306020231,1.1347254225009173,True,6.2927575,2193.118174924442,-0.10114358245310656,True,3.935012,717.8263697777883,-2.00816807594314,True,15.318845,1012.9959822940232,-0.9787746095367903,True
A_env_full,2010-08-06,Environmental Drift,Probable Sensor Fault: Oil Flow Meter,Sensor Drift,6.2395306,False,2.080479,145.40442401841733,1.5134102100336373,True,2.7866757,66.71892337999486,1.3531823643118945,True,6.467149,2224.1109896022176,1.5777354298709836,True,4.16392,726.431226632711,-0.6402221755937687,True,15.69943,1019.0614052361391,1.4993949901694672,True
A_env_full,2010-08-07,Environmental Drift,Probable Sensor Fault: Oil Flow Meter,Sensor Drift,6.1254683,False,2.229033,149.06935651603604,1.7463572532178608,True,2.870671,65.77740188333452,1.3530741608060615,True,6.345661,2254.48948658686,0.6036016332333993,True,4.0973315,734.8801662996566,-0.7380661672265997,True,15.084642,1024.8390258437807,-1.528071260966076,True
A_env_full,2010-08-08,Environmental Drift,Probable Sensor Fault: Oil Flow Meter,Sensor Drift,6.260725,False,2.1686857,152.6104022322896,0.9699132471880971,True,3.2703202,64.87607677406577,1.80949606267194,True,6.4228654,2285.2583766328244,1.0418431951157017,True,4.022379,743.1536039470202,-0.8442725501004962,True,15.419378,1030.7733472267107,0.21371744999480807,True
A_env_full,2010-08-09,Environmental Drift,Probable Sensor Fault: Oil Flow Meter,Sensor Drift,6.3354063,False,2.134787,156.0818576577217,0.5140879935450591,True,3.6119447,64.00911198036837,1.7066470669595173,True,6.3118505,2315.465905910878,-0.1590852826216302,True,4.0018644,751.379006783067,-0.7598654379055716,True,15.616583,1036.7999865081842,1.0737881725965988,True
A_env_full,2010-08-10,Environmental Drift,Probable Sensor Fault: Oil Flow Meter,Sensor Drift,6.429267,False,2.0994937,159.480859518046,-0.021381822718822923,True,3.8778121,63.16888792180929,1.5237790731021523,True,6.352489,2345.878928698565,0.009668248143540194,True,4.037305,759.6873936578919,-0.309740111962911,True,15.779233,1042.9027676087273,1.283202540847051,True
A_env_full,2010-08-11,Environmental Drift,Probable Sensor Fault: Oil Flow Meter,Sensor Drift,6.4701953,False,2.1258256,162.93391803910194,-0.04560909689030775,True,3.9255834,62.33346865343812,1.194795381567097,True,6.4605265,2376.8382567953868,1.1503994121742243,True,3.93182,767.7487867878913,-1.1390522397844367,True,15.907221,1049.0654640004634,1.2573717913970752,True
A_env_full,2010-08-12,Environmental Drift,Probable Sensor Fault: Oil Flow Meter,Sensor Drift,6.593681,False,2.1750665,166.48806286812905,0.6013540773389224,True,4.111598,61.516758588250056,1.1723343559812833,True,6.586362,2408.4338877988453,1.754237919262887,True,4.0275283,776.0342817065907,-0.17423604229000889,True,16.067852,1055.3033570849964,1.2749945926378137,True
A_env_full,2010-08-13,Environmental Drift,Probable Sensor Fault: Oil Flow Meter,Sensor Drift,6.672887,False,2.1726012,170.037146798674,0.34810429220455125,True,4.470824,60.73617915827493,1.3767353923868948,True,6.658908,2440.3963569666403,1.610367820466103,True,3.9468758,784.1309283150412,-1.1095389941492655,True,16.115225,1061.5634269302664,1.0882525146319952,True
A_env_full,2010-08-14,Environmental Drift,Probable Sensor Fault: Oil Flow Meter,Sensor Drift,6.7455378,False,2.1076293,173.45285011343807,-1.039556066732416,True,4.632064,59.97181712715383,1.3698567262225485,True,6.783422,2472.988447638723,1.5871587043583038,True,4.0463862,792.4605792636313,0.9819257636923381,True,16.158184,1067.8436073839866,1.0553718313325111,True
A_env_full,2010-08-15,Environmental Drift,Probable Sensor Fault: Oil Flow Meter,Sensor Drift,6.8428626,False,2.0351546,176.71977035455518,-1.8000670808530816,True,4.7142916,59.215725492247316,1.2444477798459128,True,6.762927,2505.4769030331577,1.0719014651848227,True,4.1307287,800.9877186923226,1.6966764942307728,True,16.57121,1074.3171391544445,1.7581471084508107,True
A_env_full,2010-08-29,Environmental Drift,Probable Sensor Fault: Oil Flow Meter,Sensor Drift,6.924573,False,2.8593507,181.67867964103812,2.2356285768374584,True,4.4810286,58.43617245199516,0.4840536691598155,True,5.943377,2533.8211987283266,-1.9233470317130539,True,3.7205968,808.5545314619346,-1.956290135583485,True,17.61851,1081.2809454687713,2.082807259987131,True
A_env_full,2010-08-30,Environmental Drift,Probable Sensor Fault: Oil Flow Meter,Sensor Drift,6.8981915,False,2.9027338,186.72664997293822,1.5096199860667063,True,4.160693,57.62440033764479,-0.6676340860241136,True,5.609727,2560.478349910819,-1.7562481069448943,True,3.7838032,816.2693425199082,-1.0769859953385483,True,18.034002,1088.4392576093026,1.652346289625316,True
A_env_full,2010-08-31,Environmental Drift,Probable Sensor Fault: Oil Flow Meter,Sensor Drift,6.4259214,False,2.9619527,191.89619052599878,1.1872306097192353,True,3.5281422,56.74900676017801,-1.8953809119253529,True,5.3234777,2585.688045560536,-1.51444437109735,True,3.6775901,823.7354549109957,-1.2831054756600089,True,16.638441,1094.9442620400037,-0.13421510311426602,True
A_env_full,2010-09-01,Environmental Drift,Probable Sensor Fault: Oil Flow Meter,Sensor Drift,5.9918613,False,2.9063156,196.9515138441559,0.7935283864771997,True,3.1016483,55.83071677310437,-1.7213723743086475,True,5.2073717,2610.310636186521,-1.208005852005167,True,3.6399193,831.1133607531956,-1.089738941744838,True,15.104054,1100.7309700568494,-1.5320565108384803,True
A_env_full,2010-09-02,Environmental Drift,Probable Sensor Fault: Oil Flow Meter,Sensor Drift,5.619962,False,2.8922246,201.9779097713949,0.5530452052198775,True,2.6654527,54.868554584390616,-1.5274790677931442,True,5.693221,2637.3899864131527,-0.3277826074631946,True,3.4061608,837.9439196229764,-1.4800007815712561,True,13.442752,1105.7399681739992,-1.7885751810832697,True
A_env_full,2010-09-03,Environmental Drift,Probable Sensor Fault: Oil Flow Meter,Sensor Drift,5.4261103,False,3.051586,207.33145803465612,0.7283217087269418,True,2.206957,53.860277277585205,-1.4191625958198284,True,6.11005,2666.5770864012356,0.5742068116820354,True,3.1911922,844.2711278882415,-1.5513266365601204,True,12.570766,1110.3407614769078,-1.5084333967784134,True
A_env_full,2010-09-04,Environmental Drift,Probable Sensor Fault: Oil Flow Meter,Sensor Drift,5.3125944,False,3.1502535,212.88756068376452,1.815274667436875,True,1.6702728,52.798020700768134,-1.417478990452387,True,6.4388666,2697.426888687772,1.5554250409500683,True,2.8790462,849.8674443284591,-1.7796330559684306,True,12.424535,1114.8730989758221,-1.1383324533131902,True
A_env_full,2010-09-05,Environmental Drift,Probable Sensor Fault: Oil Flow Meter,Sensor Drift,5.2716637,False,3.282518,218.71518836761908,1.7543524953038272,True,1.1173315,51.68014973324316,-1.430408567366352,True,6.4574485,2728.37065256512,1.2243679926789794,True,2.801106,855.2812632093637,-1.3681528774196259,True,12.699915,1119.534350894758,-0.7706308288100848,True
A_env_full,2010-09-06,Environmental Drift,Probable Sensor Fault: Oil Flow Meter,Sensor Drift,5.268114,False,3.3331566,224.6467719965629,1.4075711739650227,True,0.6851457,50.518809864834076,-1.395435593620191,True,6.7076597,2760.57964160883,1.2127688573545068,True,2.7212448,860.5080866406344,-1.170317291860806,True,12.893364,1124.2861626077204,-0.49510284236481816,True
A_env_full,2010-09-07,Environmental Drift,Probable Sensor Fault: Oil Flow Meter,Sensor Drift,5.261067,False,3.3427186,230.5979854508961,1.0682674313232146,True,0.3921868,49.328004428817984,-1.2744955544834666,True,7.011635,2794.325719693407,1.2634591495069576,True,2.5363946,865.3020820555349,-1.2257168599449095,True,13.0224,1129.0983802560768,-0.1558861279566885,True
A_env_full,2010-09-08,Environmental Drift,Probable Sensor Fault: Oil Flow Meter,Sensor Drift,5.2506075,False,2.8875566,235.61479846407488,-1.2560186851278847,True,0.3262485,48.13056697256144,-1.0601808316285797,True,6.905772,2827.5364898979765,0.9350778863952706,True,2.7804403,870.6675121891088,-0.4099074625820267,True,13.353017,1134.0653704792621,1.1381149623050932,True
A_env_full,2010-09-09,Environmental Drift,Probable Sensor Fault: Oil Flow Meter,Sensor Drift,5.655495,False,2.4292274,239.69070920095064,-1.957163145091885,True,0.33340663,46.93384947526824,-0.850176159134789,True,6.8875246,2860.6549887546244,0.7472942100948675,True,3.1544135,876.90860290953,1.228256585608038,True,15.472902,1140.024748199906,2.1683131975131924,True
A_env_full,2010-09-10,Environmental Drift,Probable Sensor Fault: Oil Flow Meter,Sensor Drift,6.1286635,False,2.0313318,242.9497816232802,-1.7444863780262359,True,0.30504352,45.73427923946261,-0.7362342392014629,True,6.9949203,2894.3165474611646,0.9199060458009699,True,3.5387192,884.0495480322052,1.87842253057607,True,17.773304,1147.061018957247,1.9467812554287063,True
A_env_full,2010-09-11,Environmental Drift,Probable Sensor Fault: Oil Flow Meter,Sensor Drift,6.6273003,False,1.6641315,245.45503003527406,-1.5362880135592354,True,0.21880071,44.5260347716338,-0.8342566355740123,True,6.9749374,2927.8770605061245,0.6298092395969501,True,4.0435667,892.3725970134457,1.7870804533195674,True,20.235064,1155.2497196359661,1.7624781717785034,True
A_env_full,2010-09-12,Environmental Drift,Probable Sensor Fault: Oil Flow Meter,Sensor Drift,7.2340627,False,1.4992013,247.6216938156657,-1.2580864753959369,True,0.15989925,43.31186604272948,-1.103902811063274,True,7.1609626,2962.3782335036635,1.527126844527435,True,4.6264124,902.0603830694279,1.6648448623759078,True,22.723835,1164.603495373784,1.6046733371277047,True
A_env_full,2010-09-13,Environmental Drift,Probable Sensor Fault: Oil Flow Meter,Sensor Drift,7.502369,False,1.431164,249.6486841396783,-1.0260155405924454,True,0.1265473,42.09434280240009,-1.4118421166420563,True,7.2588625,2997.3744499503814,1.707838248804163,True,5.0471063,912.7332266447623,1.4582284418413993,True,23.64816,1174.3899782240178,1.2996587292984534,True
A_env_full,2010-09-14,Environmental Drift,Probable Sensor Fault: Oil Flow Meter,Sensor Drift,7.680582,False,1.3627442,251.53521568703962,-0.9325052341505373,True,0.09009026,40.87315274180133,-1.3216947338177183,True,7.360705,3032.8856455498585,1.5388179974496201,True,5.4795923,924.4187392145982,1.3802969657268795,True,24.10978,1184.3925597097689,1.0675925206228527,True
A_env_full,2010-09-15,Environmental Drift,Probable Sensor Fault: Oil Flow Meter,Sensor Drift,7.879591,False,1.2532966,253.19706267501195,-0.9844047332100795,True,0.0669273,39.64963296933019,-1.14605941419625,True,7.4282885,3068.73858607865,1.3325067136978346,True,6.0590577,937.461073867371,1.4232323185155769,True,24.590382,1194.6201267859683,0.9608070308413597,True
A_env_full,2010-09-16,Environmental Drift,Probable Sensor Fault: Oil Flow Meter,Sensor Drift,8.010392,False,1.1388848,254.62403404965463,-1.166466862910115,True,0.05645579,38.4250599810683,-0.9981210989767473,True,7.4498315,3104.700461676631,1.107855467021056,True,6.5476904,951.6475452047325,1.395414248164176,True,24.859098,1204.9734889636873,0.8748316046113506,True
A_env_full,2010-09-17,Environmental Drift,Probable Sensor Fault: Oil Flow Meter,Sensor Drift,8.212658,False,1.01141,255.78931292239525,-1.4692568914585922,True,0.054691188,37.20030951046886,-0.9055833736126379,True,7.4248276,3140.5359018018685,0.7454912833871413,True,7.2570357,967.4949533997242,1.495707088588084,True,25.315321,1215.5404237852126,0.9711712148154931,True
A_env_full,2010-09-18,Environmental Drift,Probable Sensor Fault: Oil Flow Meter,Sensor Drift,8.219384,False,1.1154697,257.1682155504292,-0.7966056803734104,True,0.09334086,35.97944639247753,0.019943237860566593,True,7.629302,3177.405293160192,1.6177787320383916,True,7.6785645,984.3293741360247,1.3942393617463424,True,24.58024,1225.7632433541914,0.37109639479011913,True
A_env_full,2010-09-19,Environmental Drift,Probable Sensor Fault: Oil Flow Meter,Sensor Drift,8.415011,False,1.021411,258.35402532342437,-1.0346464088470537,True,0.116457984,34.76090837621361,1.0577605080382015,True,7.7105494,3214.685522044116,1.579078882612224,True,8.323515,1002.67395052199,1.423060356149883,True,24.90312,1236.1372134812525,0.6019677270625509,True
A_env_full,2010-09-20,Environmental Drift,Probable Sensor Fault: Oil Flow Meter,Sensor Drift,8.442279,False,1.0254431,259.54811265107435,-0.8051777545812092,True,0.20377259,33.551152392329165,2.0487534182980296,True,7.6928034,3251.876016150047,1.1395225564031513,True,8.823827,1022.1900104530707,1.3672052091075932,True,24.465551,1246.306343449107,-0.5856316347292381,True
A_env_full,2010-09-24,Environmental Drift,Probable Sensor Fault: Oil Flow Meter,Sensor Drift,7.954871,False,1.3188425,261.3445186023223,1.5904486424478963,True,0.22111352,32.34314054498086,1.5109330374431527,True,6.588411,3283.4820080289633,-2.1470693670085677,True,8.761289,1041.5596368949173,1.044454077527847,True,22.8847,1255.7354257054483,-2.1094166396722143,True
A_env_full,2010-09-25,Environmental Drift,Probable Sensor Fault: Oil Flow Meter,Sensor Drift,7.4728312,False,1.2083042,262.91400076685477,0.7739511847459252,True,0.2751937,31.140568037703712,1.4823839129375438,True,6.255504,3313.4046144375206,-1.701984819722363,True,8.821455,1061.0701432684812,0.8847291915814368,True,20.803703,1264.1903251946237,-1.985255732672638,True
A_env_full,2010-09-26,Environmental Drift,Probable Sensor Fault: Oil Flow Meter,Sensor Drift,7.0621185,False,1.2137657,264.4946949750991,0.6949131777068802,True,0.28744912,29.93922817168001,1.1883101259206004,True,6.046583,3342.270785283543,-1.3786093003506235,True,8.691034,1080.2752687366271,0.5629848402321244,True,19.07176,1271.8344456328105,-1.7181030091041491,True
A_env_full,2010-09-27,Environmental Drift,Probable Sensor Fault: Oil Flow Meter,Sensor Drift,6.6847863,False,1.1062794,265.8547308281048,-0.3490116457952908,True,0.2796994,28.73710884345015,0.8675352377358596,True,5.9288073,3370.54140712495,-1.114879515514382,True,8.632291,1099.342845960959,0.23946114514747527,True,17.476852,1278.731937744811,-1.5394460446534999,True
A_env_full,2010-09-28,Environmental Drift,Probable Sensor Fault: Oil Flow Meter,Sensor Drift,6.243601,False,1.0211475,267.03999976040143,-0.926566416988331,True,0.29242212,27.5362691571713,0.8249718272232984,True,5.8485494,3398.4061946561565,-0.9132956297494083,True,8.354815,1117.7607105486545,-1.3085798577474597,True,15.70107,1284.7981281276745,-1.4338418568613363,True
A_env_full,2010-09-29,Environmental Drift,Probable Sensor Fault: Oil Flow Meter,Sensor Drift,5.8736916,False,0.90755415,267.99207335639835,-1.4634754622647141,True,0.3259078,26.338797433569443,1.331046930358718,True,5.9194856,3426.629680180523,-0.6206041946733344,True,8.257338,1135.9503321846362,-1.5990196377815045,True,13.958173,1290.0484115803004,-1.378472662402436,True
A_env_full,2010-10-01,Environmental Drift,Probable Sensor Fault: Oil Flow Meter,Sensor Drift,5.2517614,False,1.0526992,269.2421146922622,-0.47285005990417894,True,0.3911114,25.14788383599909,1.820492697206616,True,5.4607725,3452.5336244103705,-1.5564769907405127,True,7.752057,1152.956836164259,-1.8917123066084596,True,11.602169,1294.1957728525877,-1.463264572698427,True
A_env_full,2010-10-02,Environmental Drift,Probable Sensor Fault: Oil Flow Meter,Sensor Drift,5.0245857,False,0.79533035,269.96380446705666,-1.6208833122153894,True,0.40254536,23.958120256772258,1.497920444740573,True,5.5480757,3478.879028255257,-1.1247662843413784,True,7.704432,1169.8518257361393,-1.3718713282190365,True,10.6725445,1297.9079465582445,-1.3076513788910304,True
A_env_full,2010-10-03,Environmental Drift,Probable Sensor Fault: Oil Flow Meter,Sensor Drift,4.5952983,False,0.72072524,270.53233770027504,-1.4463349902440954,True,0.45500723,22.77363324922509,1.5649482684436524,True,5.652297,3505.7514406705563,-0.5458586138811761,True,7.464883,1186.18590934837,-1.3613316380263003,True,8.683577,1300.6890195398794,-1.375245658265532,True
A_env_full,2010-10-04,Environmental Drift,Probable Sensor Fault: Oil Flow Meter,Sensor Drift,4.1777954,False,0.7779974,271.21844468450576,-0.8826439365960302,True,0.45715585,21.58936234896691,1.1588223607378867,True,5.634305,3532.53287413478,-0.42336777381981067,True,7.1762366,1201.844125904014,-1.39422403006035,True,6.8432817,1302.608590503357,-1.390089540946865,True
A_env_full,2010-10-05,Environmental Drift,Probable Sensor Fault: Oil Flow Meter,Sensor Drift,4.374619,False,0.97490996,272.3087927704323,0.6311176297005193,True,0.4714772,20.406531879206803,1.0453034064701567,True,5.872148,3560.516991367268,0.9473053118911644,True,7.278247,1217.741200142235,-0.9521258166110083,True,7.2763124,1304.7308772125457,-1.0168332074818376,True
A_env_full,2010-10-06,Environmental Drift,Probable Sensor Fault: Oil Flow Meter,Sensor Drift,4.537055,False,0.9436448,273.33495677000406,0.5145831103613993,True,0.49304977,19.2258711600802,1.1223475277866795,True,6.3053846,3590.6918249340792,1.8598230762145007,True,7.2157197,1233.4918665711218,-0.8638886011099356,True,7.7274766,1307.064368615729,-0.6885328185619072,True
A_env_full,2010-10-07,Environmental Drift,Probable Sensor Fault: Oil Flow Meter,Sensor Drift,4.730567,False,1.03853,274.5559101758103,1.0284479790611694,True,0.4980958,18.045717967554936,1.0932426582404369,True,6.604959,3622.38149468637,1.7175864805901304,True,7.200381,1249.2066168684844,-0.8107862149177327,True,8.310868,1309.670964679984,-0.2367893196404352,True
A_env_full,2010-10-08,Environmental Drift,Probable Sensor Fault: Oil Flow Meter,Sensor Drift,4.725974,False,1.2268406,276.16344574505683,1.7074017781406092,True,0.5325616,16.869031316274313,1.4541197470223122,True,6.885501,3655.4897604605317,1.5366055991485115,True,7.13581,1264.770173962963,-0.8578486477534779,True,7.8491564,1312.0614183570094,-0.27610795311111996,True
A_env_full,2010-10-09,Environmental Drift,Probable Sensor Fault: Oil Flow Meter,Sensor Drift,4.812563,False,1.2155411,277.74778463227096,1.1777252303835413,True,0.5976722,15.698893438845577,1.9186203377620972,True,7.2617774,3690.500716500378,1.4929729254476116,True,7.1111784,1280.2760562349467,-0.9689446079986092,True,7.8766465,1314.4647410644454,0.13294548296992392,True
A_env_full,2010-10-10,Environmental Drift,Probable Sensor Fault: Oil Flow Meter,Sensor Drift,4.818185,False,1.2075223,279.315661650133,0.8946722065608335,True,0.61156166,14.530152549242091,1.4606033860913081,True,7.384332,3726.1313864724257,1.2285498373873212,True,6.9805145,1295.4759881776417,-1.8572881923629916,True,7.906993,1316.882269908191,0.4638243551307003,True
A_env_full,2010-10-11,Environmental Drift,Probable Sensor Fault: Oil Flow Meter,Sensor Drift,6.642352,False,1.063872,280.58863952610045,-0.2669087027463042,True,8.9638195,14.201474994542473,2.267471413647135,True,6.642339,3758.0100740857565,-0.12453005506520486,True,7.338571,1311.5143119148372,1.347934060765967,True,9.203162,1319.9065778551715,1.957836935739524,True
B_env_single,2010-04-13,No Drift,No Drift,No Drift,15.752085,True,0.07370658,0.0,0.0,False,46.24691,0.0,0.0,False,1.239558,0.0,0.0,False,2.9681756,0.0,0.0,False,28.232077,0.0,0.0,False
B_env_single,2010-04-14,No Drift,No Drift,No Drift,15.622662,True,0.06341153,0.0,0.0,False,45.720314,3.3682609175473623,0.0,False,1.2895734,4.8117419844296005,0.0,False,2.9482582,5.758376706895435,0.0,False,28.091751,11.866672293448561,0.0,False
B_env_single,2010-04-15,No Drift,No Drift,No Drift,15.443984,True,0.05807834,0.0,-0.8795146023814749,False,45.16346,6.68051388548459,-1.0091780271264867,False,1.3274939,9.815233706067348,0.9511580173958741,False,2.938839,11.49469828745209,-0.8624986851001087,False,27.732052,23.56495763998884,-1.1111502665146382,False
B_env_single,2010-04-16,No Drift,No Drift,No Drift,15.260845,True,0.05258401,0.0,-1.0399842831707822,False,44.607433,9.93684216219022,-1.170001655557217,False,1.350708,14.936110505748136,1.0063732758475428,True,2.9677296,17.298667423865375,0.8201335632143857,True,27.325766,35.07304715042315,-1.2817735118951883,True
B_env_single,2010-04-17,No Drift,No Drift,No Drift,14.923632,True,0.060738105,0.0,-0.12357515077006369,False,43.767365,13.108676997130123,-1.3825040812227865,True,1.4646,20.632896579807976,1.548893845058925,True,2.9324057,23.01992551000334,-1.1386874057032903,True,26.39304,46.144497251695334,-1.573662220114351,True
B_env_single,2010-04-18,No Drift,Environmental Drift,Environmental Drift,14.650581,False,0.056229375,0.0,-0.6217198699937954,False,43.106346,16.214027139214053,-1.4010345144845158,True,1.4472089,26.241742402650953,1.0662261580911125,True,2.9518533,28.786720199789464,0.043825386550518,True,25.69126,56.88742110334825,-1.5415470407870697,True
B_env_single,2010-04-19,No Drift,Environmental Drift,Environmental Drift,14.311695,False,0.049095523,0.0,-1.2491366632185925,False,42.275757,19.235837282254217,-1.488429654148805,True,1.4530226,31.87998603415128,0.9625383711459641,True,2.9767618,34.61183840867645,1.3262943195594692,True,24.803843,67.21491619733919,-1.60593686030509,True
B_env_single,2010-04-20,No Drift,Environmental Drift,Environmental Drift,13.967119,False,0.040854383,0.0,-1.7691220154899872,False,41.48874,22.178489809659165,-1.452842227827137,True,1.420752,37.355049493973105,0.3928888729492691,True,3.0218296,40.54248314252272,1.9530057512176666,True,23.863424,77.10217084838564,-1.5300974775975686,True
B_env_single,2010-04-21,No Drift,Environmental Drift,Environmental Drift,13.681594,False,0.0343679,0.0,-1.6552775337146064,False,40.871166,25.05902736620429,-1.3629427434630492,True,1.4521602,42.988932491713726,0.647550952054076,True,3.0690408,46.58367314701349,1.810103056775402,True,22.981236,86.57644415897752,-1.4523980022524128,True
B_env_single,2010-04-22,No Drift,Environmental Drift,Environmental Drift,13.414892,False,0.035037268,0.0,-1.148118389853866,False,40.305107,27.882631155317114,-1.2997791802740652,True,1.4737241,48.73185604812558,0.8707665098383278,True,3.1125035,52.72663147891596,1.6324051399367858,True,22.148094,95.6606968491033,-1.3905434373046974,True
B_env_single,2010-04-23,No Drift,Environmental Drift,Environmental Drift,13.146987,False,0.03695335,0.0,-0.7303735436544405,False,39.698997,30.645272929457235,-1.309701993340604,True,1.5161517,54.68931989208939,1.876114077147722,True,3.1488705,58.95474324289273,1.4324878066105529,True,21.333965,104.36382926707506,-1.3736674432315539,True
B_env_single,2010-04-24,No Drift,Environmental Drift,Environmental Drift,12.787476,False,0.04037472,0.0,-0.18260219724597032,False,38.71593,33.30903866469863,-1.4622563201330745,True,1.6992165,61.5724744298329,2.1568441005116057,True,3.0780835,65.01710688323986,0.37528442212777025,True,20.403765,112.63150446500642,-1.3892770435689294,True
B_env_single,2010-04-25,No Drift,Environmental Drift,Environmental Drift,12.36833,False,0.06201447,0.0,1.96078430644625,False,37.514687,35.85198421494879,-1.5953192582812916,True,1.9791343,69.87106934696318,2.0172290082086834,True,2.946281,70.77085395076183,-1.4325055501457225,True,19.33954,120.40098159469862,-1.4454325521931126,True
B_env_single,2010-04-26,No Drift,Environmental Drift,Environmental Drift,11.592672,False,0.1773645,0.0,2.2302851364824856,False,35.13497,38.15557995982416,-1.8043245271473975,True,2.576013,81.18785817388887,2.0075414996690175,True,2.699106,75.94583915421356,-2.0496943729614627,True,17.375906,127.25121739305368,-1.6555249843310784,True
B_env_single,2010-04-27,No Drift,Environmental Drift,Environmental Drift,11.697471,False,0.1851918,0.0,1.5060925106878533,False,35.287693,40.47453630002096,-1.2607127481843334,True,2.52946,92.26924511343456,1.3116947318979597,True,2.8964064,81.58280464318786,-0.6113223963479307,True,17.5886,134.2010222665818,-1.185571711059433,True
B_env_single,2010-04-28,No Drift,Environmental Drift,Environmental Drift,11.135442,False,0.2750567,0.0,1.656954717123832,False,33.75212,42.639046045955595,-1.3689161556339822,True,3.0222745,105.84261187885613,1.511255431964682,True,2.6320572,86.60079466111878,-1.4719311349911783,True,15.995699,140.40513813639785,-1.3985193861698442,True
B_env_single,2010-04-29,No Drift,Environmental Drift,Environmental Drift,10.724744,False,0.33010134,0.0,1.4696381325426935,False,32.77996,44.70577669172072,-1.2973655635271781,True,3.2961373,120.80080115380589,1.3789760322643623,True,2.4911466,91.28884150748523,-1.4487058789731078,True,14.726374,146.01504146619564,-1.4231951615035832,True
B_env_single,2010-04-30,No Drift,Environmental Drift,Environmental Drift,10.844378,False,0.33644637,0.0,1.1291038207074555,False,33.206764,46.815434897044824,-0.8960304300520044,True,3.3311176,135.9358727798635,1.1051066080424823,True,2.4329114,95.8405303175795,-1.267525503690186,True,14.914647,151.71308172734487,-1.0577398170695407,True
B_env_single,2010-05-01,No Drift,Environmental Drift,Environmental Drift,10.90438,False,0.35944137,0.0,1.036456752992502,False,33.453415,48.949901029739806,-0.6014338732727075,True,3.4174285,151.50738633843082,1.0081914379283317,True,2.2373326,99.93427002820158,-1.50349318295283,True,15.054283,157.47649017165554,-0.7934267656595667,True
B_env_single,2010-05-02,No Drift,Probable Sensor Fault: Oil Flow Meter,Sensor Drift,11.011258,False,0.34840494,0.0,0.7888646485358705,False,33.807106,51.11994112714099,-0.11614746249132986,True,3.4638543,167.3136579971435,0.9470172301174912,True,2.0405316,103.5671990052711,-1.5595705370941682,True,15.396393,163.40005131205848,-0.3969204732878727,True
B_env_single,2010-05-03,No Drift,Probable Sensor Fault: Oil Flow Meter,Sensor Drift,11.143763,False,0.32355738,0.0,0.2518180729697572,False,34.181652,53.32765276323669,0.498481974629404,True,3.5003726,183.3045892943248,0.8058620981409046,True,1.8453882,106.74319826324898,-1.46279785773713,True,15.8678465,169.5443152860197,0.2236609810079799,True
B_env_single,2010-05-05,No Drift,Probable Sensor Fault: Oil Flow Meter,Sensor Drift,11.454133,False,0.32664233,0.0,-0.07016735338168983,False,35.187572,55.63653906010125,1.8395949560370217,True,3.4584346,199.08345538858472,0.6248557764298348,True,1.8186165,109.85651148953902,-1.2276564640711527,True,16.479393,175.9748641243552,1.5347578624751999,True
B_env_single,2010-05-06,No Drift,Probable Sensor Fault: Oil Flow Meter,Sensor Drift,11.908462,False,0.31650692,0.0,-1.198504859524909,False,36.549706,58.082427594368106,1.8274274297051643,True,3.3028252,214.07546278285812,-1.1011492194339705,True,1.8727051,113.09647351684458,-0.821687649122424,True,17.500568,182.8834584565515,1.8022532461586596,True
B_env_single,2010-05-07,No Drift,Probable Sensor Fault: Oil Flow Meter,Sensor Drift,12.726843,False,0.25421184,0.0,-2.040403835117597,False,38.536327,60.728128947221,1.8261190732163868,True,3.0366683,227.72161367361593,-2.0223416129838103,True,2.015609,116.67104603755013,-0.09687719340295066,True,19.791395,190.8644635071735,1.940034313943799,True
B_env_single,2010-05-08,No Drift,Probable Sensor Fault: Oil Flow Meter,Sensor Drift,12.989773,False,0.25887752,0.0,-1.30720437608108,False,39.255222,63.44613617320255,1.463165769483489,True,3.0020242,241.1925821009079,-1.478706473503329,True,1.9996341,120.20821327165734,0.16453626762617535,True,20.43311,199.14587584984616,1.5045085801998217,True
B_env_single,2010-05-09,No Drift,Probable Sensor Fault: Oil Flow Meter,Sensor Drift,13.688363,False,0.21675062,0.0,-1.5514836284417843,False,40.894207,66.32899115189683,1.4659482834477495,True,2.7913156,253.59807542130983,-1.5451009312106763,True,2.1579814,124.11615164799811,1.5726258777275024,True,22.381557,208.33942031706817,1.5612950844354314,True
B_env_single,2010-05-10,No Drift,Probable Sensor Fault: Oil Flow Meter,Sensor Drift,14.313432,False,0.20468612,0.0,-1.3083617115128072,False,42.00898,69.32396907629807,1.346972770080731,True,2.6654797,265.3672634238869,-1.369242123796666,True,2.2695746,128.28538635697927,1.6150067671354087,True,24.41843,218.48649138594104,1.541812145646592,True
B_env_single,2010-05-11,No Drift,Probable Sensor Fault: Oil Flow Meter,Sensor Drift,14.506474,False,0.22549018,0.0,-0.670659819887532,False,42.313103,72.34953543835152,1.131354370675241,True,2.6308246,276.96121350567086,-1.1230729726867785,True,2.2714877,132.45910053374442,1.177962825566163,True,25.091469,228.94863371359102,1.285468339229873,True
B_env_single,2010-05-12,No Drift,Probable Sensor Fault: Oil Flow Meter,Sensor Drift,14.673754,False,0.23393194,0.0,-0.2798886372752255,False,42.595966,75.4035519940775,1.0089407388167115,True,2.5968242,288.3832362279843,-1.0078042767236821,True,2.2466853,136.57473961652883,0.8087019401428959,True,25.695358,239.6934763903365,1.1427549277302567,True
B_env_single,2010-05-13,No Drift,Probable Sensor Fault: Oil Flow Meter,Sensor Drift,14.842491,False,0.25897244,0.0,1.0482898816787336,False,42.862904,78.48441688296728,0.9659771200906893,True,2.593039,299.78611893880503,-0.8766309235498962,True,2.2314079,140.65460659853272,0.5196210065025912,True,26.266134,250.7055179166745,1.0915322227687474,True
B_env_single,2010-05-14,No Drift,Probable Sensor Fault: Oil Flow Meter,Sensor Drift,15.003156,False,0.27827245,0.0,1.4602998693278053,False,43.13209,81.59235647572748,0.9303576362159863,True,2.576826,311.10701884151746,-0.7587281696413627,True,2.1921542,144.64256075216014,-0.0355958199873835,True,26.836432,261.9845341766914,1.0453894885287547,True
B_env_single,2010-05-15,No Drift,Probable Sensor Fault: Oil Flow Meter,Sensor Drift,15.166318,False,0.30197024,0.0,1.5939884684029006,False,43.307964,84.71798521265403,1.0533629398918711,True,2.5341017,322.21187749205785,-1.1132399028845887,True,2.1829317,148.60892034287372,-0.8706317532928919,True,27.504633,273.5763573211556,1.2001521392530494,True
B_env_single,2010-05-16,No Drift,Probable Sensor Fault: Oil Flow Meter,Sensor Drift,15.310697,False,0.32303542,0.0,1.4513556916363564,False,43.53417,87.86636535663365,1.2955296985284335,True,2.4787085,333.0366332382034,-1.6840792994568379,True,2.174597,152.55576432606077,-1.2104579084606923,True,28.042965,285.4201912208315,1.3678975900216839,True
B_env_single,2010-05-17,No Drift,Probable Sensor Fault: Oil Flow Meter,Sensor Drift,15.466832,False,0.35850254,0.0,1.5667235555134396,False,43.780144,91.03948551677217,1.3564550258433128,True,2.4358554,343.6446967113779,-1.6157321672649294,True,2.1884303,156.53499903710116,-0.6475119659236281,True,28.571222,297.51131961972135,1.3555454981703636,True
B_env_single,2010-05-18,No Drift,Probable Sensor Fault: Oil Flow Meter,Sensor Drift,15.621922,False,0.39011353,0.0,1.5153559065735376,False,44.02999,94.23773512742082,1.4049396211717002,True,2.3849463,353.99533209347044,-1.5563716795813762,True,2.171325,160.47418147793184,-0.9226237697683898,True,29.13323,309.8655422432849,1.3634557401951228,True
B_env_single,2010-05-19,No Drift,Probable Sensor Fault: Oil Flow Meter,Sensor Drift,15.780093,False,0.44387674,0.00019200878939473753,1.6435049072684529,False,44.23287,97.45638994703612,1.3778985255380825,True,2.3689716,364.2651890559329,-1.256373687683205,True,2.158876,164.3842144409034,-1.1612442573702093,True,29.695866,322.4831528530184,1.3716721171346602,True
B_env_single,2010-05-20,No Drift,Probable Sensor Fault: Oil Flow Meter,Sensor Drift,15.934569,False,0.4744956,0.06324133115215091,1.4670414471418485,False,44.390213,100.69087038111932,1.30586173763943,True,2.4115872,374.7505375196705,-0.5698155104568007,True,2.118135,168.19885215774718,-2.0320723109599164,True,30.278418,335.3734750280826,1.3925728075193766,True
B_env_single,2010-05-21,No Drift,Probable Sensor Fault: Oil Flow Meter,Sensor Drift,16.029766,False,0.5193504,0.2183729427527369,1.4592470979188172,False,44.430546,103.92940745500105,1.0914997624525338,True,2.4873223,385.6188501740562,0.7404977043662087,True,2.089003,171.94527736093306,-1.7702945657867362,True,30.62262,348.42492940185736,1.3000240846962725,True
B_env_single,2010-05-22,No Drift,Probable Sensor Fault: Oil Flow Meter,Sensor Drift,15.913952,False,0.6101948,0.5599986634214298,1.6585298331241416,False,44.16643,107.14138011830018,0.262672220784621,True,2.628869,397.20291197325867,1.9593030756536705,True,2.0516725,175.60429265039176,-1.6513251960717636,True,30.112595,361.237624431867,0.6522387913086177,True
B_env_single,2010-05-23,No Drift,Probable Sensor Fault: Oil Flow Meter,Sensor Drift,15.816149,False,0.6911632,1.0678440639679891,1.6214699636243324,False,44.05236,110.34187962356515,-0.45434325615116683,True,2.6768928,409.0298117640794,1.577961392404609,True,1.996762,179.13473482110666,-1.6365843809474172,True,29.663574,373.8401183785865,-0.0881428660574873,True
B_env_single,2010-05-24,No Drift,Probable Sensor Fault: Oil Flow Meter,Sensor Drift,15.698616,False,0.73963,1.6751867776189462,1.427309726774261,False,43.95289,113.53237431095572,-1.239293475583042,True,2.733823,421.1445869242794,1.3721904507795626,True,1.9315522,182.51248765563003,-1.6328011555683772,True,29.135193,386.19525978810645,-1.1859927295316928,True
B_env_single,2010-05-25,No Drift,Probable Sensor Fault: Oil Flow Meter,Sensor Drift,15.577828,False,0.7990935,2.4046018866898278,1.3678570146169393,False,43.90737,116.71829093856422,-1.2469346308469982,True,2.791895,433.55300983827715,1.25687950547533,True,1.8720518,185.75092005410605,-1.5397079244311562,True,28.518732,398.2618157967928,-1.6769177667178339,True
B_env_single,2010-05-26,No Drift,Probable Sensor Fault: Oil Flow Meter,Sensor Drift,15.485444,False,0.9130441,3.3679457707814895,1.5107464043588903,False,43.93996,119.9074853372688,-0.8306984497592774,True,2.842161,446.21560935614366,1.2010263886020724,True,1.8190157,188.86516808458404,-1.4510945572064833,True,27.913036,410.0448258875783,-1.5670482403944455,True
B_env_single,2010-05-27,No Drift,Probable Sensor Fault: Oil Flow Meter,Sensor Drift,15.376186,False,0.9757988,4.460118521073786,1.4005618495271261,False,43.955334,123.09822596300334,-0.5495131321570325,True,2.891172,459.12603923068207,1.2299688232103039,True,1.7555091,191.83071497900121,-1.4259552263584938,True,27.30311,421.54230962581653,-1.448465688114354,True
B_env_single,2010-05-28,No Drift,Probable Sensor Fault: Oil Flow Meter,Sensor Drift,15.151139,False,1.1718137,5.954689599098185,1.7153198508782836,False,43.79417,126.27275691142704,-1.4818519096289853,True,3.1170905,473.1788550859565,1.8785722147578734,True,1.6685169,194.59256890615987,-1.4991074316227622,True,26.004105,432.431686530288,-1.661027320545432,True
B_env_single,2010-05-29,No Drift,Probable Sensor Fault: Oil Flow Meter,Sensor Drift,15.13966,False,1.2734135,7.657834546527113,1.530165080939838,True,44.133705,129.4814379911802,1.5940279424264354,True,3.068198,486.984439764813,1.174141040941106,True,1.6799457,197.38118352221355,-1.105361392908022,True,25.54304,443.105223737947,-1.413283723959774,True
B_env_single,2010-05-30,No Drift,Probable Sensor Fault: Oil Flow Meter,Sensor Drift,15.009418,False,1.3956995,9.61201988134,1.4451486739725792,True,44.201496,132.69693743335267,1.5717812454533455,True,3.119371,501.04878712738946,1.125644558123395,True,1.6274137,200.04679420828379,-1.207940874048454,True,24.703112,453.38556341509826,-1.4092046075053584,True
B_env_single,2010-05-31,No Drift,Probable Sensor Fault: Oil Flow Meter,Sensor Drift,14.241951,False,1.9351699,12.67368202256587,1.898238431168395,True,42.072094,135.69826332951845,-2.22772711185687,True,3.6590645,517.8421642503188,2.0152910139017153,True,1.4638752,202.329478227254,-1.7354926941984161,True,22.079544,462.4377255636574,-1.7886308058570752,True
B_env_single,2010-06-01,No Drift,Probable Sensor Fault: Oil Flow Meter,Sensor Drift,13.90039,False,2.3413637,16.569217736720137,1.73802659123697,True,40.910553,138.5827623734295,-1.8586282780303942,True,3.7714171,535.203666729499,1.5470630422413718,True,1.3952394,204.4514510116874,-1.5465333890867548,True,21.08337,471.02354624781754,-1.5148603448625173,True
B_env_single,2010-06-02,No Drift,Probable Sensor Fault: Oil Flow Meter,Sensor Drift,13.9875,False,2.5467925,20.886477534055636,1.4427818012225013,True,41.116375,141.48796282662158,-1.2026768299714663,True,3.6459167,551.9305601617142,0.9066731170205095,True,1.3485295,206.46405226438657,-1.3547161868054258,True,21.279884,479.7013616035862,-1.0893355417656838,True
B_env_single,2010-06-03,No Drift,Probable Sensor Fault: Oil Flow Meter,Sensor Drift,14.031894,False,2.763615,25.648851184075863,1.300520320086061,True,41.027477,144.38422202058126,-0.9404011970529702,True,3.674282,568.8008867374997,0.7517924467265162,True,1.2636551,208.27791956183185,-1.3685714176586408,True,21.430437,488.4496556103698,-0.7986554426247805,True
B_env_single,2010-06-04,No Drift,Probable Sensor Fault: Oil Flow Meter,Sensor Drift,14.106789,False,2.9980636,30.892523621479764,1.228193345207793,True,40.971107,147.27481158753793,-0.7312265414969857,True,3.7040462,585.8217196772781,0.6236353574577023,True,1.1950315,209.93110437506323,-1.2807507185518476,True,21.665684,497.30807624834995,-0.483965979566546,True
B_env_single,2010-06-05,No Drift,Probable Sensor Fault: Oil Flow Meter,Sensor Drift,14.152876,False,3.1620662,36.47287649072335,1.150876266752822,True,40.872063,150.15543930868654,-0.5925459732835707,True,3.7283168,602.9652796824341,0.510727373620868,True,1.1233661,211.41648416049622,-1.3008079348462094,True,21.878574,506.266157929388,-0.11245940371242524,True
B_env_single,2010-06-06,No Drift,Probable Sensor Fault: Oil Flow Meter,Sensor Drift,14.20135,False,3.3715916,42.483363148923864,1.286010487302291,True,40.78983,153.0277960581018,-0.7276881217188103,True,3.7368417,620.1519469092414,0.7454731107658537,True,1.0545048,212.74062459866516,-1.404826181431508,True,22.053984,515.3063544311042,1.0687338697709747,True
B_env_single,2010-06-07,No Drift,Probable Sensor Fault: Oil Flow Meter,Sensor Drift,14.361433,False,3.4546692,48.66439963873066,1.2119074427555656,True,40.811264,155.9023087007383,-0.9934351981534838,True,3.6305084,636.8009264133424,-1.3351007883856603,True,1.0132716,213.96821726562655,-1.2814273510044365,True,22.897448,524.7414038852553,1.8856627059765125,True
B_env_single,2010-06-08,No Drift,Probable Sensor Fault: Oil Flow Meter,Sensor Drift,14.37156,False,3.6649394,55.27709895490814,1.3311583853429507,True,40.66555,158.7621655666772,-1.472804994989969,True,3.6232677,653.413292025466,-1.1687292025108398,True,0.9374264,215.01821793200935,-1.3531942477993042,True,22.966612,534.2088313922247,1.4021317082577816,True
B_env_single,2010-06-09,No Drift,Probable Sensor Fault: Oil Flow Meter,Sensor Drift,14.420982,False,3.8402672,62.24972800068176,1.377649737335333,True,40.642162,161.61967009566303,-1.2719788532625305,True,3.5809083,669.8114621499424,-1.4877773771470095,True,0.88963526,215.9563153634674,-1.3211122525299266,True,23.15194,543.763016758719,1.2318503789139787,True
B_env_single,2010-06-10,No Drift,Probable Sensor Fault: Oil Flow Meter,Sensor Drift,15.13246,False,3.5650954,68.65745799163963,0.4431820881174185,True,42.324158,164.64634835993309,2.225439581000267,True,3.3205407,684.8930500061681,-2.0697726284861835,True,1.0101717,217.17664955085158,-0.20815114555955688,True,25.442333,554.3894101571354,2.015920596815527,True
B_env_single,2010-06-11,No Drift,Probable Sensor Fault: Oil Flow Meter,Sensor Drift,15.7729845,False,3.393301,74.71251188119342,-0.45329628065509214,True,43.762177,167.81766139121027,1.9713858832512243,True,3.1625457,699.1757159881194,-1.7441059222860655,True,1.1465391,218.71628901120127,1.309853583797694,True,27.400364,565.9324215699407,1.8488810973315282,True
B_env_single,2010-06-12,No Drift,Probable Sensor Fault: Oil Flow Meter,Sensor Drift,15.90175,False,3.46981,80.92463080408633,-0.40159750522548315,True,43.92866,171.00571933223176,1.400422389496449,True,3.1744275,713.5184639562605,-1.2113967561508667,True,1.1771975,220.32771523651584,1.3912415823072461,True,27.758648,577.6431574037266,1.386758745277639,True
B_env_single,2010-06-13,Sensor Drift,Probable Sensor Fault: Oil Flow Meter,Sensor Drift,16.071568,True,3.5969853,87.39782748144475,0.18300151642980594,True,44.229084,174.2239935421166,1.153315426973425,True,3.1604939,727.790754595625,-0.9712548647364503,True,1.2219425,222.04391238364343,1.3065978482765648,True,28.149334,589.5367861092479,1.1508227818316783,True
B_env_single,2010-06-14,Sensor Drift,Probable Sensor Fault: Oil Flow Meter,Sensor Drift,16.197496,True,3.67984,94.04111635597222,0.5341030149255098,True,44.47908,177.46741216599895,0.9761957826507018,True,3.1585264,742.0530966727044,-0.7392230353532834,True,1.2571146,223.84246524938575,1.1436829200178493,True,28.412924,601.553809822362,0.9524371812903852,True
B_env_single,2010-06-15,Sensor Drift,Probable Sensor Fault: Oil Flow Meter,Sensor Drift,16.286427,True,3.8181996,100.96844301860145,1.1616578108267044,True,44.617714,180.72477445805094,0.825422383926845,True,3.150771,756.2762219802042,-0.582471487847716,True,1.2853658,225.7071684211596,1.0093144259534614,True,28.560078,613.6397210527941,0.7935877787975387,True
B_env_single,2010-06-16,Sensor Drift,Probable Sensor Fault: Oil Flow Meter,Sensor Drift,16.32706,True,3.9052658,108.07450749839869,1.49092769373211,True,44.62846,183.98321757430728,0.7820908210826966,True,3.1455388,770.4728905257862,-0.5869060256214398,True,1.2988831,227.60352234888404,0.9909914136952851,True,28.65715,625.7710751330451,0.7934322648862071,True
B_env_single,2010-06-17,Sensor Drift,Probable Sensor Fault: Oil Flow Meter,Sensor Drift,16.388056,True,4.0401917,115.45756072761873,1.4486041037121749,True,44.700645,187.24892105137957,0.9857813646713735,True,3.1429346,784.6563903673158,-1.2392529424093812,True,1.3208117,229.55122239938603,1.1845404079862198,True,28.735706,637.9392038667452,0.9940647261333594,True
B_env_single,2010-06-18,Sensor Drift,Probable Sensor Fault: Oil Flow Meter,Sensor Drift,16.37726,True,4.0818796,122.92619502273868,1.2385881688976597,True,44.693146,190.5138702152159,0.7787069450685428,True,3.1514437,798.8829178612878,-0.32114672995482063,True,1.3336074,231.5288836358924,1.1242908944995744,True,28.626226,650.0560814876077,0.6082003018194164,True
B_env_single,2010-06-19,Sensor Drift,Probable Sensor Fault: Oil Flow Meter,Sensor Drift,16.073471,True,4.256593,130.7534982278716,1.4814078407764086,True,44.00338,193.7094432800181,-1.7857709779297837,True,3.384193,814.2863716061687,2.261949356657464,True,1.2655852,233.3472703166185,-0.45946718497961586,True,27.457607,661.6258903776944,-2.042236292893778,True
B_env_single,2010-06-20,Sensor Drift,Probable Sensor Fault: Oil Flow Meter,Sensor Drift,16.218647,True,4.3117476,138.69402753450115,1.3029332812645809,True,44.42935,196.94786026232157,-0.31879416800544436,True,3.2946076,829.2368257895503,0.9421620471931973,True,1.3285431,235.3130733010145,0.9813200144599461,True,27.728985,673.3227399537606,-1.1496553116169148,True
B_env_single,2010-06-21,Sensor Drift,Probable Sensor Fault: Oil Flow Meter,Sensor Drift,16.355436,True,4.366241,146.74642619111933,1.2226725791355928,True,44.777046,200.22124806568578,0.8594954459369264,True,3.3060524,844.2451521051871,0.804894099701612,True,1.3646827,237.36349741781729,1.5299810214074467,True,27.963161,685.1292152485631,-0.5460668242094412,True
B_env_single,2010-06-22,Sensor Drift,Probable Sensor Fault: Oil Flow Meter,Sensor Drift,16.480053,True,4.4112687,154.89126210956957,1.1383784151894707,True,45.01239,203.5183065713795,1.277841802253666,True,3.3291302,859.3701738990576,0.7761683981273769,True,1.3879347,239.46836627229482,1.4715267708995639,True,28.259548,697.0744388303751,0.11061237987066536,True
B_env_single,2010-06-23,Sensor Drift,Probable Sensor Fault: Oil Flow Meter,Sensor Drift,16.532406,True,4.4465218,163.1084688763149,1.092816934924291,True,45.078117,206.82197586906491,1.1167674722857883,True,3.3643537,874.6733077499897,0.8500400883868088,True,1.3866907,241.57032241202123,1.0567813694694836,True,28.386343,709.0790191993804,0.4697660114363395,True
B_env_single,2010-06-24,Sensor Drift,Probable Sensor Fault: Oil Flow Meter,Sensor Drift,16.555162,True,4.4402113,171.3127209176225,0.8448581167028089,True,45.0354,210.12134872747447,0.811656418822358,True,3.3831658,890.0715677956069,0.828157076471584,True,1.3813289,243.65972387191286,0.7105790725054545,True,28.535702,721.1535192689548,0.917664788551433,True
B_env_single,2010-06-25,Sensor Drift,Probable Sensor Fault: Oil Flow Meter,Sensor Drift,16.57307,True,4.391753,179.41749351069944,0.24208201459270245,True,44.994087,213.4165663405404,0.5764612640982149,True,3.4140449,905.6259715630994,1.355063923775456,True,1.3848404,245.75734736589254,0.6097436295209265,True,28.680622,733.2958612792147,1.203910290040503,True
B_env_single,2010-06-26,Sensor Drift,Probable Sensor Fault: Oil Flow Meter,Sensor Drift,16.626535,True,4.3934655,187.52578132359253,-0.021554387930810874,True,45.037888,216.71618935776473,0.5516533617514189,True,3.4338887,921.2807181308281,1.3711735320040979,True,1.4078622,247.9088765987751,1.21886584615035,True,28.85958,745.5219788894325,1.2948852783002278,True
B_env_single,2010-06-27,Sensor Drift,Probable Sensor Fault: Oil Flow Meter,Sensor Drift,16.610655,True,4.345219,195.53502431860818,-1.4652538401071618,True,44.951534,220.00712702975886,-0.3246462855906747,True,3.4624314,937.0797948041169,1.380442407729838,True,1.4084518,250.06178640541512,1.2811156662741996,True,28.885645,757.7602987628959,1.123756642784148,True
B_env_single,2010-06-28,Sensor Drift,Probable Sensor Fault: Oil Flow Meter,Sensor Drift,16.622675,True,4.304223,203.46010662754938,-1.6926531084665455,True,44.877678,223.2906362894633,-1.820864289964104,True,3.4842257,952.989077242748,1.3448962606537525,True,1.411228,252.22119657632194,1.2097169710551172,True,29.036026,770.0690169270866,1.3132451904045053,True
B_env_single,2010-06-29,Sensor Drift,Probable Sensor Fault: Oil Flow Meter,Sensor Drift,16.942127,True,4.1836123,211.1375876596661,-1.9000815109867228,True,45.24249,226.6108379386363,1.8522713928792025,True,3.4094453,968.5202226893965,-0.2890366149858762,True,1.4809386,254.54383461197122,2.108812363636141,True,30.394154,783.0135189010301,2.139507130594823,True
B_env_single,2010-06-30,Sensor Drift,Probable Sensor Fault: Oil Flow Meter,Sensor Drift,16.888258,True,4.1537523,218.75376917072825,-1.4813061271017447,True,44.901447,229.89673790321015,-0.8600402542193591,True,3.4336936,984.173983081174,0.06313772167255445,True,1.4547426,256.80513453155635,0.9933515376510736,True,30.497656,796.006473664014,1.49837480063651,True
B_env_single,2010-07-01,Sensor Drift,Probable Sensor Fault: Oil Flow Meter,Sensor Drift,16.760927,True,4.052424,226.16193404961237,-1.5769498978683631,True,44.545757,233.146862855196,-1.8567775807909186,True,3.4682133,1000.0022966163116,0.8625771955697912,True,1.4215598,258.9887368430937,-0.08186993654329851,True,30.316671,808.9147036827527,0.9547989506507604,True
B_env_single,2010-07-02,Sensor Drift,Probable Sensor Fault: Oil Flow Meter,Sensor Drift,16.673927,True,4.0029163,233.46846492754645,-1.3618682465709822,True,44.30035,236.37230495921833,-1.7011401348689061,True,3.4947848,1015.9649724052191,1.2896511505450514,True,1.408675,261.14216917987403,-0.656817121829103,True,30.162909,821.7509523130959,0.5577287636667924,True
B_env_single,2010-07-03,Sensor Drift,Probable Sensor Fault: Oil Flow Meter,Sensor Drift,16.531288,True,3.8608603,240.48336960634708,-1.5713789080759317,True,44.418316,239.60961195770102,-0.9826578417884874,True,3.497949,1031.943647633061,1.0256165963648403,True,1.4898388,263.4856472918083,1.426329635243286,True,29.38948,834.2251340955057,-0.6153878439055935,True
B_env_single,2010-07-04,Sensor Drift,Probable Sensor Fault: Oil Flow Meter,Sensor Drift,16.35935,True,3.7124133,247.1935279269511,-1.6165248617688301,True,44.68339,242.8735800539156,-0.08193597421606214,True,3.480172,1047.8324313556798,0.39866786818819633,True,1.6195927,266.1329448595851,2.033473385764792,True,28.301174,846.1898441542,-1.7055203165556656,True
B_env_single,2010-07-05,Sensor Drift,Probable Sensor Fault: Oil Flow Meter,Sensor Drift,16.271925,True,3.5162957,253.50107708984032,-1.6777780068564774,True,45.292233,246.1987848793841,1.3392933584840088,True,3.3929703,1063.2802690463345,-1.4491006371951007,True,1.8001556,269.2030318358441,1.9698857401448062,True,27.357971,857.7130101475045,-1.7456528739792327,True
B_env_single,2010-07-06,Sensor Drift,Probable Sensor Fault: Oil Flow Meter,Sensor Drift,16.22511,True,3.27976,259.32304283233685,-1.6457409253939101,True,46.095917,249.60482361475434,1.9262273332077449,True,3.2850418,1078.182352384345,-1.980106058394191,True,2.0084424,272.76082365837925,1.7980607265785356,True,26.456387,868.814114980733,-1.5569203775862714,True
B_env_single,2010-07-07,Sensor Drift,Probable Sensor Fault: Oil Flow Meter,Sensor Drift,16.230549,True,3.0591083,264.69203368824907,-1.5554844577425535,True,47.041023,253.10592039766465,1.7976127975156178,True,3.1897175,1092.6024163059403,-1.755476622556185,True,2.230671,276.838965062751,1.643947451378592,True,25.632223,879.5294020365437,-1.4200479497524974,True
B_env_single,2010-07-08,Sensor Drift,Probable Sensor Fault: Oil Flow Meter,Sensor Drift,16.25877,True,2.8603635,269.6530221523676,-1.441274400182987,True,48.052464,256.70874702509377,1.6452848437234007,True,3.0789113,1106.462174354438,-1.6089340692750198,True,2.476352,281.4923702821982,1.5510887631384374,True,24.825756,889.8671555677093,-1.3376374277467769,True
B_env_single,2010-07-09,Sensor Drift,Probable Sensor Fault: Oil Flow Meter,Sensor Drift,16.314013,True,2.682071,274.24799459359934,-1.3618699089695232,True,49.133595,260.4203129316846,1.5507310079284586,True,2.9587235,1119.714187608685,-1.5163554759143918,True,2.7418325,286.76739991020554,1.5067184812212684,True,24.053843,899.8435512072579,-1.3210458826201712,True
B_env_single,2010-07-10,Sensor Drift,Probable Sensor Fault: Oil Flow Meter,Sensor Drift,16.12184,True,2.6102967,278.695621961159,-1.1752137511609202,True,49.58692,264.17747411906004,1.3045601548623524,True,3.0863707,1133.6116650789247,-0.665264920556853,True,2.8650453,292.33093316670585,1.308789340217085,True,22.460567,909.0740828362455,-1.562833035045537,True
B_env_single,2010-07-11,Sensor Drift,Probable Sensor Fault: Oil Flow Meter,Sensor Drift,16.284876,True,2.4620316,282.8388764198008,-1.213885576022602,True,50.947315,268.07146258613915,1.4519294996953342,True,2.9318256,1146.7276656211168,-1.1893526664539693,True,3.2215638,298.72925689085275,1.481065736704911,True,21.861656,918.0242445644817,-1.3864247870178787,True
B_env_single,2010-07-12,Sensor Drift,Probable Sensor Fault: Oil Flow Meter,Sensor Drift,16.398697,True,2.340912,286.7334851183143,-1.2502666053177036,True,52.09027,272.08040862058715,1.4637533233713527,True,2.912767,1159.7472933843528,-1.0791355140429462,True,3.4764404,305.72437590975613,1.4476757083441203,True,21.173096,926.652068678146,-1.3042676779431515,True
B_env_single,2010-07-13,Sensor Drift,Probable Sensor Fault: Oil Flow Meter,Sensor Drift,16.26876,True,2.4633372,290.87941979746756,-0.7016591781707331,True,51.588593,276.03889624084974,0.9702719966025026,True,3.1666455,1174.0506907619722,1.0659227973458367,True,3.4129703,312.5708792061793,1.0437057929562812,True,20.71226,935.0641602420479,-1.186832667023544,True
B_env_single,2010-07-14,Sensor Drift,Probable Sensor Fault: Oil Flow Meter,Sensor Drift,16.205603,True,2.6716285,295.45295487964506,0.4997474115287416,True,50.91333,279.92946651025886,0.4026954232135578,True,3.4052281,1189.560511660669,1.904964469172959,True,3.3142917,319.18632592705626,0.6355008738919381,True,20.72353,943.4815279052855,-0.9419213763307207,True
B_env_single,2010-07-15,Sensor Drift,Probable Sensor Fault: Oil Flow Meter,Sensor Drift,16.08039,True,2.9121132,300.52018011931,1.6972140734207521,True,50.05586,283.73379299355713,-0.5233120609571849,True,3.650599,1206.311081754871,1.775917645474376,True,3.1656454,325.4537162146888,-0.019903358257110124,True,20.617743,951.8493730947637,-0.8258777424484741,True
B_env_single,2010-07-16,Sensor Drift,Probable Sensor Fault: Oil Flow Meter,Sensor Drift,15.897129,True,3.1795843,306.13649571358997,1.7624770797643043,True,49.073135,287.4392779690814,-1.4138485224868034,True,3.8987336,1224.3163762910654,1.6174144071502903,True,2.9853024,331.29883236661647,-0.9956349395071792,True,20.348885,960.0913571087079,-1.0175461339157565,True
B_env_single,2010-07-17,Sensor Drift,Probable Sensor Fault: Oil Flow Meter,Sensor Drift,15.680697,True,3.4171116,312.24043034497316,1.5739827621273634,True,48.01179,291.03801380926643,-1.6484768303983968,True,4.1233673,1243.4575598615397,1.4465477220347098,True,2.7897186,336.6859876956393,-1.6767958247570742,True,20.061497,968.1988055005039,-1.2355024479258803,True
B_env_single,2010-07-18,Sensor Drift,Probable Sensor Fault: Oil Flow Meter,Sensor Drift,15.437185,True,3.6312912,318.78405329135495,1.409611238655673,True,46.902645,294.52519263051107,-1.5202544714034318,True,4.3492975,1263.7411884868598,1.3611900661521228,True,2.5736656,341.5672534595929,-1.5753913814325713,True,19.729029,976.1506147657017,-1.5740279281222656,True
B_env_single,2010-07-19,Sensor Drift,Probable Sensor Fault: Oil Flow Meter,Sensor Drift,15.167559,True,3.8084862,325.69143932873635,1.3099019877310702,True,45.76736,297.8981854631852,-1.471079354274719,True,4.562483,1285.1028159302934,1.351441922540124,True,2.343268,345.90904146571904,-1.5177634867094945,True,19.356195,983.9278886290878,-1.6334489181589593,True
B_env_single,2010-07-20,Sensor Drift,Probable Sensor Fault: Oil Flow Meter,Sensor Drift,15.135799,True,3.964168,332.91842404195864,1.2545704094951404,True,45.055702,301.1996002621043,-1.3314537041385777,True,4.6393347,1306.85305456701,1.1841369737882994,True,2.2276895,349.98020184508596,-1.3223367664673362,True,19.792112,991.909229407134,-0.5944548709746955,True
B_env_single,2010-07-21,Sensor Drift,Probable Sensor Fault: Oil Flow Meter,Sensor Drift,14.846615,True,4.223235,340.67724653623713,1.38642455344274,True,43.862915,304.3810454927382,-1.390304058357635,True,4.822724,1329.530624108242,1.2540023008132928,True,1.9836712,353.4799917055297,-1.4040130214894242,True,19.340532,999.6791708407109,-1.1455486121777414,True
B_env_single,2010-07-22,Sensor Drift,Probable Sensor Fault: Oil Flow Meter,Sensor Drift,14.521426,True,4.379112,348.75606758585934,1.3505948146295315,True,42.741158,307.44966526111637,-1.4108576836141296,True,4.9676743,1352.9411538552674,1.2796222415093716,True,1.8075483,356.56738860920376,-1.365951523650734,True,18.71164,1007.1547070028384,-1.6865039124012815,True
B_env_single,2010-07-23,Sensor Drift,Probable Sensor Fault: Oil Flow Meter,Sensor Drift,14.4505825,True,4.477531,357.03693301589175,1.246292630096301,True,42.447807,310.4887801018008,-1.207278827885239,True,4.9498634,1376.2616209027117,1.0147873756564947,True,1.8065684,359.6524910696335,-1.0879126525421392,True,18.571142,1014.5644718410277,-1.4284862116813337,True
B_env_single,2010-07-24,Sensor Drift,Probable Sensor Fault: Oil Flow Meter,Sensor Drift,14.411856,True,4.543072,365.4523478649522,1.1288249088640128,True,42.243454,313.50734124968216,-1.0522298954441072,True,4.92376,1399.45009227755,0.7614516835171891,True,1.8167835,362.7615124030617,-0.8593735195303227,True,18.532206,1021.9560091801759,-1.1442251030929764,True
B_env_single,2010-07-25,Sensor Drift,Probable Sensor Fault: Oil Flow Meter,Sensor Drift,14.375605,True,4.603962,373.9927629909335,1.0531880756212946,True,42.021923,316.50362099748605,-0.9647708196947743,True,4.9096503,1422.5672165951864,0.5241122113784722,True,1.8143057,365.86473175385294,-0.6948275881936105,True,18.528183,1029.3456634099148,-0.87411831745618,True
B_env_single,2010-07-26,Sensor Drift,Probable Sensor Fault: Oil Flow Meter,Sensor Drift,14.211652,True,4.5772963,382.4784362281489,0.7860453646768291,True,41.555683,319.45300671053593,-1.0666200758268292,True,4.947595,1445.8762136206265,0.5805566546124598,True,1.7677416,368.85892094810305,-0.7377268619531173,True,18.20995,1036.5863421666925,-1.0907911400601749,True
B_env_single,2010-07-27,Sensor Drift,Probable Sensor Fault: Oil Flow Meter,Sensor Drift,14.192139,True,4.596949,391.00445471312884,0.7908053245670664,True,41.422794,322.3890265762368,-1.1006866650299247,True,4.9002953,1468.9460328380517,-0.3553101367184508,True,1.7938105,371.91415070653187,-0.4705355587195607,True,18.246843,1043.8442921350875,-0.9168895198934738,True
B_env_single,2010-07-28,Sensor Drift,Probable Sensor Fault: Oil Flow Meter,Sensor Drift,14.196278,True,4.7012224,399.744535499344,1.4338896095161988,True,41.322586,325.3149675739847,-1.1760878407748019,True,4.8642993,1491.833833873621,-1.6732138898415565,True,1.8179556,375.0259164397141,0.8105081379546072,True,18.275326,1051.115575661001,-0.8476305993887419,True
B_env_single,2010-07-29,Sensor Drift,Probable Sensor Fault: Oil Flow Meter,Sensor Drift,14.176096,True,4.8340807,408.7573605367579,1.8469009275747972,True,41.192787,328.22785350450624,-1.1240571003750097,True,4.836509,1514.5811108641165,-1.6215855666411745,True,1.8284668,378.1622941240669,1.0875407994654285,True,18.18864,1058.3462790273952,-1.032675103551335,True
B_env_single,2010-07-30,Sensor Drift,Probable Sensor Fault: Oil Flow Meter,Sensor Drift,14.1192045,True,4.90734,417.92057942314807,1.61814212997215,True,40.9996,331.1213087711371,-1.2011712298996862,True,4.818189,1537.235750006092,-1.4243679645866079,True,1.8225826,381.28489398377997,0.6536452215544327,True,18.048313,1065.5112905372469,-1.348650841678641,True
B_env_single,2010-07-31,Sensor Drift,Probable Sensor Fault: Oil Flow Meter,Sensor Drift,14.084573,True,4.9837646,427.24069007807435,1.4570105062154803,True,40.88044,334.0027790517293,-1.2146127075042437,True,4.7820206,1559.7074981161034,-1.4479134624625813,True,1.8392636,384.4465524132223,1.1350824972056206,True,17.937374,1072.6243678718154,-1.4384453458587738,True
B_env_single,2010-08-01,Sensor Drift,Probable Sensor Fault: Oil Flow Meter,Sensor Drift,14.100775,True,5.1734366,436.95017764792385,1.6073571599892447,True,40.80965,336.8771293980795,-1.271844997258349,True,4.742816,1581.9810031592326,-1.4200862004953474,True,1.858798,387.6539509316078,1.3528318254621414,True,17.919178,1079.7289270158844,-1.3410667903509843,True
B_env_single,2010-08-02,Sensor Drift,Probable Sensor Fault: Oil Flow Meter,Sensor Drift,14.108093,True,5.340727,447.0030946563026,1.5682431363279676,True,40.73176,339.74364539958475,-1.20233480181677,True,4.735566,1604.2178484978099,-1.2327887270171967,True,1.8705848,390.8889483643218,1.4515424259586849,True,17.861828,1086.8066386807152,-1.2202900506791705,True
B_env_single,2010-08-03,Sensor Drift,Probable Sensor Fault: Oil Flow Meter,Sensor Drift,14.0788965,True,5.429002,457.2372309862309,1.3950260378209094,True,40.629173,342.599843501018,-1.236435238099532,True,4.732258,1626.437965013039,-1.0350346393511067,True,1.8657398,394.1126011429265,1.037567849633579,True,17.73831,1093.8265275469564,-1.3698446889997133,True
B_env_single,2010-08-04,Sensor Drift,Probable Sensor Fault: Oil Flow Meter,Sensor Drift,14.060132,True,5.514553,467.64699517694845,1.2886472028378264,True,40.52476,345.4455399200597,-1.324638664992077,True,4.7324657,1648.6591328062993,-0.8194034841257329,True,1.8615748,397.3265014212256,0.6250392051288669,True,17.667309,1100.8131785053006,-1.3626891720176046,True
B_env_single,2010-08-05,Sensor Drift,Probable Sensor Fault: Oil Flow Meter,Sensor Drift,14.089766,True,5.8300295,478.704399707628,1.620901254541807,True,40.27731,348.2663478391061,-1.72354488793554,True,4.8805895,1671.6293072624562,1.8649536786517582,True,1.8465316,400.50517808791386,-0.3311434844887842,True,17.614365,1107.7750445651247,-1.3451844191651574,True
B_env_single,2010-08-06,Sensor Drift,Probable Sensor Fault: Oil Flow Meter,Sensor Drift,14.222638,True,5.942944,489.99360611445456,1.4190402331093954,True,40.551003,351.1146835871154,-0.3851524664755345,True,4.8300333,1694.3438379067584,0.9166366749893831,True,1.9016907,403.81301013716677,1.9059007122636815,True,17.887527,1114.8647870579207,0.6482464106377954,True
B_env_single,2010-08-07,Sensor Drift,Probable Sensor Fault: Oil Flow Meter,Sensor Drift,14.052993,True,6.1210694,501.6484854407022,1.4371605185395,True,40.090523,353.91670465590795,-1.6811167706384913,True,5.0453415,1718.1471019787946,1.968500563435359,True,1.8329941,406.9599885959152,-1.3805045592935279,True,17.175037,1121.6209897120352,-2.026580478623064,True
B_env_single,2010-08-08,Sensor Drift,Probable Sensor Fault: Oil Flow Meter,Sensor Drift,14.174178,True,6.1887684,513.4423436957712,1.2374991137145475,True,40.41645,356.75150727245284,-0.199852933188129,True,4.965905,1741.5486862178034,0.9598862447690221,True,1.906401,410.2788498831136,1.3778823369886573,True,17.393366,1128.4793990445444,-0.8812806718227432,True
B_env_single,2010-08-09,Sensor Drift,Probable Sensor Fault: Oil Flow Meter,Sensor Drift,14.30333,True,6.352615,525.5725617938496,1.2799159832436962,True,40.63038,359.60782661650177,0.9227065080719901,True,4.983181,1765.037627803295,0.824492961003824,True,1.9178591,413.6245402458974,1.2814564829897945,True,17.632612,1135.4498074029543,0.1948691021306515,True
B_env_single,2010-08-10,Sensor Drift,Probable Sensor Fault: Oil Flow Meter,Sensor Drift,14.402412,True,6.4671683,537.9379462377236,1.252036328236835,True,40.81198,362.482411390821,1.4371939749217728,True,4.997303,1788.5979791368804,0.7094935240761299,True,1.9363794,417.01359614425706,1.28280815809207,True,17.799225,1142.4982125637423,0.8413587036953803,True
B_env_single,2010-08-11,Sensor Drift,Probable Sensor Fault: Oil Flow Meter,Sensor Drift,14.493738,True,6.5748596,550.5244097179045,1.3378709137089133,True,40.990166,365.3749178188799,1.4646497263791303,True,4.9985075,1812.1644211317193,0.548874854494668,True,1.9654503,420.4707216420482,1.3674138974875005,True,17.939714,1149.6123854769,1.1094171952518768,True
B_env_single,2010-08-12,Sensor Drift,Probable Sensor Fault: Oil Flow Meter,Sensor Drift,14.580921,True,6.7189116,563.4065970608642,1.4008835182005364,True,41.133186,368.2818091461467,1.3347583340543374,True,5.00175,1835.7472592059423,0.39868347639966323,True,1.999531,424.007647429269,1.4527189380147496,True,18.051228,1156.778761325859,1.1203693552241365,True
B_env_single,2010-08-13,Sensor Drift,Probable Sensor Fault: Oil Flow Meter,Sensor Drift,14.606845,True,6.8010077,576.4573191755607,1.3240301035377728,True,41.145733,371.18996239418317,1.0192065354015565,True,5.0234823,1859.4399895910485,0.8206988922843904,True,1.9962599,427.53691390716824,1.027687684816705,True,18.067743,1163.9528687273896,1.012745607447054,True
B_env_single,2010-08-14,Sensor Drift,Probable Sensor Fault: Oil Flow Meter,Sensor Drift,14.654332,True,6.9073286,589.7263069760344,1.307417589470343,True,41.21359,374.10494052718474,1.0300862165453701,True,5.0243583,1883.1371493287766,1.208359916953068,True,2.0171769,431.11515753706465,1.2530586877571532,True,18.109205,1171.1463858170832,0.9550428668587018,True
B_env_single,2010-08-15,Sensor Drift,Probable Sensor Fault: Oil Flow Meter,Sensor Drift,14.792594,True,6.9877844,603.1604621419046,1.2904807020562825,True,41.362095,377.03485529003177,1.2825977250088698,True,4.969569,1906.5572611374891,-1.5192195173784462,True,2.0505514,434.77154789413044,1.4497975410161306,True,18.592974,1178.5663706980877,1.87723425306433,True
B_env_single,2010-08-29,Sensor Drift,Probable Sensor Fault: Oil Flow Meter,Sensor Drift,14.155791,True,7.6639023,617.9826171719221,2.01354558135876,True,36.343098,379.45996337710983,-2.257419477315873,True,5.5284557,1932.8034542349733,2.258065712759592,True,1.7355524,437.6903660234522,-2.1259862548784114,True,19.50795,1186.4146857345029,2.0605221045951563,True
B_env_single,2010-08-30,Sensor Drift,Probable Sensor Fault: Oil Flow Meter,Sensor Drift,13.840855,True,7.307686,632.0734968436952,0.8353852158902331,True,34.92019,381.7419564503484,-1.7061538154080793,True,4.778919,1955.2595199772913,-1.1673012199409782,True,2.1329765,441.53975534417856,1.2041541349685494,True,20.064503,1194.5235413242262,1.721930799726815,True
B_env_single,2010-08-31,Sensor Drift,Probable Sensor Fault: Oil Flow Meter,Sensor Drift,13.164214,True,7.463927,646.4851229482667,0.9529678784293303,True,32.98698,383.82950898065207,-1.5199515453371224,True,4.534166,1976.4779590127514,-1.4803665394218979,True,2.152594,445.435079307004,1.0249846076121292,True,18.6834,1201.9858573261301,-0.053400457833707,True
B_env_single,2010-09-01,Sensor Drift,Probable Sensor Fault: Oil Flow Meter,Sensor Drift,12.347533,True,7.7673883,661.5197241202557,1.3008031844216728,True,30.791748,385.69626681361984,-1.4204781354579092,True,4.6431527,1998.2475040329427,-0.8754211930675841,True,2.004688,448.9840802298389,-0.05941384449400312,True,16.530693,1208.4404213900075,-1.7428738900605054,True
B_env_single,2010-09-02,Sensor Drift,Probable Sensor Fault: Oil Flow Meter,Sensor Drift,11.968675,True,8.0205765,677.0740942498217,1.4082672460475745,True,30.726826,387.5564948108995,-1.0653755233440716,True,4.548599,2019.5389249111668,-0.8880968868103097,True,1.7841606,452.0167147466397,-1.2215546534740327,True,14.763205,1214.0675664659836,-1.7928784744695108,True
B_env_single,2010-09-03,Sensor Drift,Probable Sensor Fault: Oil Flow Meter,Sensor Drift,11.902806,True,8.410082,693.4280785083937,1.5996007385905247,True,31.01857,389.4460662069449,-0.7691210576938626,True,4.7563033,2041.8806304109692,-0.19223333641974513,True,1.5064045,454.3989815102232,-1.6777657691615762,True,13.82267,1219.2544166325981,-1.4884927229476181,True
B_env_single,2010-09-04,Sensor Drift,Probable Sensor Fault: Oil Flow Meter,Sensor Drift,11.999211,True,8.650183,710.2749649122137,1.5297984746267108,True,31.392248,391.3732218546751,-0.5363096817806711,True,5.065339,2065.785014891418,0.6463665854126568,True,1.3069731,456.3142782720512,-1.555832944967851,True,13.581308,1224.3282775559887,-1.142565423071444,True
B_env_single,2010-09-05,Sensor Drift,Probable Sensor Fault: Oil Flow Meter,Sensor Drift,12.167793,True,8.990036,727.8195348382404,1.4460782253764068,True,31.652004,393.32650355954326,-0.17999417837186665,True,5.1206203,2089.968935647048,1.45874909450166,True,1.1598924,457.88518468549734,-1.3937703486948925,True,13.916399,1229.5590053325955,-0.7677966464673915,True
B_env_single,2010-09-06,Sensor Drift,Probable Sensor Fault: Oil Flow Meter,Sensor Drift,12.281737,True,9.124853,745.6408703251302,1.2468699488603123,True,31.780148,395.29267381488074,0.3868096585372396,True,5.1231484,2114.165640522221,1.1014485187288106,True,1.0421512,459.1803992284153,-1.2250134763409462,True,14.338382,1234.9872770007291,-0.4029929100860277,True
B_env_single,2010-09-07,Sensor Drift,Probable Sensor Fault: Oil Flow Meter,Sensor Drift,12.344625,True,9.010379,763.2272019631582,0.8426727714550104,True,31.830738,397.2639324232881,1.1078558761706263,True,5.0425396,2137.954736452719,0.5851651787437655,True,0.9782642,460.3260219335215,-1.0844479357141652,True,14.861206,1240.66029976497,0.3169270926342435,True
B_env_single,2010-09-08,Sensor Drift,Probable Sensor Fault: Oil Flow Meter,Sensor Drift,12.886075,True,8.501726,779.7693224308377,-0.4308536478556666,True,34.072174,399.4606328510628,2.1036530150120574,True,4.847265,2160.7564002030063,-0.37418376326814473,True,1.0865707,461.7252450960018,-0.6200863320384004,True,15.922647,1246.8302178678966,1.8211948572284617,True
B_env_single,2010-09-09,Sensor Drift,Probable Sensor Fault: Oil Flow Meter,Sensor Drift,13.617217,True,7.9740715,795.2282226750713,-1.6898807467053272,True,35.806892,401.8318098438442,1.8782632649490747,True,4.6676188,2182.6496608757147,-1.4934017673488926,True,1.2039907,463.3994078754163,0.11475259488776351,True,18.433512,1254.1755533989528,2.011185735443491,True
B_env_single,2010-09-10,Sensor Drift,Probable Sensor Fault: Oil Flow Meter,Sensor Drift,14.376099,True,7.310736,809.325364352181,-1.818667104053673,True,37.716843,404.3950880876991,1.7118604587467883,True,4.4528275,2203.456801848638,-1.7365031432521885,True,1.323345,465.3530394245729,1.2704537671098723,True,21.076748,1262.7582739617908,1.8278176742630727,True
B_env_single,2010-09-11,Sensor Drift,Probable Sensor Fault: Oil Flow Meter,Sensor Drift,15.170645,True,6.5976954,821.9587072188825,-1.6695601852571116,True,39.787395,407.1666208591012,1.5857108406674751,True,4.2088304,2223.030140259101,-1.613300625533327,True,1.4377773,467.5746150509327,1.6219570333235516,True,23.821516,1272.6259099879262,1.6754725979741956,True
B_env_single,2010-09-12,Sensor Drift,Probable Sensor Fault: Oil Flow Meter,Sensor Drift,15.943569,True,6.3547835,834.0933773413897,-1.3271699630600944,True,41.103546,410.07053099926554,1.3743887951246778,True,4.231141,2242.7162957516666,-1.1378561699015375,True,1.6734455,470.34800930187384,1.7175024543768687,True,26.354935,1283.6795218911066,1.5255218536899469,True
B_env_single,2010-09-13,Sensor Drift,Probable Sensor Fault: Oil Flow Meter,Sensor Drift,16.324743,True,6.149179,845.8059626571004,-1.135612138290856,True,41.97665,413.06225724275384,1.19679029454122,True,4.337552,2262.940531990606,-0.6348368036004363,True,1.8913965,473.6317374153703,1.6043462844463499,True,27.268948,1295.1610130391946,1.2497965373760092,True
B_env_single,2010-09-14,Sensor Drift,Probable Sensor Fault: Oil Flow Meter,Sensor Drift,16.572924,True,5.928133,857.064763538249,-1.0684250903882497,True,42.650063,416.1217147527012,1.1183041700044247,True,4.3867164,2283.4133737832058,-0.25969511910645426,True,2.104878,477.41533371563116,1.5359414056324825,True,27.794827,1306.8886852500655,1.0491627900370095,True
B_env_single,2010-09-15,Sensor Drift,Probable Sensor Fault: Oil Flow Meter,Sensor Drift,16.835852,True,5.7080965,867.8718523101909,-1.0749907895691588,True,43.49948,419.2666061020447,1.1289480532113862,True,4.403438,2303.9707711216643,0.12634004023722456,True,2.351143,481.77556100651617,1.5052167302556663,True,28.217098,1318.814036625614,0.9348799247237113,True
B_env_single,2010-09-16,Sensor Drift,Probable Sensor Fault: Oil Flow Meter,Sensor Drift,17.120865,True,5.626879,878.5122104179208,-1.0473305864918225,True,44.4156,422.50363992096277,1.2341156069220862,True,4.406804,2324.5451890372365,0.644116516329682,True,2.6177268,486.7599963272107,1.4793507226276852,True,28.537313,1330.8892911890011,0.8693406221356537,True
B_env_single,2010-09-17,Sensor Drift,Probable Sensor Fault: Oil Flow Meter,Sensor Drift,17.375008,True,5.4217453,888.7314498903826,-1.301464400792437,True,45.231483,425.8227346557483,1.3538249112595382,True,4.3876934,2345.022971354345,0.6007619312185947,True,2.8963406,492.39680773678464,1.4581796009192365,True,28.937778,1343.152016481848,0.9517801807870556,True
B_env_single,2010-09-18,Sensor Drift,Probable Sensor Fault: Oil Flow Meter,Sensor Drift,17.276861,True,5.3704996,898.8454872816299,-1.1518145122601822,True,45.238346,429.14251962934947,1.111351046847077,True,4.6757865,2366.957533268784,2.0177080247182695,True,3.0258327,498.33682563415204,1.2971767625923032,True,28.073833,1355.0103009470417,0.22200750187019908,True
B_env_single,2010-09-19,Sensor Drift,Probable Sensor Fault: Oil Flow Meter,Sensor Drift,17.555958,True,5.192428,908.5939623688387,-1.3071003665987222,True,46.22275,432.5613153132358,1.3343396446422293,True,4.6049213,2388.533756457097,1.1463729985381306,True,3.3928638,505.1362492998888,1.4652678427921386,True,28.366827,1367.0057452442243,0.36508075280557417,True
B_env_single,2010-09-20,Sensor Drift,Probable Sensor Fault: Oil Flow Meter,Sensor Drift,17.623869,True,5.029251,918.0074519846956,-1.418136570396568,True,46.836754,436.0418668442847,1.336877762539822,True,4.7942877,2411.067534793319,1.6208214160889445,True,3.6066718,512.4363059668048,1.3858803545955478,True,27.85239,1378.760364938247,-1.0013776552302007,True
B_env_single,2010-09-24,Sensor Drift,Probable Sensor Fault: Oil Flow Meter,Sensor Drift,16.815477,True,4.9852777,927.3306686804119,-1.2449729110914096,True,45.165794,439.35435462387017,-0.058519734695365665,True,5.239215,2435.8511445636077,1.9477037002905988,True,3.2231681,518.8383862137232,0.4728597229175462,True,25.463938,1389.3968721253202,-2.160064213771641,True
B_env_single,2010-09-25,Sensor Drift,Probable Sensor Fault: Oil Flow Meter,Sensor Drift,16.376509,True,4.65769,935.9813820263889,-1.6250024364753695,True,45.91925,442.742624409808,0.42758458400313737,True,5.001951,2459.435000159228,0.8761962779387622,True,3.2984357,525.4167059399622,0.44347571612738534,True,23.005219,1398.882372661,-1.9322452179888552,True
B_env_single,2010-09-26,Sensor Drift,Probable Sensor Fault: Oil Flow Meter,Sensor Drift,16.00195,True,4.4353685,944.1756923878155,-1.5943963111867305,True,46.419937,446.18125285334867,0.8369336330306532,True,5.0138574,2483.0790607116332,0.6819143539322318,True,3.1973724,531.7583853871686,-0.15851910995233107,True,20.943209,1407.402579170229,-1.6743822535003177,True
B_env_single,2010-09-27,Sensor Drift,Probable Sensor Fault: Oil Flow Meter,Sensor Drift,15.718066,True,4.224993,951.9381240760406,-1.4841479769221542,True,47.081783,449.68644924812384,1.2947398961919416,True,4.945754,2506.3787481396466,0.2242645291566162,True,3.1361678,537.9567536860327,-0.7010830688689744,True,19.201628,1415.1074948447595,-1.4824666995419662,True
B_env_single,2010-09-28,Sensor Drift,Probable Sensor Fault: Oil Flow Meter,Sensor Drift,15.395742,True,4.053878,959.3492736124629,-1.3816359671571,True,47.620033,453.24578238922743,1.4307864184779744,True,4.920138,2529.5489041293376,-0.05747826264586435,True,3.0351815,543.9186620234233,-1.255737062991465,True,17.349482,1421.9453605161566,-1.3665727789399407,True
B_env_single,2010-09-29,Sensor Drift,Probable Sensor Fault: Oil Flow Meter,Sensor Drift,15.056832,True,3.787545,966.2136694218672,-1.4241495854336526,True,48.172146,456.8606465667406,1.4031969554978019,True,4.8849564,2552.5411602465238,-0.6204980181138745,True,2.9317498,549.6383843398861,-1.2637159006078487,True,15.507769,1427.9210603041306,-1.3197075933491957,True
B_env_single,2010-10-01,Sensor Drift,Probable Sensor Fault: Oil Flow Meter,Sensor Drift,14.2700405,True,3.9461212,973.4036058130672,-0.834939405775562,True,46.996323,460.3572473972099,0.22369116679022866,True,5.17487,2576.9994018773773,1.121976204062064,True,2.612002,554.6094147527505,-1.9309186790776744,True,12.620888,1432.545317025272,-1.4793875954670497,True
B_env_single,2010-10-02,Sensor Drift,Probable Sensor Fault: Oil Flow Meter,Sensor Drift,14.366838,True,3.637219,979.9593979198902,-1.3034553752840143,True,48.815422,464.03681177578835,1.5287555209957457,True,4.7609367,2599.364536892382,-1.5392832194119093,True,2.7484682,559.8999818368102,-0.9948821318635102,True,11.872147,1436.8190636007475,-1.2834140302385966,True
B_env_single,2010-10-03,Sensor Drift,Probable Sensor Fault: Oil Flow Meter,Sensor Drift,14.115213,True,3.5818985,986.4016227795452,-1.1900275970819292,True,49.77052,467.8124390576368,1.65787703400786,True,4.677694,2621.3087435594,-1.4336736448067517,True,2.5710502,564.7751235028587,-1.2736476702186952,True,9.974901,1440.2046477397193,-1.3267996738531727,True
B_env_single,2010-10-04,Sensor Drift,Probable Sensor Fault: Oil Flow Meter,Sensor Drift,13.813513,True,3.6164253,992.914727627072,-0.8873061462208842,True,50.153374,471.6265735313985,1.415927923731831,True,4.644983,2643.087542719691,-1.1693458234130858,True,2.410421,569.2741506535561,-1.381524430488855,True,8.2423525,1442.7791693344652,-1.3320990717532653,True
B_env_single,2010-10-05,Sensor Drift,Probable Sensor Fault: Oil Flow Meter,Sensor Drift,13.835889,True,4.0266066,1000.2698920752946,1.0868931656578296,True,49.339424,475.3588416146287,0.5568432833454167,True,5.005138,2666.6875122856823,0.7327052155185655,True,2.3403807,573.6091781468627,-1.2588335984921781,True,8.467897,1445.4592758648128,-1.0209515054622351,True
B_env_single,2010-10-06,Sensor Drift,Probable Sensor Fault: Oil Flow Meter,Sensor Drift,14.085813,True,4.245602,1008.074631700154,1.65361356831113,True,49.70021,479.1273973058098,0.6432415033667332,True,4.980605,2690.1634286328162,0.544737960465927,True,2.4241166,578.1402739101454,-0.7288150323230871,True,9.078532,1448.4252404571175,-0.6575898281506797,True
B_env_single,2010-10-07,Sensor Drift,Probable Sensor Fault: Oil Flow Meter,Sensor Drift,14.263995,True,4.43159,1016.2611852802319,1.5161257692077323,True,49.691494,482.8950762901016,0.4544231475548341,True,5.066297,2714.072657190248,0.8000951546945643,True,2.4067068,582.6306045068625,-0.6534605626819728,True,9.72389,1451.693318211803,-0.16366081849011174,True
B_env_single,2010-10-08,Sensor Drift,Probable Sensor Fault: Oil Flow Meter,Sensor Drift,14.022517,True,4.9413896,1025.4943042784048,1.7148076244397983,True,48.243397,486.5171068270356,-1.7511446272237594,True,5.6876173,2741.1236711338024,2.0026817586154717,True,2.2442696,586.7405873125298,-1.2473332389056442,True,8.995916,1454.6206076298538,-0.3952180291566701,True
B_env_single,2010-10-09,Sensor Drift,Probable Sensor Fault: Oil Flow Meter,Sensor Drift,14.100155,True,5.063638,1034.9783870652564,1.3479285630940605,True,48.378944,490.1527706356958,-1.2908925026431104,True,5.625,2767.85805267257,1.2710701513549434,True,2.3105588,591.0057866915096,-0.7347626134506987,True,9.122625,1457.607213654954,0.05820128202121126,True
B_env_single,2010-10-10,Sensor Drift,Probable Sensor Fault: Oil Flow Meter,Sensor Drift,14.1145115,True,5.267511,1044.8809993043033,1.2528827839235455,True,48.08197,493.75856502145666,-1.2027657530975266,True,5.730992,2795.128395523332,1.1286381625866517,True,2.2625837,595.15865213898,-1.0895487407849758,True,9.229502,1460.6438519951946,0.5069240119270282,True
B_env_single,2010-10-11,Sensor Drift,Probable Sensor Fault: Oil Flow Meter,Sensor Drift,13.722218,True,5.059618,1054.3568290089297,0.7116208096904462,True,45.945545,497.14947950787035,-1.9326127746958213,True,4.758742,2817.4824318393066,-1.2591850637911066,True,2.4450295,599.738715563862,1.2207342676570807,True,10.402147,1464.2294439614043,1.8127717643187529,True
C_annulus,2010-04-13,No Drift,No Drift,No Drift,16.576927,True,0.015185095,0.0,0.0,False,46.867977,0.0,0.0,False,1.1604713,0.0,0.0,False,2.909742,0.0,0.0,False,31.931255,0.0,0.0,False
C_annulus,2010-04-14,No Drift,No Drift,No Drift,16.417255,True,0.009259001,0.0,0.0,False,46.20382,3.416891484196574,0.0,False,1.2466152,4.594518044472582,0.0,False,2.8560777,5.5425354721334665,0.0,False,31.770502,13.58881558179276,0.0,False
C_annulus,2010-04-15,No Drift,No Drift,No Drift,16.47219,True,0.0056383074,0.0,-0.9106966418207962,False,45.754974,6.788638510625929,-0.9297348355627119,False,1.2662343,9.28824261676819,0.7428659171352694,False,2.8674774,11.111763525600933,-0.3638936263798962,False,32.46662,27.503507309493887,1.126272362320412,False
C_annulus,2010-04-16,No Drift,No Drift,No Drift,16.401268,True,0.004929702,0.0,-0.8154642411414558,False,45.30023,10.114647527621717,-1.094299305274096,False,1.2778153,14.040528318331434,0.7535141559624251,True,2.889538,16.73264669803468,0.37061322785774514,True,32.53382,41.449657411164836,0.9388992011988099,True
C_annulus,2010-04-17,No Drift,No Drift,No Drift,16.034046,True,0.003328371,0.0,-0.9175061182529933,False,44.538708,13.364063440512911,-1.3515739586795497,True,1.377248,19.29560823336462,1.4395585808616134,True,2.8440855,22.247102315972327,-1.1122295653918608,True,31.40686,54.86824043810779,-1.2896211572076148,True
C_annulus,2010-04-18,No Drift,Sensor Fault: Annulus Pressure Gauge,Sensor Drift,15.823193,False,0.0048027104,0.0,-0.5440078822650021,False,43.80205,16.539387070088953,-1.4414794632598682,True,1.3871703,24.60086135690703,1.1877817157532222,True,2.861618,27.80261060370456,-0.40776468373191793,True,31.060318,68.12459568775088,-1.3823103901464653,True
C_annulus,2010-04-19,No Drift,Sensor Fault: Annulus Pressure Gauge,Sensor Drift,15.511563,False,0.0094664125,0.0,0.4760063412966925,False,43.012108,19.63525880211117,-1.507498072102234,True,1.3792899,29.866265979575868,0.9366435263248796,True,2.8850741,33.41304149855608,0.5189068896904113,True,30.271877,81.01185613585263,-1.7019033877269012,True
C_annulus,2010-04-20,No Drift,Sensor Fault: Annulus Pressure Gauge,Sensor Drift,15.358706,False,0.01957269,0.0,2.0608588100794907,False,42.411465,22.670718331402366,-1.4198048856315528,True,1.3195055,34.82936306622527,-0.04154415537063986,True,2.9366324,39.14419639487285,1.9403156591884019,True,30.106358,93.82163140874147,-1.3098714094065356,True
C_annulus,2010-04-21,No Drift,Sensor Fault: Annulus Pressure Gauge,Sensor Drift,15.128515,False,0.03055201,0.0,1.9041349890097672,False,41.830315,25.647726258489392,-1.3405847263324402,True,1.3543284,39.968546811894775,0.33869614896272593,True,2.9647932,44.94129001717501,1.6704709310665666,True,29.462585,106.33003595901899,-1.3404621886600272,True
C_annulus,2010-04-22,No Drift,Sensor Fault: Annulus Pressure Gauge,Sensor Drift,15.015629,False,0.04515616,0.0,1.7791245027991531,False,41.271233,28.568502167334643,-1.2971019984555476,True,1.3878022,45.27699536252596,0.7936959924946405,True,3.017322,50.861380312097516,1.6723773107845308,True,29.356628,118.78883856814154,-1.0907613194973207,True
C_annulus,2010-04-23,No Drift,Sensor Fault: Annulus Pressure Gauge,Sensor Drift,14.808538,False,0.06344724,0.0,1.6931540358000399,False,40.761604,31.4380200746172,-1.291494876136567,True,1.4158511,50.72727663059645,1.366080323325587,True,3.0774188,56.922187527197664,1.5959903973768093,True,28.724375,130.95166262995943,-1.3907561462770406,True
C_annulus,2010-04-24,No Drift,Sensor Fault: Annulus Pressure Gauge,Sensor Drift,14.831237,False,0.06437122,0.0,1.245597152488194,False,40.065388,34.237513081399705,-1.3928061309767454,True,1.5526346,56.86922108230913,2.069276275836717,True,3.0214238,62.8518821047418,0.7071211926920701,True,29.452374,143.45528663600913,-0.42484971953522604,True
C_annulus,2010-04-25,No Drift,Sensor Fault: Annulus Pressure Gauge,Sensor Drift,14.517976,False,0.0778954,0.0,1.3135659584752433,False,38.95406,36.92522960476013,-1.600375645124318,True,1.8418875,64.4738097437176,2.0731090693750778,True,2.8924031,68.4794738719363,-1.0932665817175067,True,28.82363,155.6645750161922,-1.0876107637867716,True
C_annulus,2010-04-26,No Drift,Sensor Fault: Annulus Pressure Gauge,Sensor Drift,13.564121,False,0.16987601,0.0,2.067659699519426,False,36.45885,39.36198005238354,-1.874032262563566,True,2.5309386,75.56267377770003,2.0696726409943667,True,2.6236901,73.47787235915791,-2.071310813611709,True,26.03725,166.56946859933217,-2.1275392272728078,True
C_annulus,2010-04-27,No Drift,Sensor Fault: Annulus Pressure Gauge,Sensor Drift,13.651872,False,0.18665463,0.0,1.5506480892513004,False,36.32151,41.78491689907382,-1.3673428477812344,True,2.4931805,86.4606090840376,1.3514529238270334,True,2.7907083,78.8673450200316,-0.7668581915885884,True,26.467312,177.67568791842862,-1.2805916242581992,True
C_annulus,2010-04-28,No Drift,Environmental Drift,Environmental Drift,13.047185,False,0.26029453,0.0,1.6662438761878826,False,34.705193,44.045285814642476,-1.4413564887420756,True,3.0307446,100.07680578447368,1.534828625435619,True,2.546267,83.6844568110538,-1.4784601099244394,True,24.693428,187.95149438245988,-1.5646560376233576,True
C_annulus,2010-04-29,No Drift,Environmental Drift,Environmental Drift,12.55116,False,0.2991255,0.0,1.444984517107224,False,33.580666,46.192550716882415,-1.3511202039893069,True,3.3411336,115.26252441751095,1.3924498869664335,True,2.4022279,88.1642999598907,-1.4416528669032687,True,23.132647,197.4966481455054,-1.5380252613560377,True
C_annulus,2010-04-30,No Drift,Environmental Drift,Environmental Drift,12.673162,False,0.2880435,0.0,0.9980400886862769,False,34.03975,48.385989871765126,-0.9204659188335846,True,3.310072,130.2911758436136,1.0372371192773169,True,2.3541315,92.53152502354146,-1.2281011654433103,True,23.373816,207.15470096967408,-1.0573215127433442,True
C_annulus,2010-05-01,No Drift,Environmental Drift,Environmental Drift,12.665508,False,0.27435583,0.0,0.6433623895850062,False,34.222176,50.59777733161753,-0.6570931139445227,True,3.407018,145.8100471370115,0.9537731159700928,True,2.1397316,96.39673148792734,-1.5186349999608006,True,23.28426,216.77082983173432,-0.8647315322630208,True
C_annulus,2010-05-02,No Drift,Environmental Drift,Environmental Drift,12.792036,False,0.24355245,0.0,-0.04880084185227724,False,34.592148,52.8467762988471,-0.22678937000900018,True,3.4377124,161.48412902247264,0.8775641715988477,True,1.9555018,99.83056252507258,-1.5591787825424768,True,23.73126,226.5962142043658,-0.4770516128406789,True
C_annulus,2010-05-03,No Drift,Environmental Drift,Environmental Drift,12.903599,False,0.19319396,0.0,-1.2635287820640675,False,35.04518,55.1413410035657,0.45568234502193683,True,3.433183,177.13530703174715,0.6541748581783805,True,1.745272,102.77213918669123,-1.4890519370185997,True,24.101166,236.5947633894571,-0.009242711919434744,True
C_annulus,2010-05-05,No Drift,Environmental Drift,Environmental Drift,12.941079,False,0.17971927,0.0,-1.4884104846097017,False,35.95196,57.527108931266,1.7737568265386714,True,3.4135537,192.68722727545057,0.5168095207480938,True,1.7142017,105.64096441231676,-1.241695119060916,True,23.445957,246.28658807099015,-0.42656953745400705,True
C_annulus,2010-05-06,No Drift,Environmental Drift,Environmental Drift,13.367549,False,0.17146137,0.0,-1.1921809113364488,False,37.389816,60.057495127769386,1.8413813632946083,True,3.223353,207.27737279199164,-1.807007819101266,True,1.7946103,108.69806684954439,-0.7669707889039445,True,24.258509,256.35879460292216,1.5003520085822157,True
C_annulus,2010-05-07,No Drift,Environmental Drift,Environmental Drift,14.279563,False,0.12697628,0.0,-1.4234284692171664,False,39.336117,62.783638654097786,1.820809500416821,True,2.9702291,220.58756560498244,-2.0134890332790047,True,1.9270732,112.06533223618761,-0.08702563618313233,True,27.037426,267.7319029380573,2.176547420114549,True
C_annulus,2010-05-08,No Drift,Environmental Drift,Environmental Drift,14.427945,False,0.12288002,0.0,-1.1512087474765238,False,39.875908,65.5640739331368,1.419624123916481,True,2.9814868,233.95468415888172,-1.345915104191265,True,1.9048382,115.38053413762778,0.14879216468753456,True,27.25462,279.2066866807961,1.4972850772071478,True
C_annulus,2010-05-09,No Drift,Environmental Drift,Environmental Drift,15.276865,False,0.09280261,0.0,-1.3487616751201534,False,41.5884,68.51675046237433,1.4694156947783497,True,2.7388427,246.09484189668112,-1.554001751800942,True,2.0900211,119.12934310544946,1.6148463071314068,True,29.874258,291.90780859443015,1.7346216611254925,True
C_annulus,2010-05-10,No Drift,Environmental Drift,Environmental Drift,16.030266,False,0.0862272,0.0,-1.234929040815816,False,42.74923,71.586182095863,1.3651289090765713,True,2.6038795,257.55254055878373,-1.398881383089869,True,2.1924021,123.11787784812167,1.582978034935208,True,32.519585,305.84729414957206,1.669671643806408,True
C_annulus,2010-05-11,No Drift,Environmental Drift,Environmental Drift,16.086456,False,0.100866474,0.0,-0.6725239080044135,False,42.97709,74.67853165316183,1.1243610408546947,True,2.583432,268.9068438564589,-1.1100522334816478,True,2.1898968,127.10054640840676,1.1457806747311303,True,32.58099,319.8155254725269,1.2089434812433935,True
C_annulus,2010-05-12,No Drift,Environmental Drift,Environmental Drift,16.354559,False,0.12005882,0.0,0.09565994505576052,False,43.348583,77.80824580582416,1.0353441560768197,True,2.527199,279.97679814741645,-1.0662276863813676,True,2.193354,131.091309719797,0.9200391264394769,True,33.583607,334.2531144493468,1.1383886191203965,True
C_annulus,2010-05-13,No Drift,Environmental Drift,Environmental Drift,16.249502,False,0.1374371,0.0,1.301255563230735,False,43.342022,80.9373000303248,0.8681653879486744,True,2.587535,291.35184851348276,-0.6596053639623032,True,2.1464536,134.97225572988353,0.4323986965892439,True,33.034065,348.4334451441664,0.7884023543074714,True
C_annulus,2010-05-14,No Drift,Environmental Drift,Environmental Drift,16.183662,False,0.15412189,0.0,1.536101464539883,False,43.468487,84.07907398646269,0.7529961521700741,True,2.575111,302.6640753724387,-0.5189660016568941,True,2.123298,138.79898253880887,0.03171319660273764,True,32.59729,362.4093071228872,0.42582779839435486,True
C_annulus,2010-05-15,No Drift,Environmental Drift,Environmental Drift,16.219599,False,0.17514867,0.0,1.5415903179859403,False,43.53871,87.22791109232637,0.7853883752873573,True,2.543366,313.81577979184857,-0.7360447628788696,True,2.1156125,142.60771387863937,-0.8149734539004471,True,32.725166,376.4450321586139,0.2613691968529404,True
C_annulus,2010-05-16,No Drift,Environmental Drift,Environmental Drift,16.080002,False,0.19780484,0.0,1.4753886233148537,False,43.614113,90.38433200054106,1.0252908506941154,True,2.5102856,324.80020923931323,-1.472722321223949,True,2.117745,146.421438284255,-0.9897279561213053,True,31.960056,390.12258424879377,-1.510528479586607,True
C_annulus,2010-05-17,No Drift,Environmental Drift,Environmental Drift,16.20702,False,0.22463289,0.0,1.511500411431422,False,43.986,93.57815702307315,1.6873063389734515,True,2.412586,335.2906079366199,-1.9890022197604604,True,2.1383193,150.2833376241204,-0.2456545662635441,True,32.27356,403.94689743956184,-0.7750132203879285,True
C_annulus,2010-05-18,No Drift,Environmental Drift,Environmental Drift,16.416597,False,0.25753635,0.0,1.5623833615872371,False,44.303204,96.80388611910999,1.8012240327256943,True,2.3596692,345.5134262351613,-1.677836130927361,True,2.1193933,154.10092183036647,-0.6116863307092741,True,33.04319,418.1314997301203,0.5537944188573465,True
C_annulus,2010-05-19,No Drift,Environmental Drift,Environmental Drift,16.463146,False,0.29391843,0.0,1.5600159424234792,False,44.517845,100.05120369065455,1.5370569796174844,True,2.3334708,355.603769034656,-1.3470968851401808,True,2.0980666,157.86856923791535,-1.5572883202238357,True,33.07243,432.32979005635536,0.9332410290212777,True
C_annulus,2010-05-20,No Drift,Environmental Drift,Environmental Drift,16.444782,False,0.33308595,0.0,1.5326800126845133,False,44.57858,103.30462981816544,1.2225431012339458,True,2.4037347,366.0494100520265,-0.4731831926767869,True,2.0727239,161.5768765372763,-1.8740598033136118,True,32.835793,446.4173028330633,0.4715177540939193,True
C_annulus,2010-05-21,No Drift,Environmental Drift,Environmental Drift,16.54314,False,0.37898797,0.0,1.5314291360182584,False,44.696033,106.56986942712874,1.1064936162009202,True,2.4459765,376.7086521991665,0.2114600975552801,True,2.0520265,165.2367208408999,-1.6614444981350383,True,33.142677,460.64847837482137,0.9419859874352916,True
C_annulus,2010-05-22,No Drift,Environmental Drift,Environmental Drift,16.4286,False,0.42638245,0.0,1.5029769144517384,False,44.688778,109.83437927832254,0.8568000350769078,True,2.5177784,387.7309698515431,1.3044412324084103,True,2.020434,168.8225908428548,-1.617069740868615,True,32.48963,474.5739419526466,-0.4361514751003256,True
C_annulus,2010-05-23,No Drift,Environmental Drift,Environmental Drift,16.551445,False,0.47658253,0.06733358828529856,1.4802520031048392,False,44.69207,113.0992202446347,0.7460448541490946,True,2.575268,399.04399119699264,1.630149425785931,True,1.9869137,172.32997302157648,-1.529138978437577,True,33.02638,488.75067429236003,0.5581446823643486,True
C_annulus,2010-05-24,No Drift,Environmental Drift,Environmental Drift,16.545393,False,0.5265531,0.2372515643318316,1.449953312705906,False,44.57363,116.35214874027018,-0.03531540501744049,True,2.6710687,410.8414407358139,1.6261538851188728,True,1.9427707,175.73399416082418,-1.5809560736567307,True,33.012943,502.92111710022056,0.300993119023356,True
C_annulus,2010-05-25,No Drift,Environmental Drift,Environmental Drift,16.585829,False,0.57966286,0.5161983754403887,1.437313847459461,False,44.55191,119.60289256674717,-0.821586612783944,True,2.7336032,422.95510433827917,1.4390671722357105,True,1.9059671,179.0518394171942,-1.503601267556316,True,33.158,517.1594661369967,0.8346012652046468,True
C_annulus,2010-05-26,No Drift,Environmental Drift,Environmental Drift,16.72442,False,0.63876665,0.9164791263997234,1.449503704688884,False,44.631363,122.86162766284711,0.016348421613353366,True,2.7802627,435.30470752308076,1.3243691906927013,True,1.8562787,182.25333881592948,-1.5222456714789214,True,33.715427,531.6587646716562,1.7829197620815869,True
C_annulus,2010-05-27,No Drift,Environmental Drift,Environmental Drift,16.796751,False,0.7019403,1.446448827104935,1.4637220247882852,False,44.792656,126.13658548134948,1.5992996871672494,True,2.8098474,447.8039092595387,1.1733119740966496,True,1.8040397,185.33252038461984,-1.5037711176250792,True,33.875267,546.2328893488968,1.4464724909802875,True
C_annulus,2010-05-28,No Drift,Environmental Drift,Environmental Drift,16.605125,False,0.7805816,2.137860944667195,1.5140820661465064,False,44.5764,129.38979252805785,-0.7823007279547449,True,3.0686364,461.61171102589424,1.838140519530774,True,1.7270855,188.23151307283828,-1.590040755329148,True,32.872913,560.3377795913802,-0.6052544424491125,True
C_annulus,2010-05-29,No Drift,Environmental Drift,Environmental Drift,16.815754,False,0.8322158,2.935272699931114,1.4035450469499293,False,45.00251,132.6858573047174,1.9393759466591056,True,2.9990897,475.06784100134365,1.1072060289886667,True,1.7298982,191.1370918180335,-1.1840447965695327,True,33.515053,574.7432762408494,0.5246862640575506,True
C_annulus,2010-05-30,No Drift,Environmental Drift,Environmental Drift,16.950647,False,0.89575684,3.8631276452272765,1.3861343647889535,False,45.15272,135.99703021580862,1.667702978558472,True,3.0594432,488.8291562658632,1.1261365179403613,True,1.6727632,193.90888861171342,-1.3168613463377636,True,33.972557,589.3629455576067,1.2091180022579218,True
C_annulus,2010-05-31,No Drift,Environmental Drift,Environmental Drift,16.155907,False,1.2551234,5.528724788341819,1.9788012671274744,False,43.160378,139.10781478956815,-2.1291593268132587,True,3.6392846,505.5225136877677,2.0302240385651205,True,1.5151136,196.31154772810694,-1.7729577018948681,True,31.20963,602.689198185517,-2.0691866418089133,True
C_annulus,2010-06-01,No Drift,Environmental Drift,Environmental Drift,15.806201,False,1.5474076,7.79435115924678,1.808839618291562,False,41.990795,142.10096371539572,-1.8794137604930017,True,3.7511737,522.7816527910463,1.5392122995717583,True,1.4243436,198.50166826818943,-1.6242143009787708,True,30.317291,615.5977183941835,-1.7027927032069892,True
C_annulus,2010-06-02,No Drift,Environmental Drift,Environmental Drift,16.12809,False,1.6469958,10.264421677027899,1.4293752547269751,True,42.194126,145.11456350801043,-1.2081696416508778,True,3.5979156,539.2658227630801,0.8601885004436597,True,1.3762224,200.5791126641813,-1.3806322020049948,True,31.8252,629.2121394423232,-0.48376995734937867,True
C_annulus,2010-06-03,No Drift,Environmental Drift,Environmental Drift,16.358248,False,1.7373682,12.920017440381432,1.210732198129166,True,42.0617,148.11484387845493,-0.9686519574489758,True,3.6535332,556.0312301035308,0.7716931001192108,True,1.2811924,202.43404379659512,-1.3894576072542606,True,33.05743,643.4034080651949,0.501228166694876,True
C_annulus,2010-06-04,No Drift,Environmental Drift,Environmental Drift,16.604303,False,1.815822,15.736670669271295,1.0607763382461919,True,41.931618,151.10204078941496,-0.7946601222639501,True,3.684948,572.9554901357373,0.640391066654432,True,1.2002336,204.09940925633435,-1.3153451877916957,True,34.38889,658.2179760806745,1.1683353190465398,True
C_annulus,2010-06-05,No Drift,Environmental Drift,Environmental Drift,17.076471,False,1.8922548,18.710232552673876,0.9941111714828353,True,42.08297,154.10446055487662,-0.4836018502549655,True,3.670208,589.8052155200144,0.38755659592378067,True,1.1335249,205.60857588658394,-1.2793747433868021,True,36.603394,674.0692257377633,1.6544013061519098,True
C_annulus,2010-06-06,No Drift,Environmental Drift,Environmental Drift,17.307507,False,1.9761035,21.855927144442056,1.1571561045883654,True,42.031647,157.10171830086898,-0.41115146871760705,True,3.6957173,606.7839322364691,0.5263675389467722,True,1.042989,206.90575215056282,-1.4223819033400613,True,37.791077,690.4764685820262,1.4955513457093281,True
C_annulus,2010-06-07,No Drift,Environmental Drift,Environmental Drift,17.828009,False,2.0259488,25.103948796372144,1.2639609894286326,True,42.195747,160.11548115712827,1.2771483623468933,True,3.5884087,623.2200291448677,-1.318550531750499,True,0.9905187,208.08006879443144,-1.3232678104925173,True,40.33942,708.0766741839061,1.5380034927633193,True
C_annulus,2010-06-08,No Drift,Environmental Drift,Environmental Drift,18.06853,False,2.1033738,28.51091594314702,1.3383892431552753,True,42.113476,163.1209692048626,0.2812553310835984,True,3.5723495,639.5749208533347,-1.2965310921653497,True,0.8951541,209.03108865864087,-1.401091733465037,True,41.65829,726.2942860906272,1.3959535788818793,True
C_annulus,2010-06-09,No Drift,Environmental Drift,Environmental Drift,18.228416,False,2.1408782,31.99487580130858,1.243354755014833,True,41.993176,166.11435754648835,-0.7681022058996786,True,3.5724323,655.9302309029447,-1.1303502029098904,True,0.839388,209.85153181364333,-1.3407248770275273,True,42.596207,744.9509669658762,1.2462623999528948,True
C_annulus,2010-06-10,No Drift,Environmental Drift,Environmental Drift,19.368275,False,1.873214,34.92934885149241,-0.8381378994067146,True,43.905052,169.30004089716527,2.25108648568381,True,3.2896733,670.8557341114048,-2.093204763212019,True,0.96027297,210.95502789878677,-0.3808714317895534,True,46.81316,765.5817411680191,1.6305590142737623,True
C_annulus,2010-06-11,No Drift,Environmental Drift,Environmental Drift,20.41249,False,1.6858864,37.4792577347971,-1.7423351730246848,True,45.581367,172.65432668485155,1.9746337774092526,True,3.0993729,684.8189586543803,-1.8136814435567807,True,1.0886501,212.3591199144922,0.9151523320069401,True,50.60717,787.988615234364,1.6722998060491476,True
C_annulus,2010-06-12,No Drift,Environmental Drift,Environmental Drift,20.5583,False,1.6872017,40.031866906005675,-1.2919840106755576,True,45.682873,176.01882179140654,1.3745788558313836,True,3.131608,698.9451843383144,-1.193300494547036,True,1.115246,213.82548652522587,1.2411543363519535,True,51.174587,810.6611157673382,1.3021252313130545,True
C_annulus,2010-06-13,No Drift,Environmental Drift,Environmental Drift,21.000898,False,1.6969519,42.60449207754582,-0.9393401280937693,True,46.13169,179.4284586699746,1.1780238927341773,True,3.0877578,712.8496759548669,-1.041197595319941,True,1.1528218,215.37983693962715,1.2505271964550884,True,52.935265,834.1578467705749,1.2413548599814064,True
C_annulus,2010-06-14,No Drift,Environmental Drift,Environmental Drift,21.289467,False,1.6958532,45.17486186995581,-0.7094681219251298,True,46.36221,182.86128089672997,0.9742769273533414,True,3.1048584,726.8406388062592,-0.7280558683113592,True,1.1756877,216.98772799174353,1.0757914572847012,True,54.108734,858.2039171291618,1.1209799890821996,True
C_annulus,2010-06-15,No Drift,Environmental Drift,Environmental Drift,21.364351,False,1.6995862,47.752894959032666,-0.48476726182496055,True,46.54539,186.31252739692945,0.831853276442763,True,3.0833285,740.7227328961355,-0.6199781534801388,True,1.1999723,218.65248159995096,0.9494483982972562,True,54.29347,882.3364676578348,0.9194678039346815,True
C_annulus,2010-06-16,No Drift,Environmental Drift,Environmental Drift,21.396557,False,1.702789,50.337503055823284,-0.2571607794206149,True,46.48237,189.75743513366433,0.7261464239038595,True,3.1071148,754.7251054898286,-0.303215982717612,True,1.2087781,220.33785421399938,0.9296491131380354,True,54.48174,906.5571537785211,0.8726533772929134,True
C_annulus,2010-06-17,No Drift,Environmental Drift,Environmental Drift,21.561172,False,1.7111881,52.939353692476494,1.6089155681092033,True,46.66082,193.22029138168025,1.0644486889637574,True,3.0739834,768.5599451144449,-1.2816552910854393,True,1.2272197,222.06640785912435,1.1845549209533952,True,55.132652,931.0825536097882,1.0799718963497043,True
C_annulus,2010-06-18,No Drift,Environmental Drift,Environmental Drift,21.609854,False,1.7158368,55.550747597853636,1.4980672119558254,True,46.71334,196.68843012442292,0.9599252519904758,True,3.078221,782.4162129681032,-0.8358491784145254,True,1.2383134,223.82093756054584,1.1513124157373578,True,55.30355,955.6879565719504,0.9640891453412493,True
C_annulus,2010-06-19,No Drift,Environmental Drift,Environmental Drift,21.195253,False,1.757802,58.248291797847784,2.132568158659911,True,45.766518,200.06133816400182,-1.8421726320515566,True,3.381532,797.8062110775426,2.253149182758725,True,1.202139,225.4907646237908,0.04918245048897868,True,53.868286,979.6214653826225,-0.5453756693618653,True
C_annulus,2010-06-20,No Drift,Environmental Drift,Environmental Drift,21.502502,False,1.7681382,60.96705506282237,1.5932557279705621,True,46.302803,203.48818535513985,-0.320835510689441,True,3.2565167,812.5640535239543,0.8571752936251771,True,1.2545316,227.2832693148108,1.4799066391538214,True,54.930534,1004.0522472253328,0.6295726723590116,True
C_annulus,2010-06-21,No Drift,Environmental Drift,Environmental Drift,21.622753,False,1.7739468,63.6977427639402,1.2686243489920712,True,46.654327,206.95038858121904,0.629259356692549,True,3.2642617,827.3610596938064,0.706349082825768,True,1.2701409,229.11232320271745,1.5280841689069147,True,55.151085,1028.586275965718,0.7766272839572026,True
C_annulus,2010-06-22,No Drift,Environmental Drift,Environmental Drift,22.086842,False,1.7915701,66.46460928164953,1.293947644555525,True,47.14018,210.46145833663317,1.4378631728687354,True,3.2448554,842.0599353285451,0.37663814740168333,True,1.2855198,230.9773870096095,1.4385402389384583,True,56.972095,1053.9727791388264,1.9388464844761417,True
C_annulus,2010-06-23,No Drift,Environmental Drift,Environmental Drift,22.00557,False,1.7992579,69.24725806933543,1.1477358194453422,True,47.019432,213.96038349547655,0.8939200622656179,True,3.3276749,857.1775981761979,0.8149962179837362,True,1.2690451,232.80387514054513,0.6753467425301111,True,56.612427,1079.1909096512998,1.1287854723633317,True
C_annulus,2010-06-24,No Drift,Environmental Drift,Environmental Drift,22.087486,False,1.815781,72.0638271130668,1.263355102338913,True,46.97452,217.4547915995249,0.6686593137366682,True,3.3459537,872.3876903045959,0.7520082958608216,True,1.2658291,234.62283291991818,0.390630811211245,True,57.03534,1104.6070193401918,1.1159907824311928,True
C_annulus,2010-06-25,No Drift,Environmental Drift,Environmental Drift,22.044897,False,1.8230051,74.89522644925559,1.3476279168956284,True,46.878853,220.93957741382513,0.41407820001326034,True,3.3845184,887.7927896853856,1.1662121867453665,True,1.2683928,236.4477936550591,0.33639611781063017,True,56.86972,1129.9455974234825,0.7543387191054223,True
C_annulus,2010-06-26,No Drift,Environmental Drift,Environmental Drift,22.1928,False,1.8269202,77.73466302083855,1.1618923468601894,True,46.954834,224.43200534970927,0.3841530141508982,True,3.3929622,903.2405863858419,1.2341238413182105,True,1.288768,238.32046317843782,1.4455223875722356,True,57.50051,1155.5794692058478,1.0691690543502916,True
C_annulus,2010-06-27,No Drift,Environmental Drift,Environmental Drift,22.345648,False,1.8498948,80.62126408274924,1.5223681866219998,True,47.105633,227.93960050661633,0.8921332719069411,True,3.3696434,918.5704687524574,0.6330208956946651,True,1.2932805,240.2036985850436,1.3988590924598954,True,58.10979,1181.4985646503435,1.3343077461237214,True
C_annulus,2010-06-28,No Drift,Environmental Drift,Environmental Drift,22.296663,False,1.8554356,83.5192399300299,1.3585188868468738,True,46.952793,231.43182317414787,-0.5544297483405798,True,3.422131,934.1657614485079,1.1561766591514542,True,1.2907145,242.0809257324239,0.8796693771916455,True,57.962242,1207.3485877488595,1.1652424347591097,True
C_annulus,2010-06-29,No Drift,Environmental Drift,Environmental Drift,22.77601,False,1.7774082,86.2570336905881,-1.6025650583341133,True,47.2438,234.95331519036657,1.8582433282139783,True,3.3725057,949.5101169719619,-0.03625663181845516,True,1.3629215,244.12722599223264,2.1266830976170032,True,60.12342,1234.2103290120474,2.004436303654799,True
C_annulus,2010-06-30,No Drift,Environmental Drift,Environmental Drift,22.849468,False,1.8176295,89.0773974292839,-0.23766572214737863,True,47.088303,238.4591672928326,0.48292021085030823,True,3.3508935,964.7451878039451,-1.0004819536641634,True,1.3472801,246.13690196936,1.185603738136035,True,60.643238,1261.3154137269694,1.5631262239100503,True
C_annulus,2010-07-01,No Drift,Environmental Drift,Environmental Drift,22.676306,False,1.8426987,91.94922570894717,0.5759257543937436,True,46.640812,241.92001114363458,-1.7601523356154904,True,3.4199138,980.3292684751227,1.2288004952617997,True,1.3143585,248.06949163171274,0.14510379967036088,True,60.16375,1288.1960343004212,0.9275834044379337,True
C_annulus,2010-07-02,No Drift,Environmental Drift,Environmental Drift,22.231071,False,1.8485,94.83296349657151,0.6337657147158592,True,46.188126,245.3353241717514,-1.9327473297128697,True,3.4674842,996.153895303587,1.7051844318516165,True,1.3058436,249.98214364296408,-0.30295164334010144,True,58.34539,1314.2254215611492,-0.4937518280382721,True
C_annulus,2010-07-03,No Drift,Environmental Drift,Environmental Drift,22.178265,False,1.7582127,97.53135077177218,-1.6223762989303832,True,46.40458,248.77240792297874,-1.000878915218492,True,3.4059873,1011.66755481381,0.11939562019103442,True,1.4520165,252.23706043260873,1.9971165867620706,True,57.87052,1340.0325072650392,-0.9538806766231892,True
C_annulus,2010-07-04,No Drift,Environmental Drift,Environmental Drift,21.810219,False,1.627544,99.96148889167942,-2.0155178300934704,True,46.49193,252.21827715969803,-0.5764204775064256,True,3.4054894,1027.17869704361,-0.022837928974751003,True,1.6372236,254.92564095189263,2.040007517028542,True,55.888916,1364.9119388083589,-1.6683368246183945,True
C_annulus,2010-07-05,No Drift,Environmental Drift,Environmental Drift,21.755064,False,1.5253679,102.18186990020142,-1.7851855527676028,True,47.19627,255.73498853353618,1.054995280788138,True,3.2851486,1042.081320487765,-1.75362790962414,True,1.8527905,258.1189727467628,1.878323066601467,True,54.91575,1389.3357989516194,-1.5105478991920245,True
C_annulus,2010-07-06,No Drift,Environmental Drift,Environmental Drift,21.617779,False,1.4232341,104.19258091918825,-1.5889060397076828,True,48.05169,259.33773727409505,1.8641873628249002,True,3.1877902,1056.4916383868795,-1.8081865174886318,True,2.0700967,261.8211285935425,1.6825230729070058,True,53.356087,1413.0295305215486,-1.4603695609888836,True
C_annulus,2010-07-07,No Drift,Environmental Drift,Environmental Drift,21.333145,False,1.3212683,105.99396676517576,-1.445671302492021,True,49.049843,263.0408795046454,1.8153935058845727,True,3.095983,1070.4377217933343,-1.6453330915542006,True,2.302333,266.0670674892202,1.5489292249775795,True,50.896294,1435.57175274184,-1.5816838803456963,True
C_annulus,2010-07-08,No Drift,Environmental Drift,Environmental Drift,21.201653,False,1.2167689,107.58082606793474,-1.3714010281101978,True,50.041756,266.8437875260752,1.6324298149409489,True,3.009649,1083.9472463246543,-1.4732840638031057,True,2.5436969,270.87816125148976,1.4660898173592563,True,49.1964,1457.3181991768618,-1.5040419741898945,True
C_annulus,2010-07-09,No Drift,Environmental Drift,Environmental Drift,21.135687,False,1.1119268,108.9524554898328,-1.3738026257189417,True,51.048557,270.7479588381607,1.5182986469010125,True,2.920381,1097.005375940185,-1.4057938883274845,True,2.7936502,276.2745222664246,1.442702838999597,True,47.80392,1478.412780815664,-1.3675149360255903,True
C_annulus,2010-07-10,No Drift,Environmental Drift,Environmental Drift,20.499989,False,1.0581207,110.21362664204435,-1.2650691979398312,True,51.43051,274.6905467938767,1.256996012502136,True,3.1105812,1111.025276666096,-0.20968782414203796,True,2.9588294,282.0576516056823,1.332941805085576,True,43.9419,1497.6994238442658,-1.6303811535303636,True
C_annulus,2010-07-11,No Drift,Environmental Drift,Environmental Drift,20.346106,False,0.968777,111.29138439701288,-1.304253479590629,True,52.506622,278.74136910697496,1.3616939094898328,True,3.0041962,1124.5072280553873,-0.67913387280723,True,3.262198,288.55112047606076,1.4381579204586246,True,41.98873,1516.0717257332976,-1.4582109957493656,True
C_annulus,2010-07-12,No Drift,Environmental Drift,Environmental Drift,20.6126,False,0.9262824,112.28190515911923,-1.2034113921676777,True,53.912678,282.93361133936713,1.5177263664844594,True,2.900095,1137.4627784936777,-1.267238215400353,True,3.5167751,295.6406834682724,1.4322265044102709,True,41.807167,1534.3590314388903,-1.1490285581568485,True
C_annulus,2010-07-13,No Drift,Environmental Drift,Environmental Drift,20.322386,False,1.0403398,113.50657396921736,-0.3726311774937414,True,53.446877,287.0790036601091,1.0232231353682608,True,3.1679804,1151.7729259925081,1.3830722381698337,True,3.452097,302.57880204118663,1.0334383849499147,True,40.50464,1552.0365811390336,-1.1373450100259925,True
C_annulus,2010-07-14,No Drift,Environmental Drift,Environmental Drift,20.106743,False,1.1574681,114.97169492522315,0.8689764471378587,True,52.515778,291.13074680320034,0.2828335201448877,True,3.4742718,1167.6318748786184,1.9829395978712854,True,3.3357253,309.244435660657,0.5821623742811423,True,40.05048,1569.5015243046073,-0.9939104990788881,True
C_annulus,2010-07-15,No Drift,Environmental Drift,Environmental Drift,19.757217,False,1.2780906,116.68444138575892,1.6944815188926954,True,51.51275,295.0816061143289,-0.7685568519869138,True,3.7370906,1184.8198007456372,1.7695465781460156,True,3.196273,315.5835409770119,-0.07763298993705098,True,39.061886,1586.5036743589312,-1.0545479428523887,True
C_annulus,2010-07-16,No Drift,Environmental Drift,Environmental Drift,19.468681,False,1.4082614,118.66441503291978,1.6661951278660954,True,50.542927,298.9349215206153,-1.4517673735799537,True,3.9687397,1203.179090252515,1.5783592048723167,True,3.0211961,321.5127024175005,-1.0954082756389898,True,38.402294,1603.1970480436837,-1.2721620514738126,True
C_annulus,2010-07-17,No Drift,Environmental Drift,Environmental Drift,19.019756,False,1.5340289,120.90257624058702,1.5103356385289357,True,49.326794,302.66591924213435,-1.627975801650718,True,4.2443147,1222.9318596399546,1.4669923536045912,True,2.8117626,326.95147378738085,-1.6913001755865575,True,37.181877,1619.319104727284,-1.514781146472905,True
C_annulus,2010-07-18,No Drift,Environmental Drift,Environmental Drift,18.889235,False,1.6735672,123.42719507021442,1.4342354135249045,True,48.430763,306.30679494855514,-1.4295375470285965,True,4.3810034,1243.3758129873927,1.247691846784383,True,2.6124804,331.92362462544986,-1.551748551592144,True,37.34836,1635.5190966037085,-1.0843357281706694,True
C_annulus,2010-07-19,No Drift,Environmental Drift,Environmental Drift,18.735018,False,1.8184729,126.24929023331842,1.4400008384650242,True,47.415237,309.8455298900727,-1.3846079072750566,True,4.5736732,1264.7940261942065,1.2586776265657695,True,2.3643794,336.31484532266984,-1.5317906038019513,True,37.50332,1651.7916306047584,-0.8031914767387685,True
C_annulus,2010-07-20,No Drift,Environmental Drift,Environmental Drift,18.77459,False,1.8763676,129.19023722008095,1.2589397769097925,True,46.62283,313.3045650772967,-1.3223996955340742,True,4.6904655,1286.8028141244924,1.2054061727292111,True,2.2345986,340.4021834808145,-1.3514995532724516,True,38.448677,1668.5067176392554,0.15740580976517152,True
C_annulus,2010-07-21,No Drift,Environmental Drift,Environmental Drift,18.707619,False,2.0028672,132.39087486398805,1.319650030008251,True,45.433113,316.6439395579623,-1.4044777060068525,True,4.8524804,1309.6308514507068,1.262547194132489,True,1.9714578,343.873375702121,-1.432186308055393,True,39.278175,1685.6101198703343,1.3106975911537673,True
C_annulus,2010-07-22,No Drift,Environmental Drift,Environmental Drift,18.305662,False,2.0961757,135.78306506820243,1.3020228432863192,True,44.33029,319.8723931597411,-1.427371176063642,True,4.9956527,1333.1828576621233,1.3035902923100104,True,1.7895718,346.9186804583068,-1.375046638548226,True,38.316612,1702.2633830568047,0.3293931052049541,True
C_annulus,2010-07-23,No Drift,Environmental Drift,Environmental Drift,18.243807,False,2.0940936,139.17098091782836,1.0464882847981931,True,44.00495,323.06812430035876,-1.2356781849129341,True,4.9913635,1356.7131752361781,1.0759985025990997,True,1.778218,349.93740037708716,-1.1082030993148195,True,38.3504,1718.9324629336845,0.3859217394257778,True
C_annulus,2010-07-24,No Drift,Environmental Drift,Environmental Drift,18.468407,False,2.1110613,142.5937298451312,0.9378570549694618,True,43.846138,326.24788211003045,-1.0427780510847884,True,4.938619,1379.976784055982,0.6974826424642054,True,1.7662039,352.9279890818716,-0.9180822274672789,True,39.68,1736.2239725262805,1.4857927366871768,True
C_annulus,2010-07-25,No Drift,Environmental Drift,Environmental Drift,18.55771,False,2.110915,146.01617825099615,0.7805878548560654,True,43.563774,329.3992399880001,-0.9787900462894501,True,4.969222,1403.3951405197254,0.6669076096639533,True,1.7520306,355.88539098190085,-0.7888862664499836,True,40.392616,1753.8490808884358,1.5714633148767456,True
C_annulus,2010-07-26,No Drift,Environmental Drift,Environmental Drift,18.322023,False,2.0718908,149.35851420012378,0.23243043858409532,True,43.023033,332.49621057714734,-1.1226709341729648,True,5.094363,1427.4462892001666,1.248501085302571,True,1.7557805,358.8515731747151,-0.599260752127042,True,39.665047,1771.1335902070784,0.6218845277326813,True
C_annulus,2010-07-27,Sensor Drift,Environmental Drift,Environmental Drift,18.723862,False,2.1061041,152.77108651221954,0.5543281671273167,True,43.105232,335.60144868491545,-0.9669137102563371,True,4.9239407,1450.6356744153118,-0.5705785885167511,True,1.7678077,361.8459172857536,-0.37877486018117856,True,41.71623,1789.3783246038004,1.7620100677682557,True
C_annulus,2010-07-28,Sensor Drift,Environmental Drift,Environmental Drift,18.941515,False,2.1471138,156.2678474089597,1.8265796248571722,True,43.313198,338.7276038296547,-0.5857916691845855,True,4.8468776,1473.435380280826,-1.5623083497592967,True,1.7528942,364.8053411987831,-0.9398925649264849,True,42.647484,1808.0590099898861,1.5641287519803864,True
C_annulus,2010-07-29,Sensor Drift,Environmental Drift,Environmental Drift,19.105652,False,2.1708791,159.81339605229607,1.6602815979691476,True,43.346565,341.8571150160394,-0.30244850388456906,True,4.814763,1496.072695035982,-1.344783733560255,True,1.7396027,367.7336430268479,-1.5193936477664454,True,43.456455,1827.1184012679257,1.430708209841812,True
C_annulus,2010-07-30,Sensor Drift,Environmental Drift,Environmental Drift,19.245543,False,2.1784687,163.37452531278745,1.3045831763543023,True,43.143913,344.96624363052814,-0.6598343272112102,True,4.8384943,1518.830009802724,-0.8217232222995167,True,1.7268959,370.6321918994023,-1.7120252831850469,True,44.339935,1846.591378374362,1.4152209799840996,True
C_annulus,2010-07-31,Sensor Drift,Environmental Drift,Environmental Drift,19.523983,False,2.2045407,166.9891777350409,1.3423107565228767,True,43.247204,348.08576112573417,-0.009887257992113391,True,4.766522,1541.2233870644675,-1.1389052279267633,True,1.7258255,373.5282344695369,-1.2792259228035592,True,45.67582,1866.6897263830456,1.45774460695685,True
C_annulus,2010-08-01,Sensor Drift,Environmental Drift,Environmental Drift,19.496496,False,2.203586,170.60187040511613,0.979373833474449,True,42.90031,351.17038837250385,-1.579153446075342,True,4.825078,1563.9128606415698,-0.44084364443819746,True,1.7065773,376.379207140294,-1.5515660012505483,True,45.846935,1886.8681793123221,1.1350612102986108,True
C_annulus,2010-08-02,Sensor Drift,Environmental Drift,Environmental Drift,19.785799,False,2.219169,174.2465529459744,1.110801905219516,True,42.957832,354.260801117384,-1.0926621827810994,True,4.78755,1586.412568889307,-0.8224617023117436,True,1.7069565,379.2310677215085,-1.115466835000826,True,47.25748,1907.7069545116556,1.447608449639872,True
C_annulus,2010-08-03,Sensor Drift,Environmental Drift,Environmental Drift,19.972788,False,2.240112,177.93422963039853,1.4398602392462487,True,42.982826,357.35372772814515,-0.7950798442261667,True,4.7784057,1608.866037781993,-0.9602161135826093,True,1.6909068,382.04534772289384,-1.4282933360908667,True,48.17169,1928.9737018166736,1.4187889156297477,True
C_annulus,2010-08-04,Sensor Drift,Environmental Drift,Environmental Drift,20.322498,False,2.2584476,181.65954735909457,1.517456631732726,True,43.018307,360.4502229388085,-0.4058771529386021,True,4.77788,1631.3168495453438,-0.7452676828501075,True,1.6789856,384.83171423117506,-1.4857185388759002,True,49.87886,1951.0396303973766,1.5744365286995858,True
C_annulus,2010-08-05,Sensor Drift,Environmental Drift,Environmental Drift,20.708633,False,2.282268,185.43376589701248,1.5540135332426745,True,42.791725,363.52392875818157,-1.4166366909407053,True,4.9793215,1654.786274973992,2.1181749646640258,True,1.6545227,387.5608006058599,-1.6966016358062725,True,51.835335,1974.0214483925265,1.6313311955267067,True
C_annulus,2010-08-06,Sensor Drift,Environmental Drift,Environmental Drift,21.13433,False,2.300331,189.24506603945713,1.4803163250915372,True,43.14147,366.63281181800545,0.8999624594139888,True,4.91447,1677.927771581395,0.9933154731618923,True,1.6772149,390.34302092679917,-0.6054595413479955,True,53.638172,1997.8472333446052,1.5651984762248896,True
C_annulus,2010-08-07,Sensor Drift,Environmental Drift,Environmental Drift,20.859709,False,2.3470268,193.1522276261111,1.6628658693515352,True,42.671535,369.69442905796564,-1.6340082735747146,True,5.181504,1702.4195576617178,1.9424004605718326,True,1.6370735,393.0312500222334,-1.610766532912202,True,52.461407,2021.1221360238094,0.8917258351004346,True
C_annulus,2010-08-08,Sensor Drift,Environmental Drift,Environmental Drift,21.158659,False,2.3676908,197.1018102120251,1.4605292829135652,True,42.99826,372.7889080346234,0.38963256313666783,True,5.0890627,1726.4439035747425,0.982906648292783,True,1.6624107,395.7788063859055,-0.43564718368599414,True,53.675873,2044.9655698808576,1.0380597382692793,True
C_annulus,2010-08-09,Sensor Drift,Environmental Drift,Environmental Drift,21.500408,False,2.3814416,201.0796217457108,1.2781712986056406,True,43.225746,375.90626733453325,1.3095960386024696,True,5.1079946,1750.5639808906767,0.8254777964915829,True,1.6589216,398.5181929126777,-0.3774946819409942,True,55.127953,2069.4887696260253,1.2559243734176093,True
C_annulus,2010-08-10,Sensor Drift,Environmental Drift,Environmental Drift,21.589346,False,2.3820758,205.05873521266173,1.0038600300137372,True,43.359184,379.0370477315917,1.3740068452390173,True,5.12292,1774.7595308067284,0.6929814292764412,True,1.6653652,401.2726672181219,0.23122020639993615,True,55.417187,2094.14736931288,1.1726716434252935,True
C_annulus,2010-08-11,Sensor Drift,Environmental Drift,Environmental Drift,22.090782,False,2.3872464,209.04846335131313,0.8851632621850493,True,43.625423,382.194606248527,1.5496494020522515,True,5.117694,1798.928654100714,0.47867576523304356,True,1.6742516,404.0479489417173,0.9595520352793528,True,57.649292,2119.8508902495128,1.7165154480834828,True
C_annulus,2010-08-12,Sensor Drift,Environmental Drift,Environmental Drift,22.150747,False,2.3794775,213.02224280746535,0.5117947613453928,True,43.61472,385.35108816172874,1.1198148998899142,True,5.1718645,1823.3716980126915,0.8009832242225803,True,1.6779684,406.8319336392682,0.9250874518910275,True,57.909718,2145.676324885768,1.3473686362332846,True
C_annulus,2010-08-13,Sensor Drift,Environmental Drift,Environmental Drift,22.340582,False,2.3812218,216.99960306954557,0.4399077669288147,True,43.781094,388.524303857979,1.159997468392108,True,5.147357,1847.6908164987833,0.3907078353709198,True,1.7025706,409.67352449349437,1.7067912097371427,True,58.690643,2171.8673363287458,1.2222541075289195,True
C_annulus,2010-08-14,Sensor Drift,Environmental Drift,Environmental Drift,22.52289,False,2.3882556,220.99140304410366,1.0679660010261165,True,43.966778,391.7161955212049,1.3645234559339932,True,5.123385,1871.888717323276,-0.08815340224443786,True,1.7205817,412.5572884427198,1.7552405122815071,True,59.415455,2198.39765569328,1.2176372965741193,True
C_annulus,2010-08-15,Sensor Drift,Environmental Drift,Environmental Drift,22.85997,False,2.368616,224.94288518001855,-1.953966924363222,True,44.122902,394.9237900215663,1.4241764800469254,True,5.0830994,1895.882908917363,-1.4777613308479225,True,1.732887,415.4698655189395,1.4884404926498218,True,60.99236,2225.6661753756016,1.481008591008378,True
C_annulus,2010-08-29,Sensor Drift,Environmental Drift,Environmental Drift,20.902493,False,2.5589657,229.28513524376632,2.2574645730523986,True,39.25286,397.64155975014546,-2.2436962460917558,True,6.1781387,1925.4143072830057,2.2624492728985888,True,1.5803121,418.0251874542365,-1.9674619094839056,True,54.94219,2250.102412788957,-1.363964809013131,True
C_annulus,2010-08-30,Sensor Drift,Environmental Drift,Environmental Drift,20.229284,False,2.7888346,234.09928227681806,2.055368278757936,True,37.651306,400.1982463859668,-1.738554094631208,True,5.984739,1953.967754260223,1.2447900548789719,True,1.6026924,420.632912854283,-1.1622739935198587,True,53.11886,2273.6850900128125,-1.6443257002482436,True
C_annulus,2010-08-31,Sensor Drift,Environmental Drift,Environmental Drift,18.941673,False,3.153231,239.66149715999273,1.9420723434072498,True,35.63803,402.55243943688487,-1.5479196143080167,True,6.0934534,1983.0709304337413,1.0768145100335917,True,1.4931076,422.98404469295184,-1.7104811073159416,True,48.33054,2295.0261991565267,-1.794104083077752,True
C_annulus,2010-09-01,Sensor Drift,Environmental Drift,Environmental Drift,17.510513,False,3.5439003,246.0257156602188,1.7655838280939278,True,33.189938,404.6604052334176,-1.460341876907282,True,6.333473,2013.387797449405,1.119360335970062,True,1.3392098,424.97482389231817,-1.7969963299691956,True,43.14604,2313.9402758191573,-1.6895615882253439,True
C_annulus,2010-09-02,Sensor Drift,Environmental Drift,Environmental Drift,17.02738,False,3.6034298,252.51214213312588,1.3147628208708482,True,32.843132,406.7334896061347,-1.128153349510809,True,6.004935,2042.0433678893037,0.3460010107789686,True,1.2224543,426.6922193417387,-1.6008832097137886,True,41.462948,2332.0664412900105,-1.335569333662912,True
C_annulus,2010-09-03,Sensor Drift,Environmental Drift,Environmental Drift,16.816778,False,3.6772676,259.150149857303,1.0825384105205273,True,32.765522,408.79876802626495,-0.8871275754715974,True,5.9754705,2070.5499486025524,0.06197814342740552,True,1.0820382,428.0808294481321,-1.5324763287595642,True,40.5836,2349.7809549367253,-1.081109389496829,True
C_annulus,2010-09-04,Sensor Drift,Environmental Drift,Environmental Drift,16.842117,False,3.7347481,265.9061592329275,0.9408690811618297,True,32.78242,410.8657461450907,-0.7792897843172906,True,5.930433,2098.828790184345,-0.9912020268673919,True,0.96748906,429.2012220701255,-1.4504847254798494,True,40.79549,2367.594661751045,-0.8660831028810334,True
C_annulus,2010-09-05,Sensor Drift,Environmental Drift,Environmental Drift,16.884563,False,3.7967,272.7893493789679,0.8874537314990613,True,32.952114,412.9497918478375,-0.5326688688470109,True,5.785598,2126.375255067875,-1.3657439761821806,True,0.8560611,430.0607053723202,-1.340303235423315,True,41.03234,2385.5192461188053,-0.6287318730959045,True
C_annulus,2010-09-06,Sensor Drift,Environmental Drift,Environmental Drift,16.941195,False,3.8206494,279.7217051259206,0.8864236638268947,True,33.133247,415.0520557883175,-0.18997388136896334,True,5.640275,2153.1868766076705,-1.475564630848718,True,0.7474812,430.66594817354473,-1.3234626600148527,True,41.364315,2403.5992383541134,-0.37201952638055097,True
C_annulus,2010-09-07,Sensor Drift,Environmental Drift,Environmental Drift,16.976114,False,3.8040729,286.62003098034234,0.8614950467592647,True,33.245125,417.16557227131244,1.2834504336401242,True,5.475009,2179.1628092707665,-1.4498704735546584,True,0.6478143,431.037820137795,-1.324635881283015,True,41.708557,2421.840381538866,0.31484579854640043,True
C_annulus,2010-09-08,Sensor Drift,Environmental Drift,Environmental Drift,18.650023,False,3.4190307,292.7279051834744,-1.9071312521334314,True,35.759422,419.5319747605799,2.2358520592651727,True,5.2018585,2203.7575217394224,-1.7310061700197286,True,0.74723756,431.6424923986313,-0.7225000960998905,True,48.122562,2443.084129729536,2.2432160554298783,True
C_annulus,2010-09-09,Sensor Drift,Environmental Drift,Environmental Drift,20.242937,False,3.076631,298.13286855339487,-1.962274570377236,True,37.83142,422.1067771917977,1.9156275685827062,True,4.895524,2226.803214608272,-1.6693686272540482,True,0.8764682,432.54975901659986,0.20428901243336822,True,54.534637,2467.329579319332,1.9700130611507392,True
C_annulus,2010-09-10,Sensor Drift,Environmental Drift,Environmental Drift,22.00992,False,2.6956127,302.75564069597965,-1.7737990943561446,True,40.149292,424.91470922178723,1.7298162380825364,True,4.550845,2248.105994593846,-1.6102146415302394,True,1.0213411,433.7962465074168,1.3896023410922727,True,61.6325,2494.8977696577335,1.7754988817838238,True
C_annulus,2010-09-11,Sensor Drift,Environmental Drift,Environmental Drift,23.960709,False,2.2876794,306.5409682486799,-1.617244569000352,True,42.591766,427.9683033467539,1.5912984481234074,True,4.1801977,2267.534548389783,-1.5609929671739724,True,1.1892164,435.43581511190126,1.7325309636419997,True,69.55468,2526.1745908464177,1.6403522653535034,True
C_annulus,2010-09-12,Sensor Drift,Environmental Drift,Environmental Drift,25.156797,False,2.1587067,310.0615280939498,-1.2865237104103895,True,43.87664,431.15112905501906,1.3435805212648937,True,4.1308446,2286.7135418015546,-1.2186537643110342,True,1.4313514,437.642344549862,1.709108395942366,True,74.18645,2559.6196933186175,1.3986801187987399,True
C_annulus,2010-09-13,Sensor Drift,Environmental Drift,Environmental Drift,25.72834,False,2.04359,313.34576551584036,-1.0985415409454837,True,44.782154,434.42503060478356,1.1625638568926275,True,4.185274,2306.1677651064806,-0.8761995324555063,True,1.6547276,440.3719107478969,1.5629120510578118,True,75.975945,2593.9025178604975,1.145240924186769,True
C_annulus,2010-09-14,Sensor Drift,Environmental Drift,Environmental Drift,26.119822,False,1.9383647,316.413986268252,-1.028784556458919,True,45.486935,437.7698184147708,1.081011972212967,True,4.2447762,2325.922868524044,-0.5715921873574621,True,1.8816271,443.63276365302886,1.4967450408519876,True,77.04742,2628.686933460543,0.9863380340518506,True
C_annulus,2010-09-15,Sensor Drift,Environmental Drift,Environmental Drift,26.310593,False,1.832949,319.2657995264809,-1.0257738399867924,True,46.273796,441.1937481095475,1.0733700635487318,True,4.2764463,2345.838115824615,-0.2733001751598753,True,2.1299174,447.4749899564152,1.4662963002059397,True,77.039856,2663.4678096363605,0.8028566760353536,True
C_annulus,2010-09-16,Sensor Drift,Environmental Drift,Environmental Drift,26.441208,False,1.736673,321.9199680577286,-1.12194248122373,True,47.17504,444.70832430883934,1.191504462746073,True,4.2690554,2365.715989708943,0.04766941221877538,True,2.3903108,451.9269291025458,1.4458082824939107,True,76.63497,2698.059146251755,0.6074875304554023,True
C_annulus,2010-09-17,Sensor Drift,Environmental Drift,Environmental Drift,26.599731,False,1.6503693,324.3969640284182,-1.3056865468253427,True,48.038624,448.3097589482623,1.3635211349333005,True,4.254728,2385.521414623087,0.6279627652157456,True,2.6669593,457.0266426111172,1.4432946635662793,True,76.387985,2732.5348604851642,0.41737930272484336,True
C_annulus,2010-09-18,Sensor Drift,Environmental Drift,Environmental Drift,26.46079,False,1.6540076,326.8814289846821,-1.0450716549047316,True,48.25075,451.9325292186241,1.1976645910688444,True,4.5393996,2406.7663188596234,2.0749596472296368,True,2.8399746,462.53147273260277,1.336919125056816,True,75.01983,2766.370096082233,-0.9481638081228979,True
C_annulus,2010-09-19,Sensor Drift,Environmental Drift,Environmental Drift,26.738066,False,1.5830026,329.2201280731687,-1.1502389516179627,True,49.236473,455.65444256858257,1.3741232243885237,True,4.488016,2427.7513958728737,1.228462719218882,True,3.1687655,468.8061689518018,1.4404147301323658,True,75.21407,2800.296263809328,-1.1843586386662923,True
C_annulus,2010-09-20,Sensor Drift,Environmental Drift,Environmental Drift,26.583092,False,1.551082,331.49329758111026,-1.1188608926958539,True,49.937077,459.44682205007945,1.3718520360389943,True,4.6751876,2449.682929335003,1.6314384214006814,True,3.395256,475.61119418530336,1.3852591406449186,True,73.35686,2833.353008226126,-1.8104606327570645,True
C_annulus,2010-09-24,Sensor Drift,Environmental Drift,Environmental Drift,24.764011,False,1.3672247,333.38902709121106,-1.7456760958420272,True,48.381016,463.08269419652555,0.16109258694427336,True,5.23759,2474.4583217760946,2.0138791008980688,True,3.317182,482.23340867636296,0.9864135490331689,True,65.51704,2862.7396768729095,-2.1560580372255056,True
C_annulus,2010-09-25,Sensor Drift,Environmental Drift,Environmental Drift,24.004728,False,1.2440735,335.0319400049732,-1.6985755084759366,True,48.97094,466.7779004072525,0.4464323097666902,True,5.007515,2498.070311114987,1.0019117704737104,True,3.3992836,489.0478645740314,0.9403959805392335,True,61.401836,2890.199886199797,-1.7538246095123162,True
C_annulus,2010-09-26,Sensor Drift,Environmental Drift,Environmental Drift,23.122305,False,1.170877,336.5245880394641,-1.457876215209931,True,49.450825,470.52137307310227,0.7952652115381592,True,5.061507,2521.955319287505,0.8668467837676398,True,3.2855325,495.59597133959375,0.45890490340837975,True,56.64278,2915.4322261969255,-1.5814278506917823,True
C_annulus,2010-09-27,Sensor Drift,Environmental Drift,Environmental Drift,22.382175,False,1.0947129,337.86087902800995,-1.3024265045707237,True,49.822548,474.30223335506537,1.0213945931411779,True,5.046208,2545.7629644884,0.6184594401134724,True,3.1707816,501.8753881943338,-0.28075070409675823,True,52.77663,2938.8546953653795,-1.4111260656953277,True
C_annulus,2010-09-28,Sensor Drift,Environmental Drift,Environmental Drift,21.887487,False,1.0256768,339.05544626000824,-1.218707460945786,True,50.39072,478.1402399627175,1.399470866152167,True,4.964773,2569.158824566753,0.15221259915491536,True,3.0522656,507.8772991169101,-1.5677075934546831,True,50.004,2960.9792065958372,-1.2399434739300557,True
C_annulus,2010-09-29,Sensor Drift,Environmental Drift,Environmental Drift,21.337473,False,0.9536334,340.10211583086965,-1.1973402425988666,True,50.945686,482.03406459879363,1.4493577979519152,True,4.920327,2592.3299377981375,-0.3944673533708646,True,2.9128363,513.5527353292058,-1.6707972886216027,True,46.95488,2981.6763244657454,-1.197732313688981,True
C_annulus,2010-10-01,Sensor Drift,Environmental Drift,Environmental Drift,19.993202,False,0.9418944,341.124686421212,-1.096692886235584,True,49.904728,485.82319048098174,0.24414065453713288,True,5.329648,2617.570834222447,1.6716563308015715,True,2.646515,518.6045781545173,-1.7635526532262713,True,41.14323,2999.652819793595,-1.4671940981330767,True
C_annulus,2010-10-02,Sensor Drift,Environmental Drift,Environmental Drift,20.037613,False,0.77689046,341.8085210179738,-1.6120622804697275,True,51.621082,489.78494589668213,1.6187323837633003,True,4.8505917,2640.3893208324203,-1.1474053347704762,True,2.7212849,523.831495373249,-1.0828608338338945,True,40.218224,3017.1962892465535,-1.2381974723442546,True
C_annulus,2010-10-03,Sensor Drift,Environmental Drift,Environmental Drift,19.631413,False,0.7404509,342.4175490255028,-1.3788512669952424,True,52.74621,493.85986556333995,1.7574691503482283,True,4.704108,2662.4670952667148,-1.4219787927517253,True,2.5019896,528.5449312668921,-1.3745301586413998,True,37.464306,3033.450560032879,-1.2623369457181928,True
C_annulus,2010-10-04,Sensor Drift,Environmental Drift,Environmental Drift,19.134851,False,0.7417187,343.0291796759408,-1.0765221930171343,True,53.306774,497.99116649943426,1.501001747304582,True,4.701014,2684.529223501138,-1.056354844332799,True,2.329956,532.855549456935,-1.4364473475080284,True,34.5948,3048.361521106382,-1.2938841923594493,True
C_annulus,2010-10-05,Sensor Drift,Environmental Drift,Environmental Drift,19.466341,False,0.8642006,343.8922529181464,0.00618623188527541,True,52.673027,502.0587256650144,0.7834542434541187,True,5.191846,2709.0733058411315,1.0144979440237538,True,2.2999597,537.095930887285,-1.1922912281275957,True,36.302666,3064.071990254074,-0.8207655467290804,True
C_annulus,2010-10-06,Sensor Drift,Environmental Drift,Environmental Drift,19.775942,False,0.93819636,344.9072317936791,0.9007538176014662,True,52.66927,506.1259069066182,0.568083113005143,True,5.124502,2733.2768560794475,0.6103207673191192,True,2.3089576,541.3573810008563,-0.9364417676620295,True,37.838783,3080.5015661151892,-0.33850688133706086,True
C_annulus,2010-10-07,Sensor Drift,Environmental Drift,Environmental Drift,20.221403,False,1.0049293,346.0592064746845,1.3669504423519132,True,52.697655,510.1959431048796,0.40876341376645564,True,5.135272,2757.5348654132,0.517652591187705,True,2.289509,545.5732922777447,-0.8446252101012311,True,39.97965,3097.9333508402615,0.7482999836973486,True
C_annulus,2010-10-08,Sensor Drift,Environmental Drift,Environmental Drift,20.056435,False,1.1437217,347.49610753771765,1.6938079358252034,True,51.60974,514.1565578424261,-1.376507089250634,True,5.819851,2785.254535585917,1.9199140136267578,True,2.1733356,549.5171825141664,-1.1156603831695298,True,39.535515,3115.157222071568,0.7423707138173768,True
C_annulus,2010-10-09,Sensor Drift,Environmental Drift,Environmental Drift,20.298628,False,1.2140453,349.0773756244407,1.4304064574496622,True,51.414967,518.0975823055497,-1.5197717076029604,True,5.754119,2812.641823472886,1.2313011021473848,True,2.1549776,553.4180873891848,-1.2145806052551007,True,40.95504,3133.0456193088717,1.284385616540874,True
C_annulus,2010-10-10,Sensor Drift,Environmental Drift,Environmental Drift,20.447308,False,1.2826979,350.79958043436903,1.3048960592207692,True,51.08633,522.0055528087148,-1.353737595733516,True,5.805388,2840.2883598979856,1.0207099068399896,True,2.0814357,557.1467934613308,-1.5870733055849857,True,41.98069,3151.4141567648694,1.2316337828870176,True
C_annulus,2010-10-11,Sensor Drift,Environmental Drift,Environmental Drift,20.473465,False,1.4487717,352.8627175160901,1.5548534483635899,True,49.924557,525.7966730551962,-1.730503008345851,True,5.394859,2865.8590031794015,-0.2036931838165032,True,1.8042704,560.2265151453105,-1.9853473499831062,True,43.79487,3170.631970314139,1.4904227548120357,True
