DATEPRD,AVG_DOWNHOLE_PRESSURE,AVG_DOWNHOLE_TEMPERATURE,AVG_DP_TUBING,BORE_OIL_VOL,AVG_WHP_P,AVG_ANNULUS_PRESS,ANNULUS_FILLED,WINDOW,TRUE_LABEL,DRIFT_ONSET,INJECTED_FEATURES
2008-02-13,303.033518125,105.57433902849137,182.1449420833333,1869.7,120.88857604166668,16.466641041666666,0,baseline,No Drift,0,
2008-02-14,295.58606133333336,105.77548622222224,181.86788666666664,3124.09,113.71817466666668,12.659589111111112,0,baseline,No Drift,0,
2008-02-15,297.66270211663067,105.75187535637149,180.8320604535637,2608.28,116.83064166306696,5.264051706263499,0,baseline,No Drift,0,
2008-02-16,295.9355189583333,105.811114375,180.50104479166663,3051.8,115.43447416666666,12.384633541666666,0,baseline,No Drift,0,
2008-02-17,295.5516572916667,105.83129916666668,180.3457808333333,2982.63,115.20587645833334,14.384565208333331,0,baseline,No Drift,0,
2008-02-18,294.21106282608696,105.86646695652172,180.92924760869565,2980.52,113.2818152173913,15.980444130434783,0,baseline,No Drift,0,
2008-02-19,293.829243125,105.86795833333332,180.06011520833334,3046.19,113.76912791666666,18.811254375,0,baseline,No Drift,0,
2008-02-20,293.0614802083333,105.87933021276596,179.66174354166668,3057.18,113.39973666666668,19.740757234042555,0,baseline,No Drift,0,
2008-02-21,292.5402470833333,105.88343395833331,179.433895,3030.33,113.10635208333332,19.43167520833333,0,baseline,No Drift,0,
2008-02-22,292.3615588469096,105.88229316314596,179.2822295892872,2907.56,113.07932925762232,1.038593039423391,0,baseline,No Drift,0,
2008-02-24,290.54162541666665,105.90578958333332,179.35469375,3126.7,111.18693166666668,8.582714375,0,baseline,No Drift,0,
2008-02-25,290.2081439583333,105.8956975,178.758408125,3045.54,111.44973583333334,12.3043675,0,baseline,No Drift,0,
2008-02-26,289.5361845833333,105.90156645833332,178.60267479166666,3046.54,110.93350979166668,12.506407083333333,0,baseline,No Drift,0,
2008-02-27,288.93326291666665,105.90246333333332,178.60774625,3035.54,110.32551666666669,12.375716666666667,0,baseline,No Drift,0,
2008-02-28,288.8482654034959,105.8960803842832,178.21955504262536,2971.55,110.62871036087051,10.149501590093406,0,baseline,No Drift,0,
2008-02-29,287.5143464583333,105.906833125,178.06743958333334,3070.54,109.446906875,11.423948541666666,0,baseline,No Drift,0,
2008-03-01,286.8915927083333,105.90908916666666,178.06476229166665,3068.48,108.82683041666668,11.15552625,0,baseline,No Drift,0,
2008-03-02,286.2646760416667,105.91060979166669,177.943628125,3066.54,108.32104791666669,11.222632708333334,0,baseline,No Drift,0,
2008-03-03,285.7278645833333,105.91012166666668,177.66862104166665,3043.54,108.05924354166666,10.866487916666667,0,baseline,No Drift,0,
2008-03-04,285.38199645833333,105.90365333333334,177.30688125,2983.19,108.07511520833332,9.828944791666666,0,baseline,No Drift,0,
2008-03-05,284.82887520833333,105.901836875,176.95958916666666,2967.05,107.86928604166668,9.322769583333333,0,baseline,No Drift,0,
2008-03-06,284.29474416666665,105.89892395833331,176.98435708333332,2950.88,107.31038708333334,9.113609583333334,0,baseline,No Drift,0,
2008-03-07,284.4236820464207,105.87815328384866,176.6699935935582,2656.62,107.75368845286256,6.275873780184494,0,baseline,No Drift,0,
2008-03-08,284.4131456047696,105.8712220838174,176.38169897861303,2578.48,108.03144662615652,4.590883575517391,0,baseline,No Drift,0,
2008-03-09,282.38606708333333,105.90461208333332,176.45656520833333,2996.83,105.929501875,8.581735625,0,baseline,No Drift,0,
2008-03-10,281.52225791666666,105.90640479166667,176.232611875,3021.4,105.28964604166669,9.011776458333332,0,baseline,No Drift,0,
2008-03-11,280.8944389583333,105.90751458333334,176.083680625,3010.4,104.81075833333334,8.933146041666667,0,baseline,No Drift,0,
2008-03-12,281.0849126182965,105.89505798107255,176.0320423449001,2794.44,105.05287027339642,6.69535807570978,0,baseline,No Drift,0,
2008-03-13,279.48820041666664,105.91619208333331,176.04687916666666,3058.89,103.44132125,8.6407475,0,baseline,No Drift,0,
2008-03-14,279.1117827797153,105.911560155358,175.89233934565613,2964.81,103.21944343405916,7.824437615869198,0,baseline,No Drift,0,
2008-03-15,277.9511014583333,105.91543125,175.81110125,3131.37,102.14000020833332,8.8183275,0,baseline,No Drift,0,
2008-03-16,277.2925220833333,105.91714041666668,175.553445,3135.37,101.73907708333331,8.410489375,0,baseline,No Drift,0,
2008-03-17,276.5644272916667,105.92080104166666,175.26535958333332,3143.37,101.29906770833334,8.006294583333334,0,baseline,No Drift,0,
2008-03-18,275.9827633333333,105.91885083333334,175.07195041666665,3132.37,100.91081291666669,7.753214375,0,baseline,No Drift,0,
2008-03-19,275.36289,105.91795270833332,174.90306375,3139.62,100.45982625,7.475899791666666,0,baseline,No Drift,0,
2008-03-20,274.79269416666665,105.91529458333332,174.668426875,3156.67,100.12426729166668,6.968092708333334,0,baseline,No Drift,0,
2008-03-21,274.07213145833333,105.91596291666669,174.49839833333334,3192.14,99.573733125,6.696183541666667,0,baseline,No Drift,0,
2008-03-22,273.4561072916667,105.91546583333331,174.28361125,3172.12,99.17249604166666,6.462107916666667,0,baseline,No Drift,0,
2008-03-23,272.8807791666667,105.91282166666667,174.087919375,3160.26,98.79285979166669,6.287791041666667,0,baseline,No Drift,0,
2008-03-24,272.2367566666667,105.91278583333332,173.83483,3153.35,98.40192666666668,4.956670833333333,0,baseline,No Drift,0,
2008-03-25,271.6835775,105.910075,173.644271875,3130.58,98.039305625,14.906444166666668,0,baseline,No Drift,0,
2008-03-29,271.4679408510638,105.87037574468086,174.19106978723406,3137.26,97.2768710638298,6.743923191489362,0,baseline,No Drift,0,
2008-04-01,270.35961895833333,105.88914770833334,172.92823479166665,3060.6,97.43138416666666,11.469455,0,baseline,No Drift,0,
2008-04-02,269.64498145833335,105.8938425,172.98649104166665,3053.67,96.65849041666668,12.749728541666666,0,baseline,No Drift,0,
2008-04-03,268.861676875,105.89730333333333,172.74514458333334,3103.12,96.11653229166669,13.189178125,0,baseline,No Drift,0,
2008-04-04,268.1804975,105.89705395833332,172.48991145833332,3110.68,95.69058604166666,13.2729475,0,baseline,No Drift,0,
2008-04-05,267.456426875,105.894669375,172.31615729166666,3303.3,95.14026958333334,13.266147291666666,0,baseline,No Drift,0,
2008-04-06,266.85520041666666,105.88659041666666,172.066815625,3028.41,94.78838479166669,13.261453333333334,0,baseline,No Drift,0,
2008-04-07,266.4763933333333,105.87188041666668,171.73653541666667,2998.8,94.73985791666668,13.148674791666666,0,baseline,No Drift,0,
2008-04-08,265.8998741666667,105.86069083333334,171.35568375,3054.12,94.54419041666668,13.064404791666666,0,baseline,No Drift,0,
2008-04-09,265.3951304166667,105.85311104166666,171.17766333333333,3025.8,94.21746708333332,12.985788958333334,0,baseline,No Drift,0,
2008-04-10,264.9207029787234,105.84648425531915,171.1089055319149,3003.22,93.81179744680853,12.916430212765958,0,baseline,No Drift,0,
2008-04-11,264.33433,105.840110625,170.71207354166663,3015.97,93.62225645833334,12.716293541666667,0,baseline,No Drift,0,
2008-04-14,265.6112954166667,105.6165925,181.72734770833333,2578.63,83.88394770833334,6.660095208333333,0,baseline,No Drift,0,
2008-04-15,263.6763463329865,105.81841322321014,170.63894880718277,2494.26,93.03739752580373,10.545677044846618,0,baseline,No Drift,0,
2008-04-16,263.01012607283184,105.64635186289084,170.01040002284398,2847.56,92.99972604998788,11.030188760688484,0,baseline,No Drift,0,
2008-04-18,263.1737115188668,105.78555850157136,170.28931614193667,2448.14,92.88439537693012,7.94042125401692,0,baseline,No Drift,0,
2008-04-19,263.1419007844741,105.7766075477225,170.12042243608784,2513.65,93.0214783483863,9.92478416684462,0,baseline,No Drift,0,
2008-04-20,262.1704129166667,105.78688166666667,169.53188645833333,2752.75,92.63852645833332,11.18001375,0,baseline,No Drift,0,
2008-04-21,261.610255,105.78262708333334,169.28461875,2752.3,92.32563625,11.256799166666667,0,baseline,No Drift,0,
2008-04-22,261.1146539583333,105.77734729166669,168.94576666666666,2737.24,92.16888729166666,11.1599625,0,baseline,No Drift,0,
2008-04-23,260.55793520833333,105.77106875,168.69795541666667,2735.53,91.85997979166666,11.010634583333331,0,baseline,No Drift,0,
2008-04-24,260.1265817021277,105.76913127659574,168.54905191489362,2730.33,91.57752978723404,10.907252978723404,0,baseline,No Drift,0,
2008-04-25,260.523110625,105.78107645833332,168.74463145833334,2727.65,91.77847916666668,10.937146875,0,baseline,No Drift,0,
2008-04-26,261.1412585416667,105.79446541666668,168.90140395833333,2747.01,92.23985458333334,10.915416666666667,0,baseline,No Drift,0,
2008-04-30,261.2815514583333,105.77952354166666,170.41920520833332,3011.83,90.86234625,7.151377708333333,0,baseline,No Drift,0,
2008-05-01,260.78862,105.83854541666666,170.11878520833332,3167.59,90.66983479166667,10.633673333333334,0,baseline,No Drift,0,
2008-05-02,261.179134375,105.85250083333334,170.4076225,3163.92,90.771511875,11.451309583333334,0,baseline,No Drift,0,
2008-05-03,261.6092629166667,105.86265208333332,170.54918625,3173.19,91.06007666666666,11.855417083333334,0,baseline,No Drift,0,
2008-05-04,262.08819020833334,105.87273,170.71714791666668,3188.85,91.37104229166668,12.023132291666666,0,baseline,No Drift,0,
2008-05-05,262.652684375,105.88165333333332,170.93675520833332,3186.96,91.71592916666668,12.268680416666667,0,baseline,No Drift,0,
2008-05-06,263.0432495833333,105.8866975,171.23656729166666,3176.89,91.80668229166666,12.532499375,0,baseline,No Drift,0,
2008-05-07,263.48809166666666,105.893396875,171.38529166666666,3171.32,92.1028,12.593843541666669,0,baseline,No Drift,0,
2008-05-08,263.91874916666666,105.90165375,171.52171395833332,3170.85,92.39703520833334,12.716155,0,baseline,No Drift,0,
2008-05-09,264.351059375,105.90839375,171.57182145833335,3188.02,92.77923791666667,12.817577916666666,0,baseline,No Drift,0,
2008-05-10,264.227475,105.91762041666668,172.648793125,3415.68,91.578681875,13.349437916666666,0,baseline,No Drift,0,
2008-05-11,264.08789,105.91898,174.47571541666667,3701.51,89.61217458333333,14.155385208333334,0,baseline,No Drift,0,
2008-05-12,264.08789,105.91898,176.44395872340425,4002.28,87.64393127659575,14.628508936170212,0,baseline,No Drift,0,
2008-05-13,264.08789,105.91898,178.2197363829787,4253.12,85.86815361702128,15.169232765957446,0,baseline,No Drift,0,
2008-05-14,264.08789,105.91898,178.34193,4279.91,85.74596,15.354737291666666,0,baseline,No Drift,0,
2008-05-15,264.08789,105.91898,179.66063458333332,4439.62,84.42725541666667,15.703747083333331,0,baseline,No Drift,0,
2008-05-16,264.08789,105.91898,180.6398,4582.9,83.44809,15.924326458333333,0,baseline,No Drift,0,
2008-05-17,264.08789,105.91898,181.25933666666663,4677.42,82.82855333333333,15.919254375,0,baseline,No Drift,0,
2008-05-18,264.08789,105.91898,181.24754833333333,4688.63,82.84034166666666,15.687664791666666,0,baseline,No Drift,0,
2008-05-19,264.08789,105.91898,181.15959666666663,4687.74,82.92829333333333,15.806983541666666,0,baseline,No Drift,0,
2008-05-20,297.6459697916667,105.57433902849137,216.3820125,4885.56,81.26395729166667,16.087013541666668,0,baseline,No Drift,0,
2008-05-21,257.2,105.57433902849137,177.02884,5013.12,80.17116,16.3650325,0,baseline,No Drift,0,
2008-05-22,258.14605958333334,106.08248895833331,177.925675625,5017.55,80.22038395833333,16.431950416666666,0,baseline,No Drift,0,
2008-05-23,258.33252270833333,106.14487625,178.13036875,5019.23,80.20215395833333,16.468540833333332,0,baseline,No Drift,0,
2008-05-24,258.339496875,106.14994958333334,178.16663895833332,5034.28,80.17285791666667,16.468244791666667,0,baseline,No Drift,0,
2008-05-25,258.3098160416667,106.15579270833334,178.29270916666667,5045.72,80.017106875,16.541159375,0,baseline,No Drift,0,
2008-05-26,258.316348125,106.161113125,178.35508875,5053.01,79.961259375,16.287065208333335,0,baseline,No Drift,0,
2008-05-27,257.975446875,106.22877770833334,178.00507854166668,5065.87,79.97036833333334,16.17432,0,baseline,No Drift,0,
2008-05-28,258.4236110416667,106.17195916666668,178.26345166666667,5072.27,80.160159375,16.017344791666666,0,baseline,No Drift,0,
2008-05-29,258.45708979166665,106.17610895833332,178.25680416666663,5086.33,80.200285625,15.986713333333334,0,baseline,No Drift,0,
2008-05-30,260.6458497591284,106.15840587602708,177.32261740065582,3869.22,83.32323235847258,15.655488568013444,0,baseline,No Drift,0,
2008-06-03,259.0873539624423,106.16301365806954,259.0873539624423,4999.75,0.0,12.23382604247566,0,baseline,No Drift,0,
2008-06-04,258.4640527083333,106.1684125,257.43431416666664,5067.01,1.029738541666667,13.167046458333331,0,baseline,No Drift,0,
2008-06-05,258.422451875,106.17518833333334,191.39515458333327,5040.47,67.02729729166667,13.687238958333332,0,baseline,No Drift,0,
2008-06-06,258.5171222916667,106.18150854166667,178.21372854166663,5058.13,80.30339375,13.862924166666666,0,baseline,No Drift,0,
2008-06-07,258.634306875,106.18602145833331,178.42629979166668,5057.56,80.20800708333333,14.043703333333331,0,baseline,No Drift,0,
2008-06-08,258.6495514583333,106.19175458333332,178.49661354166668,5070.12,80.15293791666667,14.028066875,0,baseline,No Drift,0,
2008-06-09,258.706738125,106.196510625,178.44858104166667,5081.36,80.25815708333333,13.964694583333332,0,baseline,No Drift,0,
2008-06-10,258.75828020833336,106.20104833333332,178.56673416666666,5081.78,80.19154604166667,13.904241458333331,0,baseline,No Drift,0,
2008-06-11,258.3180360416667,106.1953875,178.370149375,5087.06,79.94788666666666,13.796805,0,baseline,No Drift,0,
2008-06-12,257.2102972916667,106.178721875,177.810411875,5060.12,79.39988541666666,13.535714375,0,baseline,No Drift,0,
2008-06-13,256.56342229166665,106.175549375,177.52836145833334,5032.29,79.03506083333333,13.375660416666667,0,baseline,No Drift,0,
2008-06-14,259.0030253842801,106.15823234023348,177.31376738572098,4332.16,81.68925799855911,11.666209545844184,0,baseline,No Drift,0,
2008-06-15,256.6373745833333,106.19137375,177.8872475,5087.53,78.75012708333334,13.478296041666669,0,baseline,No Drift,0,
2008-06-16,256.86490104166666,106.20034416666668,178.030971875,5102.25,78.83392916666666,13.615031666666669,0,baseline,No Drift,0,
2008-06-17,257.12225520833334,106.20828833333331,177.956730625,5102.84,79.16552458333334,13.571802291666666,0,baseline,No Drift,0,
2008-06-18,257.43948625,106.21543854166669,178.07927770833334,5135.06,79.36020854166667,13.560247083333334,0,baseline,No Drift,0,
2008-06-19,257.7484185106383,106.22251914893616,178.27294255319148,5140.62,79.4754759574468,13.605035319148936,0,baseline,No Drift,0,
2008-06-20,259.6501121585778,106.20839088677836,177.66657734895432,4721.66,81.98353480962348,12.9316467951503,0,baseline,No Drift,0,
2008-06-21,258.762320625,106.21863520833334,178.30373375,5037.62,80.458586875,13.703889375,0,baseline,No Drift,0,
2008-06-22,258.42909936170213,106.23389446808513,178.6141885106383,5147.1,79.81491085106383,13.676688723404256,0,baseline,No Drift,0,
2008-06-23,258.84896354166665,106.23984583333332,178.79473583333333,5114.6,80.05422770833333,13.802399791666666,0,baseline,No Drift,0,
2008-06-24,259.1241759574468,106.24647872340424,179.01843191489365,5123.74,80.1057440425532,13.985570638297872,0,baseline,No Drift,0,
2008-06-25,259.3143972916667,106.25217208333332,178.92452958333334,5135.48,80.38986770833333,14.022246875,0,baseline,No Drift,0,
2008-06-27,259.66196791666664,106.25255625,179.23992604166668,5126.41,80.422041875,13.92346875,0,baseline,No Drift,0,
2008-06-28,259.611093125,106.25772708333334,179.11628583333334,5075.74,80.49480729166666,14.164430208333334,0,baseline,No Drift,0,
2008-06-29,259.68716270833335,105.57433902849137,179.47737770833334,5121.12,80.209785,13.963770625,0,baseline,No Drift,0,
2008-06-30,245.400054375,105.57433902849137,159.675661875,4372.28,85.7243925,13.223955208333331,0,baseline,No Drift,0,
2008-07-01,264.333096155768,106.18765960327636,177.106999406966,3980.51,87.22609674880198,11.737364509279269,0,baseline,No Drift,0,
2008-07-02,260.339775625,106.261546875,179.20789,5114.67,81.131885625,13.296069166666667,0,baseline,No Drift,0,
2008-07-03,260.493821875,106.26894208333331,179.09690833333335,5083.67,81.39691354166666,14.015018958333334,0,baseline,No Drift,0,
2008-07-04,260.6658247916667,106.27400375,179.35101145833335,5080.84,81.31481333333333,14.216964375,0,baseline,No Drift,0,
2008-07-05,260.7923670833333,106.2790425,179.51473770833334,5086.26,81.277629375,14.284417708333333,0,baseline,No Drift,0,
2008-07-06,260.88503125,106.28360416666666,179.53157166666668,5087.7,81.35345958333333,14.294287708333334,0,baseline,No Drift,0,
2008-07-07,260.9390422916667,106.28537895833334,179.43759,5094.92,81.50145229166667,14.27634625,0,baseline,No Drift,0,
2008-07-08,261.1518702083333,106.292826875,179.48091583333334,5095.75,81.670954375,14.2399625,0,baseline,No Drift,0,
2008-07-09,261.37445104166665,106.29743395833331,179.80298125,5094.03,81.57146979166667,14.452688333333333,0,baseline,No Drift,0,
2008-07-10,261.49006226851435,106.29819559101966,179.80573227465052,4621.52,81.68432999386384,14.518632142493193,0,baseline,No Drift,0,
2008-07-13,264.3054052083333,106.19826125,177.03937958333333,4169.38,87.266025625,10.422329583333331,0,baseline,No Drift,0,
2008-07-14,264.45629102209034,106.16371974393547,175.74173008732473,3818.8,88.71456093476559,11.076639311772045,0,baseline,No Drift,0,
2008-07-15,260.2196670212766,106.18946638297872,176.2549044680851,4304.71,83.96476255319149,12.679448936170212,0,baseline,No Drift,0,
2008-07-16,263.3040158333333,106.11649083333332,173.53244770833334,3526.92,89.771568125,11.592778333333332,0,baseline,No Drift,0,
2008-07-17,264.5800589583333,106.09050375,172.95664083333332,3341.55,91.623418125,11.111368541666666,0,baseline,No Drift,0,
2008-07-18,265.2876827083333,106.07798645833331,172.61385041666668,3215.85,92.67383229166668,10.838337708333333,0,baseline,No Drift,0,
2008-07-19,265.65083979166667,106.070994375,172.47877604166666,3176.28,93.17206375,10.575766875,0,baseline,No Drift,0,
2008-07-20,265.732695,106.06996229166668,172.55761583333333,3186.03,93.17507916666666,10.461562083333334,0,baseline,No Drift,0,
2008-07-21,265.75697979166665,106.07010458333332,172.529799375,3182.55,93.22718041666668,10.436715416666669,0,baseline,No Drift,0,
2008-07-22,265.84783604166665,106.06947166666669,172.60312666666667,3166.64,93.244709375,10.573690208333334,0,baseline,No Drift,0,
2008-07-23,265.84632791666667,106.07027104166669,172.52338145833335,3148.96,93.32294645833332,10.533507708333332,0,baseline,No Drift,0,
2008-07-24,265.8505802083333,106.06934270833334,172.55113083333333,3148.89,93.299449375,10.511541666666666,0,baseline,No Drift,0,
2008-07-25,265.9114627083333,106.06994625,172.44531041666667,3163.29,93.46615229166666,10.445166666666667,0,baseline,No Drift,0,
2008-07-26,266.022489375,106.070606875,172.44786333333334,3145.11,93.57462604166666,10.482964375,0,baseline,No Drift,0,
2008-07-27,266.0745275,106.05677395833334,172.47442708333332,3177.3,93.60010041666666,10.52579125,0,baseline,No Drift,0,
2008-07-28,266.15421833333335,106.07231791666666,172.60042479166663,3143.1,93.55379354166666,10.616665,0,baseline,No Drift,0,
2008-07-29,265.13258479166666,106.08684291666668,173.06634833333334,3346.15,92.06623645833334,10.798925,0,baseline,No Drift,0,
2008-07-30,270.571333125,106.00616645833334,172.04576229166668,2434.33,98.52557083333332,8.508557291666667,0,baseline,No Drift,0,
2008-07-31,271.247833125,105.937885625,173.49944166666666,2316.52,97.74839145833332,6.121139583333333,0,baseline,No Drift,0,
2008-08-01,267.5737252083333,106.06380125,172.233431875,2976.42,95.34029333333334,9.808947291666666,0,baseline,No Drift,0,
2008-08-02,267.47130166666665,106.06821770833334,176.96816604166668,3031.55,90.503135625,9.567451875,0,baseline,No Drift,0,
2008-08-03,267.4816122916667,106.06763875,172.33374541666666,2993.48,95.147866875,10.135866458333334,0,baseline,No Drift,0,
2008-08-04,267.32554125,105.99067604166666,172.35728541666666,3093.31,94.96825583333332,10.149073125,0,baseline,No Drift,0,
2008-08-05,267.40197270833335,106.066228125,172.43297625,2998.53,94.96899645833334,10.171318541666666,0,baseline,No Drift,0,
2008-08-09,261.3837620833333,106.109955625,175.87199791666666,4060.24,85.51176416666667,8.869626666666667,0,baseline,No Drift,0,
2008-08-10,259.03140125,106.15793333333332,175.55485791666666,4349.22,83.47654333333334,11.856051041666667,0,baseline,No Drift,0,
2008-08-11,258.1155645833333,106.16493645833332,175.49292208333333,4412.46,82.6226425,12.251472083333333,0,baseline,No Drift,0,
2008-08-12,256.948674893617,106.17366106382978,175.47980085106383,4418.03,81.4688740425532,12.58493255319149,0,baseline,No Drift,0,
2008-08-13,256.47801208333334,106.17159229166668,175.2284879166667,4448.97,81.24952416666666,12.376515416666669,0,baseline,No Drift,0,
2008-08-14,256.92322270833336,106.15948104166668,174.9695,4353.59,81.95372270833333,11.902426458333334,0,baseline,No Drift,0,
2008-08-15,254.87048020833333,106.18251041666667,175.027673125,4499.01,79.84280708333333,12.366870833333332,0,baseline,No Drift,0,
2008-08-16,250.17287270833333,106.24531854166666,177.04528541666667,5479.4,73.12758729166667,12.736357708333331,0,baseline,No Drift,0,
2008-08-17,249.0045533333333,106.25514020833332,176.35870541666668,5443.61,72.64584791666667,12.537426458333334,0,baseline,No Drift,0,
2008-08-18,247.94722479166663,106.252333125,175.50200458333333,5374.18,72.44522020833334,12.325005416666666,0,baseline,No Drift,0,
2008-08-19,247.15030083333332,106.25187708333333,175.0158825,5315.03,72.13441833333333,12.164654166666669,0,baseline,No Drift,0,
2008-08-20,246.26122520833331,106.2531975,174.78770395833334,4980.89,71.47352125,12.119949791666668,0,baseline,No Drift,0,
2008-08-21,248.75994604166667,106.21220541666666,173.02240479166667,4450.0,75.73754125,11.514431666666669,0,baseline,No Drift,0,
2008-08-22,262.70779645833335,105.98544458333332,168.541333125,2049.86,94.16646333333334,7.3792425,0,baseline,No Drift,0,
2008-08-23,264.0529908333333,105.97223770833334,168.99666604166666,2059.29,95.05632479166668,7.145564375,0,baseline,No Drift,0,
2008-08-24,265.06799020833336,105.97430166666666,169.18305125,2080.27,95.88493895833334,7.515969166666666,0,baseline,No Drift,0,
2008-08-25,266.0743402083333,105.98177729166666,169.56141729166666,2089.77,96.51292291666668,12.466870625,0,baseline,No Drift,0,
2008-08-26,267.07084291666666,105.99709,170.10437416666667,2093.46,96.96646875,12.684255,0,baseline,No Drift,0,
2008-08-27,267.486543125,105.99318229166668,170.23362770833333,2084.4,97.25291541666668,12.622829583333331,0,baseline,No Drift,0,
2008-08-28,267.0986886823584,105.97747931072188,170.30826459475676,2086.63,96.79042408760164,12.493636144031848,0,baseline,No Drift,0,
2008-08-29,266.3847354166667,105.98285208333331,170.193260625,2189.55,96.19147479166666,13.271568958333331,0,baseline,No Drift,0,
2008-08-30,266.99530166666665,105.97159083333334,169.96080458333333,2058.63,97.03449708333332,12.659081875,0,baseline,No Drift,0,
2008-09-01,267.85562791666666,105.95782145833331,170.31169145833334,2029.12,97.54393645833332,11.179613541666669,0,baseline,No Drift,0,
2008-09-07,268.6969383333333,105.96082916666668,171.25886125,2173.11,97.43807708333334,8.602781875,0,baseline,No Drift,0,
2008-09-10,273.5455157627119,105.57433902849137,176.26154305084745,1181.97,97.2839727118644,2.7851274152542373,0,baseline,No Drift,0,
2008-09-11,260.00066531914894,106.0605274468085,172.70495638297874,4067.32,87.29570893617021,12.499343541666669,0,baseline,No Drift,0,
2008-09-12,259.2020970212766,106.06172340425532,171.6275425531915,3735.86,87.57455446808511,14.771970212765956,0,baseline,No Drift,0,
2008-09-13,256.7080477083333,106.06625854166668,171.45937895833333,4057.56,85.24866875,15.355812291666666,0,baseline,No Drift,0,
2008-09-14,255.08728041666663,106.06671791666666,170.869950625,4036.38,84.21732979166667,15.873410833333333,0,baseline,No Drift,0,
2008-09-15,253.33259541666663,106.068135,170.47817958333334,4046.64,82.85441583333333,15.933652708333334,0,baseline,No Drift,0,
2008-09-16,251.53166166666668,106.06169875,169.73455645833334,4004.96,81.79710520833333,15.835475208333332,0,baseline,No Drift,0,
2008-09-17,249.43235958333327,106.05296166666666,168.78550770833334,3937.38,80.646851875,15.610239791666666,0,baseline,No Drift,0,
2008-09-18,253.1792645833333,105.947398125,168.11481645833334,2503.26,85.064448125,12.015160208333333,0,baseline,No Drift,0,
2008-09-19,251.716030625,105.96122666666666,167.47542854166667,2551.19,84.24060208333333,11.703934166666668,0,baseline,No Drift,0,
2008-09-20,245.81575708333327,106.01503479166666,166.58339479166668,3605.75,79.23236229166666,14.002790833333334,0,baseline,No Drift,0,
2008-09-21,245.887082076145,105.9938493027276,166.33843475335934,2858.81,79.54864732278565,12.632838917495915,0,baseline,No Drift,0,
2008-09-23,241.2124312298249,106.04827849945816,165.77104920182026,3652.8,75.4413820280046,14.167069593818548,0,baseline,No Drift,0,
2008-09-24,239.90318104166667,106.04879625,165.24874520833333,3629.3,74.65443583333334,14.585149166666667,0,baseline,No Drift,0,
2008-09-25,240.83559125,106.013143125,164.53675395833332,3389.78,76.29883729166667,13.867970208333332,0,baseline,No Drift,0,
2008-09-26,237.6129325,106.04809020833332,164.527390625,3575.59,73.085541875,14.3303175,0,baseline,No Drift,0,
2008-09-27,239.5300283333333,106.03044958333334,164.52426520833333,3174.51,75.005763125,13.187325625,0,baseline,No Drift,0,
2008-09-28,238.2146,106.03235041666667,164.21349458333333,3371.21,74.00110541666666,13.597248541666668,0,baseline,No Drift,0,
2008-09-29,236.52228479166664,106.045924375,164.05065604166666,3512.44,72.47162875,13.927809791666666,0,baseline,No Drift,0,
2008-09-30,236.111145,106.052625625,164.05227979166668,3627.46,72.05886520833333,14.034141041666668,0,baseline,No Drift,0,
2008-10-01,235.13481770833332,106.0636775,164.01327541666666,3606.89,71.12154229166667,14.164200208333334,0,baseline,No Drift,0,
2008-10-02,234.69692541666663,106.06306083333334,163.75361,3319.85,70.94331541666666,14.022175625,0,baseline,No Drift,0,
2008-10-03,234.16510375,106.06222770833334,163.415419375,3593.88,70.749684375,13.827047083333332,0,baseline,No Drift,0,
2008-10-04,241.5245552083333,105.95504895833334,164.49418708333334,2463.91,77.030368125,11.01612,0,baseline,No Drift,0,
2008-10-05,233.89183916666667,106.04434583333334,163.27444729166666,3377.17,70.617391875,12.815502708333334,0,baseline,No Drift,0,
2008-10-06,242.24603050639536,105.92143455741952,163.30569650669358,2126.84,78.94033399970179,10.826460319047666,0,baseline,No Drift,0,
2008-10-07,239.5164577083333,105.95135083333334,162.37134166666667,2726.28,77.14511604166667,11.826978958333331,0,baseline,No Drift,0,
2008-10-08,239.48503520833333,105.95146479166668,162.41441166666667,2719.29,77.07062354166666,12.023896041666667,0,baseline,No Drift,0,
2008-10-09,239.479765625,105.95117020833334,162.29908041666667,2713.82,77.18068520833333,12.087379375,0,baseline,No Drift,0,
2008-10-10,239.4173264583333,105.951540625,162.20034666666666,2720.48,77.21697979166666,11.955986041666666,0,baseline,No Drift,0,
2008-10-11,239.16746125,105.95181625,162.22996583333332,2739.75,76.93749541666666,11.815253541666667,0,baseline,No Drift,0,
2008-10-12,238.34125229166668,105.97195645833334,162.53795979166668,2824.96,75.8032925,12.305151666666667,0,baseline,No Drift,0,
2008-10-13,238.30225875,105.96828770833334,162.357573125,2827.75,75.944685625,12.261360208333333,0,baseline,No Drift,0,
2008-10-14,238.3596770833333,105.97109270833332,162.437761875,2829.21,75.92191520833333,12.280618125,0,baseline,No Drift,0,
2008-10-15,238.33568354166667,105.97432916666666,162.24743291666667,2825.33,76.088250625,12.269326875,0,baseline,No Drift,0,
2008-10-16,238.3463020833333,105.97455583333333,162.307333125,2825.29,76.03896895833333,12.152049166666666,0,baseline,No Drift,0,
2008-10-17,238.30563458333333,105.97449354166666,162.27343208333335,2832.05,76.0322025,12.133439583333333,0,baseline,No Drift,0,
2008-10-19,239.87608770833333,105.97497625,162.70971625,2714.13,77.16637145833333,11.931184166666666,0,baseline,No Drift,0,
2008-10-20,240.73732125,105.950405625,162.29149645833334,2664.34,78.44582479166667,11.454209583333334,0,baseline,No Drift,0,
2008-10-21,241.078084375,105.95144395833331,162.369966875,2653.43,78.7081175,11.499521458333334,0,baseline,No Drift,0,
2008-10-22,234.77111125,106.04596270833332,162.71719229166666,3420.75,72.05391895833333,11.306384166666666,0,baseline,No Drift,0,
2008-10-23,235.27562416666663,106.06097875,162.78418125,3363.1,72.49144291666667,13.267788333333334,0,baseline,No Drift,0,
2008-10-24,234.73080041666665,106.0742625,162.8944075,3426.21,71.83639291666667,13.411805625,0,baseline,No Drift,0,
2008-10-25,234.08971666666667,106.0937825,163.02857854166666,3524.62,71.061138125,13.522130625,0,baseline,No Drift,0,
2008-10-26,233.6646376,106.1120796,163.3810564,3836.99,70.2835812,13.8119036,0,baseline,No Drift,0,
2008-10-27,233.8668883333333,106.11848291666666,163.46048541666667,3622.02,70.40640291666666,13.814361458333334,0,baseline,No Drift,0,
2008-10-28,234.18498979166668,106.120993125,163.44717958333334,3728.48,70.73781020833333,13.825061041666666,0,baseline,No Drift,0,
2008-10-29,238.97831062013228,106.0658236487074,163.85155543674168,2822.93,75.12675518339063,12.463042595323367,0,baseline,No Drift,0,
2008-10-30,235.70808875,106.08818125,163.24340875,3471.47,72.46468,12.929805,0,baseline,No Drift,0,
2008-10-31,234.4941129166667,106.09679229166667,163.19841104166667,3515.61,71.295701875,13.601027083333332,0,baseline,No Drift,0,
2008-11-01,238.2832305888889,106.05314484444445,164.1524548111111,2758.29,74.13077577777777,12.41441461111111,0,baseline,No Drift,0,
2008-11-02,230.6170002083333,106.13394916666668,164.81950104166663,4443.46,65.79749916666667,12.81342625,0,baseline,No Drift,0,
2008-11-03,224.533323125,106.257124375,166.69042,4938.78,57.842903125,14.774941875,0,baseline,No Drift,0,
2008-11-04,223.53044791666667,106.29061354166669,167.20476083333332,5124.32,56.325687083333335,14.916837708333333,0,baseline,No Drift,0,
2008-11-05,222.953465625,106.30861708333332,166.99244666666667,5188.07,55.96101895833333,14.813370833333334,0,baseline,No Drift,0,
2008-11-06,222.611678125,106.31774604166668,166.77601333333334,5204.11,55.835664791666666,14.60294875,0,baseline,No Drift,0,
2008-11-07,221.626248125,106.34246770833332,167.3518489583333,5136.25,54.27439916666667,14.582423541666667,0,baseline,No Drift,0,
2008-11-08,221.6582077083333,106.35323666666666,167.337045625,5141.34,54.32116208333333,14.6380975,0,baseline,No Drift,0,
2008-11-09,221.99676,106.36096479166666,167.26259833333333,5114.03,54.734161666666665,14.695939791666667,0,baseline,No Drift,0,
2008-11-10,222.58290208333327,106.363385625,167.05833458333333,5059.68,55.5245675,14.718227083333334,0,baseline,No Drift,0,
2008-11-11,222.714530625,106.371053125,167.157776875,5076.6,55.55675375,14.753438333333332,0,baseline,No Drift,0,
2008-11-12,222.860335625,106.37847229166668,167.56354770833337,5065.13,55.296787916666666,14.906354583333334,0,baseline,No Drift,0,
2008-11-13,222.986868125,106.38521541666668,167.35852875,5083.98,55.628339375,14.914940416666669,0,baseline,No Drift,0,
2008-11-14,223.1566533333333,106.39283895833331,167.36937729166667,5106.19,55.787276041666665,14.876185416666669,0,baseline,No Drift,0,
2008-11-15,223.43049416666668,106.39818395833332,167.46272166666665,5097.33,55.9677725,14.889749791666668,0,baseline,No Drift,0,
2008-11-16,223.44530458333327,106.40116229166668,167.57908625,5082.14,55.866218333333336,14.895467083333331,0,baseline,No Drift,0,
2008-11-17,223.51687361702128,106.40634638297873,167.4069155319149,5076.81,56.10995808510639,14.892234042553191,0,baseline,No Drift,0,
2008-11-18,223.4282125,106.40757333333332,167.47253541666666,5074.4,55.955677083333335,14.814990416666667,0,baseline,No Drift,0,
2008-11-19,221.75460979166667,106.413870625,167.89544208333334,5223.41,53.85916770833333,14.724745208333331,0,baseline,No Drift,0,
2008-11-20,222.21034366492145,106.41829507853404,167.6297907853403,5116.54,54.58055287958115,14.72651329842932,0,baseline,No Drift,0,
2008-11-22,223.6400175,106.42260520833334,167.58952083333332,5033.51,56.05049666666667,14.862992708333334,0,baseline,No Drift,0,
2008-11-23,226.08429458333333,106.39494833333332,166.52438166666667,4831.15,59.55991291666667,14.880935416666668,0,baseline,No Drift,0,
2008-11-24,224.08189729166668,106.40951479166668,167.12956041666666,4971.19,56.952336875,14.849335416666667,0,baseline,No Drift,0,
2008-11-25,223.72017854166663,106.43234145833334,167.69767291666668,5062.55,56.022505625,14.993682291666667,0,baseline,No Drift,0,
2008-11-26,223.32468166666663,106.45304083333332,168.210429375,5145.94,55.114252291666666,15.097283541666666,0,baseline,No Drift,0,
2008-11-27,223.08282416666663,106.47122979166669,168.49834708333333,5200.4,54.58447708333333,15.064492083333333,0,baseline,No Drift,0,
2008-11-28,243.63108583333332,106.2561225,165.05224875,2897.09,78.57883708333334,13.058626875,0,baseline,No Drift,0,
2008-11-29,230.67535895833333,106.38869,168.031670625,4853.4,62.64368833333333,13.89156125,0,baseline,No Drift,0,
2008-11-30,225.87569645833327,106.49643208333332,169.78326291666667,5255.58,56.092433541666665,15.566688333333332,0,normal,No Drift,0,
2008-12-01,228.74051166666663,106.48630104166666,169.39926125,5095.38,59.34125041666667,15.388943125,0,normal,No Drift,0,
2008-12-02,228.336899375,106.504850625,170.561480625,5276.15,57.77541875,15.295461458333332,0,normal,No Drift,0,
2008-12-03,227.37330208333333,106.53637375,170.583868125,5333.02,56.78943395833333,15.861996875,0,normal,No Drift,0,
2008-12-04,227.92173291666663,106.54481145833331,170.23505229166668,5434.56,57.686680625,15.725812083333333,0,normal,No Drift,0,
2008-12-05,230.110725625,106.535734375,169.731026875,5209.39,60.37969875,15.633798958333331,0,normal,No Drift,0,
2008-12-06,230.2577833333333,106.545700625,170.741385625,5292.17,59.516397708333336,16.012720416666667,0,normal,No Drift,0,
2008-12-07,231.711970625,106.54102875,171.289665625,5322.5,60.422305,16.192268333333335,0,normal,No Drift,0,
2008-12-08,233.12659875,106.53304979166668,171.11424875,5241.8,62.01235,16.253213125,0,normal,No Drift,0,
2008-12-09,233.02681979166667,106.52931104166667,171.34215166666667,5277.55,61.684668125,16.273944375,0,normal,No Drift,0,
2008-12-10,233.361205,106.53616354166668,171.49156541666667,5286.4,61.86963958333333,16.309189583333332,0,normal,No Drift,0,
2008-12-11,235.81893104166667,106.51648979166669,170.84895645833333,5126.1,64.96997458333334,16.175184583333333,0,normal,No Drift,0,
2008-12-12,234.93919604166663,106.52965770833332,171.16689416666668,5239.81,63.772301875,16.247700833333333,0,normal,No Drift,0,
2008-12-13,235.414190625,106.53685895833334,171.40927583333334,5281.86,64.00491479166666,16.137771458333333,0,normal,No Drift,0,
2008-12-14,236.03564166666663,106.54536354166666,171.78670520833333,5302.74,64.24893645833333,16.293762291666667,0,normal,No Drift,0,
2008-12-15,236.53373166666665,106.55050854166667,172.04631895833333,5270.91,64.48741270833334,16.504201041666665,0,normal,No Drift,0,
2008-12-16,236.9656475,106.56011916666668,172.45464708333333,5300.99,64.51100041666666,16.595259791666667,0,normal,No Drift,0,
2008-12-17,237.5383025,106.56701458333332,173.02270083333335,5338.2,64.51560166666667,16.812111875,0,normal,No Drift,0,
2008-12-18,238.352396875,106.57417375,173.41556958333334,5377.18,64.93682729166666,16.909776666666666,0,normal,No Drift,0,
2008-12-19,238.97259770833327,106.58039416666666,173.8108425,5386.94,65.16175520833333,17.095203541666667,0,normal,No Drift,0,
2008-12-20,239.684515,106.586269375,174.40121166666663,5417.44,65.28330333333334,17.098882708333335,0,normal,No Drift,0,
2008-12-21,240.38795145833333,106.5920975,174.619425625,5472.22,65.76852583333333,17.2722975,0,normal,No Drift,0,
2008-12-22,241.1169275,106.597590625,175.33584333333334,5497.25,65.78108416666667,17.516955,0,normal,No Drift,0,
2008-12-23,241.97611104166663,106.60246145833334,175.56070916666667,5513.05,66.415401875,17.729539166666665,0,normal,No Drift,0,
2008-12-24,243.00381354166663,106.60279354166668,175.97946541666667,5508.26,67.024348125,17.916402291666667,0,normal,No Drift,0,
2008-12-25,243.919200625,106.60498833333334,175.83594979166668,5491.41,68.08325083333334,17.93088291666667,0,normal,No Drift,0,
2008-12-26,244.82148895833333,106.60628,176.184530625,5497.48,68.63695833333334,18.018821041666666,0,normal,No Drift,0,
2008-12-27,245.5719855319149,106.60867914893618,176.9234555319149,5571.07,68.64853,18.146167446808512,0,normal,No Drift,0,
2008-12-28,246.5613345833333,106.60944083333334,177.01476666666667,5495.65,69.54656791666666,18.182945208333333,0,normal,No Drift,0,
2008-12-29,247.3247808333333,106.611595,177.29841604166666,5507.18,70.02636479166667,18.16295333333333,0,normal,No Drift,0,
2008-12-30,248.07791229166668,106.6145125,177.69802375,5527.55,70.37988854166667,18.40508145833333,0,normal,No Drift,0,
2008-12-31,248.82555125,106.61786645833334,178.38771708333334,5547.46,70.43783416666666,18.648226041666668,0,normal,No Drift,0,
2009-01-01,249.7711008333333,106.61657875,178.753361875,5556.56,71.01773895833334,18.624548541666663,0,normal,No Drift,0,
2009-01-02,250.67662,106.61701854166668,178.9673175,5555.73,71.7093025,18.665138541666668,0,normal,No Drift,0,
2009-01-03,250.93640104166667,106.61393875,179.16698270833334,5727.05,71.76941833333333,18.631816666666666,0,normal,No Drift,0,
2009-01-04,250.57631458333333,106.60773145833332,179.27381833333334,5589.89,71.30249625,18.598661875,0,normal,No Drift,0,
2009-01-05,250.81548354166668,106.62075833333331,179.77017270833332,5629.04,71.04531083333333,18.75725645833333,0,normal,No Drift,0,
2009-01-06,250.89397139329807,106.34191102292768,172.9588668067687,4672.3,77.93510458652936,16.305090705604865,0,normal,No Drift,0,
2009-01-13,257.5556133333333,105.57433902849137,174.8162925,5110.2,82.73932083333334,18.665679166666667,0,normal,No Drift,0,
2009-01-14,260.66704854166665,106.5756725,179.30730208333333,5267.76,81.35974645833333,19.09767270833333,0,normal,No Drift,0,
2009-01-15,261.6685929166667,106.57391625,178.82516916666663,4526.49,82.84342375,18.836766666666666,0,normal,No Drift,0,
2009-01-16,262.386665625,106.57569604166666,178.87499854166666,4385.0,83.51166708333334,18.569974791666667,0,normal,No Drift,0,
2009-01-17,264.15938208333336,106.565234375,178.68652770833333,4234.92,85.472854375,18.474474375,0,normal,No Drift,0,
2009-01-18,263.9414291666667,106.58035645833333,179.303706875,4352.4,84.63772229166666,18.725196875,0,normal,No Drift,0,
2009-01-19,264.0293760416667,106.59423,179.76499875,4426.35,84.26437729166666,19.033422708333333,0,normal,No Drift,0,
2009-01-20,265.177344375,106.59033333333332,179.62649770833335,4298.53,85.55084666666667,19.032745833333333,0,normal,No Drift,0,
2009-01-21,266.66322357157634,106.58113589384864,179.59620197455928,4123.6,87.06702159701709,18.634604070266523,0,normal,No Drift,0,
2009-01-22,266.4234652273422,106.57778075898972,180.2543570709094,4350.84,86.16910815643278,17.2128411523773,0,normal,No Drift,0,
2009-01-23,265.4564683333333,106.599499375,180.73002625,4499.42,84.72644208333334,18.87931958333333,0,normal,No Drift,0,
2009-01-24,266.077468125,106.604959375,180.89293958333332,4473.36,85.18452854166667,19.102802083333334,0,normal,No Drift,0,
2009-01-25,266.5833997916667,106.61625958333332,181.09988020833333,4494.66,85.48351958333333,19.040041666666667,0,normal,No Drift,0,
2009-01-26,267.3801697916667,106.61803479166667,181.1429308333333,4425.1,86.23723895833334,18.942094375,0,normal,No Drift,0,
2009-01-27,267.9319341666667,106.618634375,181.29585083333333,4425.36,86.63608333333333,19.03645125,0,normal,No Drift,0,
2009-01-28,267.25565416666666,106.63501583333333,182.53541375,4967.11,84.72024041666667,19.387636041666667,0,normal,No Drift,0,
2009-01-29,264.551729375,106.6653375,183.9280314583333,5586.1,80.62369791666667,19.54848458333333,0,normal,No Drift,0,
2009-01-30,267.989546875,106.60912041666668,181.24213229166668,4398.31,86.74741458333334,18.767977916666663,0,normal,No Drift,0,
2009-01-31,268.4143110416667,106.610670625,181.47966520833333,4388.45,86.93464583333333,18.77945645833333,0,normal,No Drift,0,
2009-02-01,267.33271270833336,106.638704375,182.77218625,5224.6,84.56052645833333,19.155595,0,normal,No Drift,0,
2009-02-02,268.744796875,106.61759958333332,181.90845604166665,4401.95,86.83634083333334,18.96186395833333,0,normal,No Drift,0,
2009-02-03,269.1769704166667,106.62001083333334,182.01064458333332,4422.08,87.16632583333333,18.941281666666665,0,normal,No Drift,0,
2009-02-04,266.8067208333333,106.67726354166666,184.2470258333333,5437.81,82.559695,19.51806583333333,0,normal,No Drift,0,
2009-02-05,269.25242729166666,106.619955625,182.49210416666668,4487.91,86.760323125,19.33716,0,normal,No Drift,0,
2009-02-06,269.52175854166666,106.62317,182.586486875,4430.31,86.93527166666667,19.37426333333333,0,normal,No Drift,0,
2009-02-08,270.9408675486827,106.62772276059565,183.48861243986252,4189.32,87.45225510882015,18.688647067583048,0,normal,No Drift,0,
2009-02-09,274.4704814583333,106.57967458333331,182.1279258333333,4258.6,92.342555625,19.25397770833333,0,normal,No Drift,0,
2009-02-10,271.88419625,106.62178270833331,183.29868854166668,4393.0,88.58550770833334,19.933636666666665,0,normal,No Drift,0,
2009-02-11,272.01378604166666,106.63133270833332,183.57184375,4431.4,88.44194229166666,19.97042625,0,normal,No Drift,0,
2009-02-12,272.42483354166666,106.635975,183.78377291666663,4498.08,88.641060625,19.905806875,0,normal,No Drift,0,
2009-02-13,275.6621795693273,106.59115444344091,183.41044946562272,3944.99,92.25173010370456,17.638711721204544,0,normal,No Drift,0,
2009-02-14,273.9139702083333,106.62537645833332,183.43933291666667,4330.62,90.47463729166668,19.818164166666666,0,normal,No Drift,0,
2009-02-15,275.19998458333333,106.6079675,183.24888104166664,4221.09,91.95110354166668,19.862218125,0,normal,No Drift,0,
2009-02-16,276.1180093506972,106.61151289101024,184.02562278151743,4056.66,92.09238656917977,18.465587696000338,0,normal,No Drift,0,
2009-02-17,274.27456291666664,106.65058458333333,184.59115375,4479.41,89.68340916666666,20.212715,0,normal,No Drift,0,
2009-02-18,275.1256779166667,106.64525125,184.601899375,4436.07,90.52377854166669,20.451759791666667,0,normal,No Drift,0,
2009-02-19,275.6200377083333,106.64585125,184.78908791666663,4434.21,90.83094979166668,20.38227291666667,0,normal,No Drift,0,
2009-02-20,275.9899491666667,106.65083520833332,184.885495625,4439.64,91.10445354166669,20.32528083333333,0,normal,No Drift,0,
2009-02-21,283.52500375,106.52301729166666,182.57125,3876.08,100.95375375,17.112871666666667,0,normal,No Drift,0,
2009-02-22,277.31246458333334,106.66158229166666,185.646540625,4535.89,91.66592395833334,20.29568083333333,0,normal,No Drift,0,
2009-02-23,277.7057179166667,106.665660625,185.8501633333333,4498.48,91.85555458333332,20.515535,0,normal,No Drift,0,
2009-02-24,278.00158166666665,106.67012895833334,185.92467395833333,4487.34,92.07690770833334,20.34222645833333,0,normal,No Drift,0,
2009-02-25,281.6337727749591,106.61858007924091,184.84501200257276,4036.23,96.78876077238635,18.06503965779091,0,normal,No Drift,0,
2009-02-26,279.8677714583333,106.67019020833334,186.11449895833331,4421.95,93.7532725,18.232191041666667,0,normal,No Drift,0,
2009-02-27,280.48314416666665,106.66895270833334,186.16745333333333,4359.66,94.31569083333332,18.98379145833333,0,normal,No Drift,0,
2009-02-28,280.6836202083333,106.67747895833334,186.158039375,4433.4,94.52558083333334,19.028836666666667,0,normal,No Drift,0,
2009-03-01,280.73606229166666,106.689503125,186.47206333333327,4448.63,94.26399895833332,19.07511833333333,0,normal,No Drift,0,
2009-03-02,280.4194279166667,106.70911729166669,187.37507520833333,4592.63,93.04435270833334,19.400562291666667,0,normal,No Drift,0,
2009-03-03,280.91360957446807,106.71272425531916,187.2494429787234,4638.29,93.66416659574467,19.34724319148936,0,normal,No Drift,0,
2009-03-04,281.55801104166665,106.70446020833332,186.9978425,4474.26,94.56016854166668,18.931656666666665,0,normal,No Drift,0,
2009-03-06,286.41577875,106.63206375,185.96108875,4366.16,100.45469,16.154228541666665,0,normal,No Drift,0,
2009-03-07,293.2301695833333,106.48853020833332,182.22901729166668,3360.6,111.00115229166668,15.541030833333334,0,normal,No Drift,0,
2009-03-08,286.8739454166667,106.58021958333332,185.46002354166663,4021.37,101.413921875,16.072182916666666,0,normal,No Drift,0,
2009-03-10,277.64193122497056,106.7736311425206,190.5868161366313,4692.91,87.05511508833922,13.63982332155477,0,normal,No Drift,0,
2009-03-11,283.71534940371487,106.62386692102554,185.79603417473615,5414.32,97.91931522897872,14.40313213927234,0,normal,No Drift,0,
2009-03-12,276.29492270833333,106.69349729166667,186.98199125,4870.32,89.31293145833334,15.757559583333334,0,normal,No Drift,0,
2009-03-18,270.1174755909107,106.48097998437788,181.08985328641427,3449.39,89.02762230449646,8.218780071774171,0,normal,No Drift,0,
2009-03-19,265.69282541666666,106.57566041666666,180.5442852083333,4321.87,85.14854020833333,12.556840208333334,0,normal,No Drift,0,
2009-03-20,261.6060149332626,105.8675077322761,179.01574391950146,4217.85,82.59027101376111,12.981948753514883,0,normal,No Drift,0,
2009-03-21,259.885720273842,106.5462851755951,180.4818394648632,4440.66,79.40388080897887,13.262976866629588,0,normal,No Drift,0,
2009-03-22,258.14296229166666,106.52071145833334,179.6368375,4437.68,78.50612479166666,12.982296875,0,normal,No Drift,0,
2009-03-23,256.3136235416667,106.49422041666666,178.76839416666667,4418.22,77.545229375,12.642715208333334,0,normal,No Drift,0,
2009-03-24,254.47638270833332,106.46966520833334,177.822225,4353.47,76.65415770833333,12.309868958333333,0,normal,No Drift,0,
2009-03-31,253.87248979166668,106.477519375,179.59220645833332,4922.0,74.28028333333333,7.990839583333333,0,normal,No Drift,0,
2009-04-01,250.43743729166667,106.53577083333332,180.44018770833333,5287.84,69.99724958333333,11.056231666666667,0,normal,No Drift,0,
2009-04-02,249.5883289583333,106.545929375,179.75214333333332,5144.72,69.836185625,11.700528958333331,0,normal,No Drift,0,
2009-04-03,250.84476416666664,106.51257854166668,178.11269125,4733.54,72.73207291666667,11.830911041666669,0,normal,No Drift,0,
2009-04-04,251.4146839583333,106.48407645833332,177.241015,4497.69,74.17366895833334,11.846784583333331,0,normal,No Drift,0,
2009-04-05,250.84163729166667,106.47755,177.17652333333334,4536.0,73.66511395833334,11.769502291666669,0,normal,No Drift,0,
2009-04-06,245.27734854166667,106.54822041666668,179.83768833333335,5544.62,65.43966020833334,11.906153541666669,0,normal,No Drift,0,
2009-04-07,242.58106041666667,106.56921354166668,179.672674375,5677.96,62.90838604166667,11.696584166666666,0,normal,No Drift,0,
2009-04-08,243.59511395833331,106.53072375,177.3544675,5143.67,66.24064645833333,11.483689375,0,normal,No Drift,0,
2009-04-09,243.26043583333333,106.51179104166668,176.69465875,5237.66,66.56577708333333,11.395114166666668,0,normal,No Drift,0,
2009-04-10,239.1657291666667,106.55470104166666,177.947016875,5605.38,61.21871229166667,11.271485416666666,0,normal,No Drift,0,
2009-04-11,237.07655104166668,106.56127416666666,177.457418125,5595.21,59.619132916666665,11.160626458333333,0,normal,No Drift,0,
2009-04-12,235.702943125,106.55613208333334,176.49756708333334,5377.85,59.20537604166667,11.080601458333334,0,normal,No Drift,0,
2009-04-13,235.738995625,106.53200604166666,174.93410395833334,4985.07,60.80489166666667,10.939587291666667,0,normal,No Drift,0,
2009-04-14,234.74632416666665,106.53378416666666,174.35466666666667,4997.55,60.3916575,10.788560833333332,0,normal,No Drift,0,
2009-04-15,232.9787095833333,106.54656166666666,174.44937979166667,5316.56,58.52932979166667,10.661915625,0,normal,No Drift,0,
2009-04-16,233.30481479166667,106.52364666666666,173.022011875,5112.74,60.28280291666667,10.55999875,0,normal,No Drift,0,
2009-04-17,233.17190395833333,106.50559041666666,172.2519425,4838.54,60.91996145833333,10.400536666666667,0,normal,No Drift,0,
2009-04-18,230.50537416666663,106.52798270833334,172.93025416666666,5271.47,57.57512,10.296470833333334,0,normal,No Drift,0,
2009-04-19,226.60932,106.56588083333334,174.081346875,5613.54,52.527973125,10.25916625,0,normal,No Drift,0,
2009-04-20,228.9865795833333,106.52590145833334,171.46656208333334,4906.23,57.5200175,10.307663541666669,0,normal,No Drift,0,
2009-04-21,228.74101770833332,106.50806541666668,170.31029520833334,4845.36,58.4307225,14.144421666666666,0,normal,No Drift,0,
2009-04-22,235.19169480866265,106.42397203921408,169.41185426111306,4018.17,65.77984054754957,16.541144788292836,0,normal,No Drift,0,
2009-04-23,228.1115977083333,106.48951145833334,169.5863325,4752.83,58.52526520833333,17.371474583333335,0,normal,No Drift,0,
2009-04-24,226.9841302083333,106.49083625,169.29107020833334,4789.55,57.69306,17.260494583333333,0,normal,No Drift,0,
2009-04-25,225.858081875,106.494035,169.23991791666666,4813.6,56.61816395833333,17.236916041666667,0,normal,No Drift,0,
2009-04-26,224.6972964583333,106.49634375,168.98473375,4855.76,55.71256270833333,17.15129,0,normal,No Drift,0,
2009-04-27,223.7666039583333,106.49828166666668,168.84817,4871.19,54.91843395833333,17.026956041666665,0,normal,No Drift,0,
2009-04-28,223.47162978723404,106.5010325531915,168.81954957446808,4882.81,54.65208021276596,17.09417063829787,0,normal,No Drift,0,
2009-04-29,223.28529145833332,106.50539333333332,168.66013833333332,4842.11,54.625153125,17.010604791666665,0,normal,No Drift,0,
2009-04-30,223.2602378723404,106.51153765957449,168.59755914893617,4860.46,54.662678723404255,16.964277659574467,0,normal,No Drift,0,
2009-05-01,223.34848541666668,106.51932833333332,168.546395,4860.67,54.802090416666665,16.892610416666667,0,normal,No Drift,0,
2009-05-02,223.71121083333333,106.52275270833331,168.648363125,4814.28,55.06284770833334,16.978189166666667,0,normal,No Drift,0,
2009-05-03,223.82585625,106.52805833333332,168.782360625,4812.61,55.043495625,17.016915833333332,0,normal,No Drift,0,
2009-05-06,232.68071485948775,106.3756884212782,169.47994797813632,3551.6,63.20076688135148,11.725898116575008,0,normal,No Drift,0,
2009-05-07,229.4480564045813,106.50809479735732,168.72791087009662,4446.68,60.72014553448469,16.077234904719568,0,normal,No Drift,0,
2009-05-08,226.76056979166663,106.54140875,169.23736083333333,4815.42,57.523208958333335,16.944669166666667,0,normal,No Drift,0,
2009-05-09,226.2717414583333,106.556080625,169.68752479166668,4805.75,56.58421666666667,17.264865416666666,0,normal,No Drift,0,
2009-05-10,226.442805,106.57005520833332,170.38151083333332,4892.7,56.06129416666667,17.515511666666665,0,normal,No Drift,0,
2009-05-11,227.9534795833333,106.56316041666666,170.03418041666666,4810.91,57.91929916666667,17.643967291666666,0,normal,No Drift,0,
2009-05-12,228.7385045833333,106.562703125,170.05658166666666,4771.11,58.68192291666666,17.773661875,0,normal,No Drift,0,
2009-05-13,230.26194,106.55695729166666,170.66565229166667,4684.63,59.596287708333335,18.019950416666667,0,normal,No Drift,0,
2009-05-14,230.69231666666667,106.559658125,170.924504375,4712.31,59.767812291666665,18.082226666666667,0,normal,No Drift,0,
2009-05-15,231.12752,106.56862625,170.93984604166667,4733.92,60.187673958333335,17.879262291666667,0,normal,No Drift,0,
2009-05-16,231.60853416666663,106.57616708333332,171.09561229166667,4741.22,60.512921875,17.81722375,0,normal,No Drift,0,
2009-05-17,232.09618354166668,106.58217583333334,171.356923125,4745.17,60.73926041666667,17.783757708333333,0,normal,No Drift,0,
2009-05-18,232.57898229166668,106.587760625,171.67572354166666,5227.04,60.90325875,17.882115833333334,0,normal,No Drift,0,
2009-05-19,233.02539083333332,106.592858125,171.84825979166666,5013.35,61.17713104166667,17.96802625,0,normal,No Drift,0,
2009-05-20,233.545545,106.59676625,172.11718854166668,5010.5,61.42835645833333,18.08868625,0,normal,No Drift,0,
2009-05-21,234.0770939583333,106.60183708333334,172.481138125,5030.59,61.595955833333335,18.19577,0,normal,No Drift,0,
2009-05-22,234.67127125,106.60595020833334,173.00148458333334,5037.15,61.66978666666667,18.29088020833333,0,normal,No Drift,0,
2009-05-23,237.00679770833327,106.58850125,172.35460083333334,4796.2,64.652196875,18.332516666666667,0,normal,No Drift,0,
2009-05-24,237.8838739583333,106.58377916666667,172.40742416666666,4763.66,65.47644979166667,18.27846333333333,0,normal,No Drift,0,
2009-05-25,237.76289979166663,106.59628625,172.87675020833333,4851.33,64.88614958333334,18.313178125,0,normal,No Drift,0,
2009-05-26,237.80624604166667,106.52809083333334,173.36314625,4911.6,64.44309979166667,18.422198958333333,0,normal,No Drift,0,
2009-05-27,238.497186875,106.61142270833334,173.84335145833333,4925.85,64.65383541666667,18.321523958333334,0,normal,No Drift,0,
2009-05-28,238.97973375,106.61512770833332,174.41192833333332,4940.31,64.56780541666667,18.423358333333333,0,normal,No Drift,0,
2009-05-29,238.02795166666667,106.63582583333331,175.258655625,5096.84,62.76929604166666,18.540380833333334,0,normal,No Drift,0,
2009-05-30,236.20719520833333,106.65938333333334,176.27632270833334,5406.74,59.9308725,18.55240020833333,0,normal,No Drift,0,
2009-05-31,235.940108125,106.65380145833332,176.22402104166667,5389.94,59.716087083333335,18.58457375,0,normal,No Drift,0,
2009-06-01,235.15061541666665,106.65366083333332,176.54428833333333,5469.32,58.60632708333333,18.517795,0,normal,No Drift,0,
2009-06-02,234.755854375,106.659099375,176.58909104166668,5497.96,58.166763333333336,18.373626458333334,0,normal,No Drift,0,
2009-06-03,234.194354375,106.65453604166666,176.370326875,5888.69,57.8240275,18.16174020833333,0,normal,No Drift,0,
2009-06-04,233.1512675,106.649651875,176.08765895833332,5509.13,57.06360854166667,17.978943333333333,0,normal,No Drift,0,
2009-06-05,232.04154,106.643135625,175.67638770833332,5521.14,56.36515229166667,17.878391458333333,0,normal,No Drift,0,
2009-06-06,239.60773096696903,106.54481563589776,174.3552284249702,3891.66,65.25250254199887,16.00355266186697,0,normal,No Drift,0,
2009-06-07,232.7633975,106.597534375,174.72301458333334,5264.7,58.040382916666665,17.0743475,0,normal,No Drift,0,
2009-06-08,230.08158979166663,106.621789375,174.247693125,5422.42,55.83389666666667,17.856997083333333,0,normal,No Drift,0,
2009-06-09,229.30858666666663,106.61395666666668,173.73583645833332,5357.49,55.57275020833333,17.744225625,0,normal,No Drift,0,
2009-06-10,228.358305625,106.608294375,173.36041291666666,5346.85,54.99789270833333,17.543658125,0,normal,No Drift,0,
2009-06-11,232.4276955898592,106.55512015103798,172.36002948632986,4218.09,60.06766610352936,16.47959436964735,0,normal,No Drift,0,
2009-06-12,227.55077416666663,106.58720895833332,172.63285916666666,4995.2,54.917915,16.813131875,0,normal,No Drift,0,
2009-06-13,231.045874051,106.53803266528,171.48835200970225,4132.22,59.55752204129778,16.193882316026667,0,normal,No Drift,0,
2009-06-14,228.4279845833333,106.55853083333334,170.87752083333334,4668.7,57.55046375,17.144128541666667,0,normal,No Drift,0,
2009-06-15,225.0993454166667,106.571980625,171.6208675,4994.99,53.47847791666667,16.916240208333335,0,normal,No Drift,0,
2009-06-16,221.73986041666663,106.60320604166668,172.49070229166668,5262.8,49.249158125,16.817279583333335,0,normal,No Drift,0,
2009-06-17,220.94228916666663,106.601504375,171.66549041666667,5081.09,49.27679875,16.59218875,0,normal,No Drift,0,
2009-06-18,220.4630577083333,106.59679020833332,171.588298125,5037.77,48.874759583333336,16.629428333333333,0,normal,No Drift,0,
2009-06-19,219.91077854166667,106.59396145833334,171.318425,5054.35,48.59235354166667,16.544739375,0,normal,No Drift,0,
2009-06-20,219.365398125,106.590454375,171.008481875,5122.69,48.35691625,16.476677083333332,0,normal,No Drift,0,
2009-06-21,233.810203125,106.42920666666669,166.56810020833333,3421.75,67.24210291666667,16.225170416666668,0,normal,No Drift,0,
2009-06-22,235.21566375,106.38726583333332,165.815804375,3345.0,69.399859375,15.904381875,0,normal,No Drift,0,
2009-06-23,234.7168064583333,106.39041458333334,166.105414375,3393.7,68.61139208333333,16.044353333333333,0,normal,No Drift,0,
2009-06-24,234.739465625,106.38793291666668,166.06040958333332,3399.54,68.67905604166667,15.9642,0,normal,No Drift,0,
2009-06-25,234.723843125,106.38702708333334,165.823186875,3234.13,68.90065625,15.87377375,0,normal,No Drift,0,
2009-06-26,234.74048375,106.387363125,165.77070166666667,2864.24,68.96978208333333,15.827556666666666,0,normal,No Drift,0,
2009-06-27,234.7014295833333,106.387625625,165.788016875,2727.37,68.91341270833334,15.809833333333334,0,normal,No Drift,0,
2009-06-28,233.00626541666668,106.406444375,166.086158125,2723.71,66.92010729166667,16.00544208333333,0,normal,No Drift,0,
2009-06-29,232.30231041666667,106.42075541666668,166.51709833333334,2793.58,65.78521208333333,16.262803125,0,normal,No Drift,0,
2009-06-30,232.2934977083333,106.4224975,166.58356520833334,2789.43,65.7099325,16.312921666666668,0,normal,No Drift,0,
2009-07-01,232.254260625,106.42349625,166.39058,2775.48,65.863680625,16.306780625,0,normal,No Drift,0,
2009-07-02,232.24208604166665,106.42492083333332,166.37313270833334,2766.16,65.86895333333334,16.298498541666667,0,normal,No Drift,0,
2009-07-03,232.249325,106.42596416666666,166.44563958333333,2761.91,65.80368541666667,16.327014166666668,0,normal,No Drift,0,
2009-07-04,232.2546245833333,106.42724270833334,166.43455354166667,2747.27,65.82007104166667,16.295180833333333,0,normal,No Drift,0,
2009-07-05,232.25436,106.42755625,166.3511875,2746.36,65.9031725,16.216974791666665,0,normal,No Drift,0,
2009-07-06,232.27469541666667,106.42954166666668,166.57853604166667,3414.92,65.696159375,16.263140833333335,0,normal,No Drift,0,
2009-07-07,232.27619708333333,106.43006354166668,166.57723645833337,3404.37,65.698960625,16.164605833333333,0,normal,No Drift,0,
2009-07-08,232.21696854166663,106.43245729166668,166.47488395833332,3501.35,65.74208458333334,15.908077916666668,0,normal,No Drift,0,
2009-07-09,232.19412541666668,106.43361020833332,166.444213125,3500.07,65.74991229166666,15.824355833333334,0,normal,No Drift,0,
2009-07-10,232.197486875,106.43477645833332,166.48839229166666,3485.7,65.70909458333334,15.803961666666666,0,normal,No Drift,0,
2009-07-11,231.80946916666667,106.43981,166.55154104166667,3514.43,65.257928125,15.914929791666667,0,normal,No Drift,0,
2009-07-12,231.71215625,106.44361020833334,166.48670708333333,3523.09,65.22544916666666,16.062513958333334,0,normal,No Drift,0,
2009-07-13,231.6993014583333,106.44565833333333,166.4564875,3564.05,65.24281395833333,16.083471666666668,0,normal,No Drift,0,
2009-07-14,232.07186916666663,106.44227166666668,166.33114,3514.2,65.74072916666667,16.028312916666668,0,normal,No Drift,0,
2009-07-15,232.612586875,106.43527583333334,166.20332895833334,3450.9,66.40925791666666,16.009216666666667,0,normal,No Drift,0,
2009-07-16,232.644070625,106.43615854166669,166.37281625,3446.15,66.271254375,16.143646666666665,0,normal,No Drift,0,
2009-07-17,232.69461291666667,106.43587729166669,166.34086145833334,3450.11,66.35375145833333,16.055175416666668,0,normal,No Drift,0,
2009-07-18,233.11122604166667,106.45416541666668,166.76755666666668,3395.67,66.343669375,16.066514583333333,0,normal,No Drift,0,
2009-07-19,240.717925464337,106.39696660434636,167.49595288019486,2808.21,73.22197258414214,14.394445127285753,0,normal,No Drift,0,
2009-07-20,237.75943125,106.432785,167.410160625,3443.72,70.349270625,15.603204375,0,normal,No Drift,0,
2009-07-21,235.9825220833333,106.49117729166667,168.12841729166666,3714.36,67.85410479166667,16.703959791666666,0,normal,No Drift,0,
2009-07-22,236.933885,106.50698875,168.2598552083333,3721.03,68.67402979166667,16.703885833333334,0,normal,No Drift,0,
2009-07-23,238.342964375,106.51541625,168.630080625,3682.11,69.71288375,16.843230208333335,0,normal,No Drift,0,
2009-07-24,239.42456041666668,106.52629666666668,169.211081875,3689.01,70.21347854166666,17.033519375,0,normal,No Drift,0,
2009-07-25,240.5392621276596,106.53656,170.0094163829787,3737.42,70.52984574468086,17.19251191489362,0,normal,No Drift,0,
2009-07-26,241.69771041666667,106.546471875,170.43503833333332,3718.65,71.26267208333333,17.443783125,0,normal,No Drift,0,
2009-07-27,243.00115625,106.553028125,170.66816729166666,3704.42,72.33298895833333,17.51005875,0,normal,No Drift,0,
2009-07-28,244.29888666666668,106.559469375,171.19419395833333,3734.37,73.10469270833333,17.645321458333335,0,normal,No Drift,0,
2009-07-29,245.431331875,106.56704145833334,171.57187333333334,3741.77,73.85945854166667,17.716728541666665,0,normal,No Drift,0,
2009-07-30,246.62360520833332,106.573235625,172.34728604166668,3755.47,74.27631916666667,17.918096458333334,0,normal,No Drift,0,
2009-07-31,248.6997195833333,106.56416229166666,172.72770875,3692.52,75.97201083333333,18.04058020833333,0,normal,No Drift,0,
2009-08-01,249.771851875,106.55727354166666,172.87396770833334,3691.35,76.89788416666667,18.030719791666662,0,normal,No Drift,0,
2009-08-05,252.22670305554095,106.57446924532552,178.03215556056267,4407.16,74.19454749497832,13.411427163868971,0,normal,No Drift,0,
2009-08-06,246.17553,106.69929770833332,178.99285979166666,4663.07,67.18267020833333,18.938486875,0,normal,No Drift,0,
2009-08-07,244.786414937789,106.70373048262356,179.26948675184966,4360.71,65.51692818593935,19.673578637417044,0,normal,No Drift,0,
2009-08-09,246.0872364583333,106.62666645833332,177.6980575,4366.57,68.38917895833333,19.103469375,0,normal,No Drift,0,
2009-08-10,243.91134229166667,106.64280708333334,177.78484854166666,4437.79,66.12649375,19.538916041666667,0,normal,No Drift,0,
2009-08-11,242.30552166666664,106.64676145833332,177.942161875,4445.56,64.36335979166667,19.4291025,0,normal,No Drift,0,
2009-08-12,240.23964104166663,106.66497229166669,178.32914291666663,4594.22,61.910498125,19.36701,0,normal,No Drift,0,
2009-08-13,239.38762520833333,106.66368354166669,178.070333125,4549.48,61.317292083333335,19.200497708333334,0,normal,No Drift,0,
2009-08-14,237.63578291666667,106.67283833333332,178.11855395833334,4638.62,59.51722895833333,19.162959791666665,0,normal,No Drift,0,
2009-08-15,235.7843152083333,106.68260604166667,177.883594375,4721.86,57.90072083333333,18.928986875,0,normal,No Drift,0,
2009-08-16,235.0673145833333,106.69452958333332,177.96093104166667,4767.4,57.106383541666666,18.72225770833333,0,normal,No Drift,0,
2009-08-17,235.21981854166663,106.71377645833331,178.52829291666666,4783.38,56.691525625,18.977782708333333,0,normal,No Drift,0,
2009-08-18,235.541273125,106.724780625,178.60442583333332,4779.42,56.936847291666666,19.0105575,0,normal,No Drift,0,
2009-08-19,235.85836833333332,106.73304125,178.64005333333333,4795.27,57.218315,18.924549375,0,normal,No Drift,0,
2009-08-20,236.23105875,106.740189375,178.893268125,4800.54,57.337790625,18.93863458333333,0,normal,No Drift,0,
2009-08-21,236.6239914583333,106.74520520833332,179.13481625,4793.55,57.489175208333336,19.07987083333333,0,normal,No Drift,0,
2009-08-22,236.9197914583333,106.74924833333333,179.4377525,4795.4,57.48203895833333,19.106543541666667,0,normal,No Drift,0,
2009-08-23,237.11674958333333,106.75067458333334,179.55703645833333,4788.33,57.559713125,19.11356520833333,0,normal,No Drift,0,
2009-08-24,237.3266333333333,106.75712270833333,179.88464375,4817.27,57.44198958333333,19.151315625,0,normal,No Drift,0,
2009-08-25,236.878979375,106.772546875,180.57058895833333,4950.96,56.30839041666667,19.23959770833333,0,normal,No Drift,0,
2009-08-27,248.3189583562533,106.62246767439474,177.25723142653786,3733.66,71.06172692971543,16.871211789508507,0,normal,No Drift,0,
2009-08-28,239.70708395833333,106.74363479166666,180.35598208333332,4689.98,59.351101875,19.57244270833333,0,normal,No Drift,0,
2009-09-07,248.13457795946348,105.58468277995672,178.77885608665787,5053.84,69.3557218728056,17.992439951613825,0,normal,No Drift,0,
2009-09-08,251.405233125,106.72202375,181.1507475,4573.77,70.254485625,19.761866875,0,normal,No Drift,0,
2009-09-09,251.6582260416667,106.729509375,181.66406979166663,4354.63,69.99415625,20.37274958333333,0,normal,No Drift,0,
2009-09-10,251.82682583333332,106.73302645833331,181.876676875,4340.51,69.95014895833333,20.87144770833333,0,normal,No Drift,0,
2009-09-11,251.2983489583333,106.74387916666667,182.29873479166667,4393.44,68.99961416666666,21.014147916666666,0,normal,No Drift,0,
2009-09-12,249.99348791666668,106.75849166666669,182.6932158333333,4477.04,67.30027208333334,21.002105625,0,normal,No Drift,0,
2009-09-13,249.86537854166667,106.77055791666666,182.95590958333327,4489.88,66.90946895833333,21.065745416666665,0,normal,No Drift,0,
2009-09-14,250.13939520833333,106.78022041666668,183.214575,4464.08,66.92482020833333,21.316344791666666,0,normal,No Drift,0,
2009-09-15,249.83371020833331,106.796541875,184.02002708333333,4526.12,65.813683125,21.35355270833333,0,normal,No Drift,0,
2009-09-16,250.17919625,106.80542583333332,183.92319,4512.23,66.25600625,21.31965333333333,0,normal,No Drift,0,
2009-09-17,250.68245666666667,106.800399375,183.79909020833333,4464.89,66.88336645833333,21.413338125,0,normal,No Drift,0,
2009-09-18,250.394478125,106.80684895833332,183.8484825,4492.25,66.545995625,21.35888583333333,0,normal,No Drift,0,
2009-09-19,253.2333125,106.781640625,182.65679645833333,4154.3,70.57651604166666,21.219618333333333,0,normal,No Drift,0,
2009-09-20,260.05534229166665,106.67250333333334,179.93121770833332,3305.88,80.12412458333333,20.715758541666663,0,normal,No Drift,0,
2009-09-21,259.3064047916667,106.68237458333331,180.14586541666668,4206.64,79.160539375,20.66297375,0,normal,No Drift,0,
2009-09-22,259.4837660416667,106.681070625,180.27602875,4199.23,79.20773729166666,20.57219770833333,0,normal,No Drift,0,
2009-09-23,259.6632379166667,106.682226875,180.5353639583333,4322.81,79.12787395833334,20.660644791666662,0,normal,No Drift,0,
2009-09-24,255.67963854166663,106.743553125,182.90734854166664,4684.69,72.77229,20.938022291666663,0,normal,No Drift,0,
2009-09-25,251.71924833333333,106.82465416666666,185.08482020833333,5057.91,66.634428125,21.400334583333333,0,normal,No Drift,0,
2009-10-01,261.9717550893616,106.63293637602835,182.34975805763636,3565.94,79.62199703172524,12.410818516048916,0,normal,No Drift,0,
2009-10-02,253.207380625,106.80283625,185.03824333333333,4883.02,68.16913729166667,19.794855416666667,0,normal,No Drift,0,
2009-10-03,252.8364045833333,106.82256020833331,185.0819754166667,5037.57,67.75442916666667,20.933228541666665,0,normal,No Drift,0,
2009-10-04,252.78438916666667,106.83517229166668,185.56229875,5032.99,67.22209041666666,21.45190833333333,0,normal,No Drift,0,
2009-10-05,252.77300979166668,106.84526729166669,185.81471208333332,5072.51,66.95829770833333,21.963805,0,normal,No Drift,0,
2009-10-06,260.2073070833333,106.7494975,182.0974127083333,4326.83,78.109894375,21.4828025,0,normal,No Drift,0,
2009-10-07,257.43947104166665,106.78616166666669,183.7648052083333,4616.27,73.67466583333334,21.918777708333334,0,normal,No Drift,0,
2009-10-08,257.93886645833334,106.788246875,183.6298514583333,4545.12,74.309015,21.921048958333333,0,normal,No Drift,0,
2009-10-09,258.34431958333334,106.7842875,183.50437458333332,4420.65,74.839945,22.01125625,0,normal,No Drift,0,
2009-10-10,254.26818400673724,105.57433902849137,180.2280923562166,4441.14,74.04009165052064,21.58386618024303,0,normal,No Drift,0,
2009-10-11,258.23271449804434,106.78210061277706,183.4721400260756,4426.34,74.76057447196871,22.008583233376797,0,normal,No Drift,0,
2009-10-12,257.7473808333333,106.78889416666668,183.78917708333333,4454.14,73.95820375,22.007243541666668,0,normal,No Drift,0,
2009-10-13,258.1746808182,106.78251071897856,183.39202698841427,3766.37,74.78265382978572,21.82405597582857,0,normal,No Drift,0,
2009-10-14,258.3981777083333,106.75619979166666,182.39431875,4257.96,76.00385895833334,21.424101666666665,0,normal,No Drift,0,
2009-10-15,262.7408051119216,106.68622135075088,181.88713120419985,3550.58,80.85367390772174,19.306712512493164,0,normal,No Drift,0,
2009-10-16,254.4115458333333,106.80173770833332,184.398115625,4728.63,70.01343020833333,21.117416041666665,0,normal,No Drift,0,
2009-10-18,258.22151847826086,106.74387652173912,182.46963869565215,4118.7,75.7518797826087,3.511634347826087,0,normal,No Drift,0,
2009-10-19,256.92913604166665,106.74773395833331,182.17943416666665,4334.82,74.749701875,5.309829166666667,0,normal,No Drift,0,
2009-10-20,256.5999595833333,106.746030625,181.9880510416667,4339.02,74.61190854166666,11.534372708333333,0,normal,No Drift,0,
2009-10-21,256.48924916666664,106.747158125,181.84909541666667,4333.24,74.64015375,14.1477975,0,normal,No Drift,0,
2009-10-22,256.46626875,106.74969979166669,181.861315,4324.32,74.60495375,14.119703125,0,normal,No Drift,0,
2009-10-25,261.8651607442296,106.78256944444422,184.30754448713887,4190.37,77.55761625709077,10.468964864579176,0,normal,No Drift,0,
2009-10-26,260.70445291666664,106.78579916666666,183.577694375,4306.5,77.12675854166666,14.366617291666667,0,normal,No Drift,0,
2009-10-27,260.42039666666665,106.7856775,183.61469666666667,4313.37,76.8057,15.016810208333334,0,normal,No Drift,0,
2009-10-28,260.01914375,106.79384,183.67518541666664,4348.44,76.34395833333333,15.030249375,0,normal,No Drift,0,
2009-10-29,259.56587246516614,106.82401681672026,185.67185364415863,4274.9,73.8940188210075,13.8047861414791,0,normal,No Drift,0,
2009-10-30,253.39889458333332,106.90845916666666,187.28500916666667,4957.61,66.11388541666666,15.379883333333334,0,normal,No Drift,0,
2009-10-31,254.22859416666665,106.905469375,186.81589479166664,4840.81,67.412699375,15.4916875,0,normal,No Drift,0,
2009-11-01,254.045449375,106.91377104166666,186.99898875,4852.06,67.046460625,15.489621666666666,0,normal,No Drift,0,
2009-11-02,254.3114833333333,106.91622895833332,186.92457958333333,4829.38,67.38690375,15.431091666666669,0,normal,No Drift,0,
2009-11-03,254.32095791666663,106.92213020833331,187.04518666666667,4817.07,67.27577125,15.465274375,0,normal,No Drift,0,
2009-11-05,258.3243145833333,106.86363833333333,184.94429125,4434.99,73.38002333333333,14.945791875,0,normal,No Drift,0,
2009-11-06,258.4570933333333,106.85641916666668,184.87490541666668,4403.93,73.58218791666667,15.167053541666666,0,normal,No Drift,0,
2009-11-07,258.03128604166665,106.86466833333331,185.35255125,4448.0,72.67873479166667,15.352947916666666,0,normal,No Drift,0,
2009-11-08,257.8228564583333,106.86899395833332,185.69426083333332,4470.57,72.128595625,15.479849166666666,0,normal,No Drift,0,
2009-11-09,260.216592590615,106.84790275461206,184.8512136374304,4089.83,75.36537895318459,14.7067622427865,0,normal,No Drift,0,
2009-11-10,259.5304497916667,106.846939375,185.58320354166668,4245.19,73.94724625,14.174319791666669,0,normal,No Drift,0,
2009-11-11,258.27852333333334,106.87449208333334,185.37706875,4401.54,72.90145458333333,15.250146875,0,normal,No Drift,0,
2009-11-12,258.1416983333333,106.87598770833333,185.37779541666663,4408.51,72.76390291666667,15.097233125,0,normal,No Drift,0,
2009-11-13,258.35325479166664,106.875380625,185.447205,4378.76,72.90604979166666,15.07474972972973,0,normal,No Drift,0,
2009-11-14,258.06337270833336,106.88368979166668,185.71831333333333,4413.39,72.345059375,15.07474972972973,1,normal,No Drift,0,
2009-11-15,257.39503729166665,106.89482208333334,186.1414345833333,4446.8,71.25360270833333,15.07474972972973,1,normal,No Drift,0,
2009-11-16,256.2415310416667,106.91496979166666,186.7849654166667,4517.33,69.456565625,15.07474972972973,1,normal,No Drift,0,
2009-11-17,254.03586083333332,106.952561875,188.25124208333327,4724.62,65.78461875,15.07474972972973,1,normal,No Drift,0,
2009-11-18,253.01809125,106.97754895833332,189.07294375,4874.86,63.9451475,15.07474972972973,1,normal,No Drift,0,
2009-11-19,253.2517720833333,106.97851375,188.72906895833333,4842.29,64.522703125,15.07474972972973,1,normal,No Drift,0,
2009-11-20,258.43536836421737,106.92041869746522,187.4796017310348,4004.63,70.9557666331826,15.07474972972973,1,normal,No Drift,0,
2009-11-21,253.3678652083333,106.98144604166669,188.951823125,4846.82,64.41604208333334,15.07474972972973,1,normal,No Drift,0,
2009-11-22,253.08590104166663,106.984708125,188.868870625,4840.84,64.21703041666666,15.07474972972973,1,normal,No Drift,0,
2009-11-23,256.61750976395814,106.93721891370232,187.8855932870372,3930.03,68.73191647692093,15.07474972972973,1,normal,No Drift,0,
2009-11-24,256.3930166866756,106.953881089408,187.58340286036687,4126.56,68.80961382630872,15.07474972972973,1,normal,No Drift,0,
2009-11-25,252.72710354166668,106.99473375,188.161143125,4837.35,64.56596041666667,15.07474972972973,1,normal,No Drift,0,
2009-11-26,252.7509333333333,106.99354333333332,188.22001604166667,4880.73,64.53091729166667,15.07474972972973,1,normal,No Drift,0,
2009-11-27,252.83568063829787,107.00239723404256,188.87578765957448,4864.71,63.9598929787234,15.878015106382978,0,normal,No Drift,0,
2009-11-28,252.93001854166667,107.01381604166669,189.5439364583333,4855.39,63.386082083333335,16.071765208333332,0,normal,No Drift,0,
2009-11-29,252.253330625,107.03197229166666,190.33035916666665,5013.4,61.922971458333336,16.026994166666668,0,normal,No Drift,0,
2009-11-30,252.00116234042557,107.03757340425533,190.60127914893616,5062.11,61.39988319148936,16.00633425531915,0,normal,No Drift,0,
2009-12-01,252.17115916666663,107.041406875,190.48153083333327,5031.44,61.68962833333333,16.076411458333332,0,normal,No Drift,0,
2009-12-02,252.21165895833332,107.04265541666666,190.37650125,5047.98,61.83515770833333,15.824711041666667,0,normal,No Drift,0,
2009-12-03,252.12541479166663,107.04491125,190.41787479166663,5043.73,61.70754,15.76014375,0,normal,No Drift,0,
2009-12-04,251.49459854166668,107.05448229166667,190.91364375,5485.34,60.58095479166667,15.821149166666666,0,normal,No Drift,0,
2009-12-05,253.41101875,107.033833125,189.897079375,5189.7,63.513939375,15.809724375,0,normal,No Drift,0,
2009-12-06,252.99035375,107.03263875,190.20579125,5303.4,62.7845625,15.797913958333334,0,normal,No Drift,0,
2009-12-07,251.51216520833333,107.05972875,191.0391339583333,5467.62,60.47303125,15.921587708333334,0,normal,No Drift,0,
2009-12-08,251.402225,107.06330979166668,191.25688229166667,5604.33,60.14534270833333,15.988063541666667,0,normal,No Drift,0,
2009-12-09,251.43529125,107.06461083333332,191.10984395833333,5601.13,60.32544729166667,16.000169583333335,0,normal,No Drift,0,
2009-12-10,251.66463520833327,107.06062958333334,191.22949916666667,5549.21,60.43513604166667,16.187956458333332,0,normal,No Drift,0,
2009-12-11,251.86241229166663,107.05532583333331,191.09468041666668,5480.45,60.767731875,16.269631666666665,0,normal,No Drift,0,
2009-12-12,251.7934302083333,107.05381020833332,191.00477354166668,5465.07,60.78865666666667,16.27408416666667,0,normal,No Drift,0,
2009-12-13,253.1857565876087,107.0400757498826,191.1361169668348,5049.73,62.04963962077391,15.70403597491739,0,normal,No Drift,0,
2009-12-14,252.1479175,107.04767041666666,190.979230625,5380.51,61.168686875,16.549372708333333,0,normal,No Drift,0,
2009-12-15,252.18680395833331,107.042715625,191.0300827083333,5366.63,61.15672125,16.374615625,0,normal,No Drift,0,
2009-12-16,251.86652354166668,107.04568645833334,190.84483208333333,5358.32,61.021691458333336,16.328148541666668,0,normal,No Drift,0,
2009-12-17,252.178949920821,107.0435182198787,190.81343655365023,5017.66,61.36551336717074,16.076538207751835,0,normal,No Drift,0,
2009-12-18,271.18872357637485,106.75214081586368,183.08316245196596,2516.72,88.10556112440895,12.292914519906285,0,normal,No Drift,0,
2009-12-20,252.49627135898365,106.98732026180052,189.81315352119265,4228.61,62.68311783779101,13.599436274499585,0,normal,No Drift,0,
2009-12-21,247.85264729166667,107.026446875,190.20132041666668,5347.19,57.651326875,16.138007291666668,0,normal,No Drift,0,
2009-12-22,247.0978625,107.031365625,190.14016583333333,5355.93,56.95769666666666,16.166763333333332,0,normal,No Drift,0,
2009-12-23,248.06578375,107.02522354166666,189.75490541666667,5153.65,58.310878333333335,16.314934166666667,0,normal,No Drift,0,
2009-12-24,248.5300225,107.02135291666669,189.62316166666668,5063.78,58.90686083333333,16.401801875,0,normal,No Drift,0,
2009-12-25,248.51700479166664,107.027373125,189.67254645833333,5164.96,58.844458333333336,16.278008958333334,0,normal,No Drift,0,
2009-12-26,248.71875208333333,107.03395916666666,190.1399095833333,5148.7,58.5788425,16.471987708333334,0,normal,No Drift,0,
2009-12-27,248.65064041666668,107.035895625,190.20257395833332,5098.58,58.44806645833334,16.391923125,0,normal,No Drift,0,
2009-12-28,248.47783375,107.03790833333332,190.26517041666668,5298.31,58.21266333333333,16.301016458333333,0,normal,No Drift,0,
2009-12-29,248.38747666666663,107.04270333333334,190.25553520833333,5281.46,58.13194145833333,16.25215645833333,0,normal,No Drift,0,
2009-12-30,248.350824375,107.04628770833334,190.23544875,5280.42,58.115375625,16.21098125,0,normal,No Drift,0,
2009-12-31,248.42246083333333,107.04874875,190.31424145833333,5243.21,58.108219375,16.266520625,0,normal,No Drift,0,
2010-01-01,248.2708795833333,107.05442916666668,190.2422995833333,5261.93,58.02858,16.168523125,0,normal,No Drift,0,
2010-01-02,248.13987833333331,107.05831729166668,190.26088020833333,5256.37,57.878998125,16.097961875,0,normal,No Drift,0,
2010-01-03,248.06805708333331,107.061969375,190.49241791666665,5227.61,57.57563916666667,16.271995416666666,0,normal,No Drift,0,
2010-01-04,248.10016979166667,107.06657979166668,190.51886604166663,5199.02,57.58130375,16.247145833333335,0,normal,No Drift,0,
2010-01-05,248.0507614583333,107.07150958333334,190.488745625,5206.38,57.56201583333333,16.251479166666666,0,normal,No Drift,0,
2010-01-06,248.050173125,107.07664354166668,190.44568145833333,5200.27,57.60449166666667,16.269242916666666,0,normal,No Drift,0,
2010-01-07,248.00722872340427,107.08178085106384,190.58369319148937,5189.62,57.423535531914894,16.37609404255319,0,normal,No Drift,0,
2010-01-08,247.9974259574468,107.08705574468084,190.68995468085103,5185.95,57.30747127659574,16.442721063829786,0,normal,No Drift,0,
2010-01-09,255.40790583120813,107.01040259694928,188.0349149920927,4034.53,67.37299083911545,15.066241709737476,0,normal,No Drift,0,
2010-01-10,248.43397361702128,107.0712010638298,190.2990393617021,5140.65,58.13493425531915,16.17799021276596,0,normal,No Drift,0,
2010-01-11,247.903004375,107.086594375,190.75915166666667,5157.86,57.14385270833333,16.539193541666666,0,normal,No Drift,0,
2010-01-12,247.7502025,107.095309375,190.65360083333331,5161.22,57.096601666666665,16.484324583333333,0,normal,No Drift,0,
2010-01-13,247.60891145833327,107.1049175,190.68503270833327,5136.39,56.92387875,16.435826875,0,normal,No Drift,0,
2010-01-14,247.24345541666668,107.11945979166669,190.764365,5092.0,56.479090416666665,16.560001875,0,normal,No Drift,0,
2010-01-15,246.88378208333333,107.13375375,190.86854979166668,5033.93,56.01523229166666,16.848825625,0,normal,No Drift,0,
2010-01-16,246.51294354166663,107.151598125,190.90236395833327,4979.19,55.61057958333333,17.028006458333333,0,normal,No Drift,0,
2010-01-17,246.20528270833333,107.16607645833334,191.11977708333333,4905.73,55.085505625,17.398269375,0,normal,No Drift,0,
2010-01-18,246.0596845833333,107.18054291666668,191.316678125,4689.19,54.74300645833333,17.79101916666667,0,normal,No Drift,0,
2010-01-19,245.9449514583333,107.19174166666669,191.4167425,4647.39,54.52820895833333,18.14047520833333,0,normal,No Drift,0,
2010-01-20,245.77118833333333,107.205026875,191.41805104166667,4628.38,54.35313729166667,18.111824791666667,0,normal,No Drift,0,
2010-01-21,245.760560625,107.21577479166666,191.65357791666668,4586.62,54.10698270833333,18.273127916666667,0,normal,No Drift,0,
2010-01-22,245.86578208333333,107.223914375,191.87066020833333,4563.26,53.995121875,18.39676208333333,0,normal,No Drift,0,
2010-01-23,246.71684520833327,107.22532916666668,191.8879227083333,4010.69,54.8289225,18.6719925,0,normal,No Drift,0,
2010-01-24,247.1622625,107.24168895833331,192.922315,4441.06,54.2399475,19.022790625,0,normal,No Drift,0,
2010-01-25,248.7579177083333,107.22639020833331,194.1894514583333,4596.67,54.56846625,19.32195833333333,0,normal,No Drift,0,
2010-01-26,253.9391555875908,107.1771037146991,192.610758134964,3953.58,61.32839745262678,18.593674935772132,0,normal,No Drift,0,
2010-01-27,250.51896729166663,107.20844395833332,194.15398708333333,4419.93,56.364980208333336,19.56064083333333,0,normal,No Drift,0,
2010-01-28,248.75301708333333,107.24761166666669,196.0733102083333,4625.59,52.679706875,19.741846041666665,0,normal,No Drift,0,
2010-01-29,248.62483104166665,107.26446291666667,196.85740666666663,4705.52,51.767424375,20.03902,0,normal,No Drift,0,
2010-01-30,248.730560625,107.27569541666666,197.39371541666668,4720.13,51.33684520833334,20.17608145833333,0,normal,No Drift,0,
2010-01-31,249.07851354166667,107.28413791666668,197.83235,4702.17,51.24616354166667,20.36009,0,normal,No Drift,0,
2010-02-01,249.613408125,107.2891025,198.21876916666668,4673.25,51.39463895833333,20.692991875,0,normal,No Drift,0,
2010-02-02,250.8011175,107.288536875,198.16941,4544.83,52.6317075,20.848918125,0,normal,No Drift,0,
2010-02-03,251.90313166666667,107.27662333333332,198.0541177083333,4285.02,53.84901395833333,21.112734166666662,0,normal,No Drift,0,
2010-02-04,254.10536854166668,107.259246875,197.04149729166667,4111.36,57.06387125,21.100342916666666,0,normal,No Drift,0,
2010-02-05,252.86734,107.28336666666668,197.65882375,4257.01,55.20851625,21.278165416666667,0,normal,No Drift,0,
2010-02-06,253.167550625,107.289284375,198.0806952083333,4234.42,55.086855416666666,21.523377083333333,0,normal,No Drift,0,
2010-02-07,254.46994104166663,107.28278958333334,198.41506854166667,4140.35,56.0548725,21.898078125,0,normal,No Drift,0,
2010-02-08,252.971821875,107.30961770833332,198.98830875,4326.64,53.983513125,22.073921041666665,0,normal,No Drift,0,
2010-02-09,253.16264541666663,107.31474083333332,199.28925729166667,4300.52,53.873388125,22.208326666666668,0,normal,No Drift,0,
2010-02-10,253.48034416666667,107.31657458333332,199.45147041666667,4248.97,54.02887375,22.464318958333333,0,normal,No Drift,0,
2010-02-11,254.27715416666663,107.31399333333331,199.763078125,4106.17,54.51407604166667,22.59645520833333,0,normal,No Drift,0,
2010-02-12,256.964016875,107.290658125,199.114275625,3815.94,57.84974125,22.75052020833333,0,normal,No Drift,0,
2010-02-13,258.09332625,107.25676416666668,198.6326525,3737.49,59.46067375,22.544913541666663,0,normal,No Drift,0,
2010-02-16,253.49608604166667,107.2883975,196.16111125,4108.39,57.33497479166667,21.723027916666663,0,normal,No Drift,0,
2010-02-17,253.934,107.29840916666669,197.03817229166663,4040.4,56.895827708333336,22.667934166666665,0,normal,No Drift,0,
2010-02-18,259.906501509382,107.2432303162283,196.64377560241124,3211.46,63.26272590697075,20.64741686036493,0,normal,No Drift,0,
2010-02-19,254.16856479166665,107.33487854166668,197.70922729166668,4027.02,56.4593375,23.34839833333333,0,normal,No Drift,0,
2010-02-20,254.54588382978724,107.33695872340424,198.62633085106384,3945.82,55.9195529787234,23.72589595744681,0,normal,No Drift,0,
2010-02-21,254.94900083333332,107.34187416666668,199.48067708333332,4037.43,55.46832375,23.933412291666667,0,normal,No Drift,0,
2010-02-22,255.394600625,107.34757395833331,200.176210625,3994.39,55.21839,24.14365645833333,0,normal,No Drift,0,
2010-02-23,259.59669357863226,107.3302601022258,199.9932907156968,3461.1,59.60340286293548,23.80773304091613,0,normal,No Drift,0,
2010-02-24,256.375570625,107.35591354166668,200.79365020833333,3991.13,55.58192041666667,24.44800208333333,0,normal,No Drift,0,
2010-03-03,265.38058659574466,107.16888978723404,196.0197859574468,3466.01,69.36080063829787,23.37864340425532,0,normal,No Drift,0,
2010-03-04,256.52443708333334,107.28477520833331,194.34110104166663,4144.87,62.18333604166666,28.314153333333334,0,normal,No Drift,0,
2010-03-05,256.62906291666667,107.258215,193.700205,4025.56,62.928857916666665,29.125034791666668,0,normal,No Drift,0,
2010-03-06,256.52900211284515,107.23984786314526,193.39956213685477,3444.62,63.1294399759904,29.4973493757503,0,normal,No Drift,0,
2010-03-09,251.6247514583333,107.26479166666668,193.73935125,4344.86,57.88540020833333,28.00035708333333,0,normal,No Drift,0,
2010-03-10,250.59783145833333,107.25570708333332,193.71945541666668,4258.59,56.87837604166667,29.030956041666663,0,normal,No Drift,0,
2010-03-11,254.03707223394008,107.20508591126504,193.27148729476824,3500.93,60.765584939171816,28.366529907633776,0,normal,No Drift,0,
2010-03-13,249.57442723404256,107.22567,193.32643765957448,3716.44,56.247989574468086,29.22520659574468,0,normal,No Drift,0,
2010-03-14,248.58954916666667,107.264540625,194.626283125,3801.87,53.96326604166666,29.632224166666667,0,normal,No Drift,0,
2010-03-15,248.35821979166667,107.293551875,196.05289666666667,3860.92,52.305323125,26.9586375,0,normal,No Drift,0,
2010-03-16,249.9803777083333,107.2912525,196.67472229166663,3717.81,53.30565541666667,25.53774083333333,0,normal,No Drift,0,
2010-03-17,249.3311720833333,107.31375541666668,197.60593166666663,3831.2,51.725240416666665,25.6474025,0,normal,No Drift,0,
2010-03-18,248.35435354166663,107.31548833333332,197.85202,3926.86,50.502333541666665,25.559684166666667,0,normal,No Drift,0,
2010-03-19,247.75999604166665,107.303415,197.62434229166664,3887.46,50.13565375,25.35577458333333,0,normal,No Drift,0,
2010-03-20,247.15807479166668,107.29343458333334,197.6950597916667,3848.11,49.463015,25.42354895833333,0,normal,No Drift,0,
2010-03-21,246.56603854166667,107.28454791666668,197.623400625,3827.75,48.94263791666667,25.373421041666667,0,normal,No Drift,0,
2010-03-22,246.0237725,107.27565583333332,197.1863925,3454.15,48.83738,25.257747916666663,0,normal,No Drift,0,
2010-03-23,245.481925625,107.26929416666668,197.05417333333327,3413.36,48.42775229166666,25.11816875,0,normal,No Drift,0,
2010-03-24,245.86238770833333,107.28001791666668,197.39507375,3405.79,48.467313958333335,25.231390625,0,normal,No Drift,0,
2010-03-25,246.38931625,107.29436479166668,197.99562791666668,3426.37,48.39368833333333,25.47290375,0,normal,No Drift,0,
2010-03-26,246.65081916666668,107.30968083333332,198.78837479166663,3524.65,47.862444375,25.462229583333333,0,normal,No Drift,0,
2010-03-27,247.0082783333333,107.32265666666666,199.606349375,3587.86,47.401928958333336,25.746869166666663,0,normal,No Drift,0,
2010-03-28,247.2800218181818,107.33552772727272,200.3695690909091,3510.63,46.91045272727273,25.97796681818182,0,normal,No Drift,0,
2010-03-29,247.68270166666667,107.34554916666669,201.12032895833332,3739.71,46.562372708333335,26.22473875,0,normal,No Drift,0,
2010-03-30,248.35717916666667,107.35255583333333,201.33698416666667,3473.56,47.020195,26.140248541666665,0,normal,No Drift,0,
2010-03-31,248.9217134042553,107.35985170212766,202.0065,3485.06,46.91521340425532,26.385377446808512,0,normal,No Drift,0,
2010-04-02,250.8892314583333,107.39059958333333,202.58363479166667,3407.69,48.305596666666666,25.45189458333333,0,normal,No Drift,0,
2010-04-03,255.1435892662468,107.3575233970851,202.3163644756766,3186.88,52.82722479057021,26.750112870685108,0,normal,No Drift,0,
2010-04-04,249.59919663804212,107.40351833333334,203.9085458333333,3495.15,47.55225958333333,28.21643,0,drift,No Drift,0,AVG_DOWNHOLE_PRESSURE
2010-04-05,252.73505733649046,107.3988725531915,204.179074893617,3428.88,48.45943468085106,28.496630425531915,0,drift,No Drift,0,AVG_DOWNHOLE_PRESSURE
2010-04-06,254.70955146435827,107.39075458333332,204.57501354166664,3342.4,49.45814583333333,28.439224375,0,drift,No Drift,0,AVG_DOWNHOLE_PRESSURE
2010-04-07,258.20843785235354,107.39200291666668,205.42488416666663,3330.01,49.3650675,28.849484166666667,0,drift,No Drift,0,AVG_DOWNHOLE_PRESSURE
2010-04-08,258.82792265006685,107.396590625,206.05963166666663,3198.19,49.27914895833333,28.951259375,0,drift,No Drift,0,AVG_DOWNHOLE_PRESSURE
2010-04-09,259.2729346785851,107.39767166666668,206.51110520833333,3170.37,49.347258333333336,29.056166041666668,0,drift,No Drift,0,AVG_DOWNHOLE_PRESSURE
2010-04-10,259.9156796684012,107.38033041666668,206.08400416666663,3148.09,49.31530083333333,28.88174145833333,0,drift,No Drift,0,AVG_DOWNHOLE_PRESSURE
2010-04-11,259.94133235413403,107.363859375,205.50867541666668,3124.35,49.20580520833333,28.588488958333333,0,drift,No Drift,0,AVG_DOWNHOLE_PRESSURE
2010-04-12,257.5060928172165,107.3506425,205.1585558333333,3107.58,48.93762083333333,28.27398708333333,0,drift,No Drift,0,AVG_DOWNHOLE_PRESSURE
2010-04-13,260.62519221190956,107.342165625,204.9844170833333,3100.02,48.487033958333335,27.93076875,0,drift,No Drift,0,AVG_DOWNHOLE_PRESSURE
2010-04-14,258.3623416373995,107.334271875,204.68169104166665,3215.36,48.066406666666666,27.79624125,0,drift,No Drift,0,AVG_DOWNHOLE_PRESSURE
2010-04-15,255.79833469903187,107.32852083333331,204.39514520833333,3220.01,47.589436875,27.514343333333333,0,drift,No Drift,0,AVG_DOWNHOLE_PRESSURE
2010-04-16,255.38536463667126,107.32445479166668,204.07482541666667,3258.75,46.964850625,27.278295208333333,0,drift,No Drift,0,AVG_DOWNHOLE_PRESSURE
2010-04-17,261.3748610281517,107.28423012334288,203.11866219788604,2865.27,51.160479388638485,26.14338836447691,0,drift,No Drift,0,AVG_DOWNHOLE_PRESSURE
2010-04-18,253.51763616953875,107.30287729166666,202.96165729166665,3150.88,47.44936625,26.8662825,0,drift,No Drift,0,AVG_DOWNHOLE_PRESSURE
2010-04-19,255.2046989272848,107.292633125,202.39728770833327,3190.98,46.79057104166667,26.627875625,0,drift,No Drift,0,AVG_DOWNHOLE_PRESSURE
2010-04-20,252.9461947835394,107.28980604166668,201.826680625,3403.93,45.46237125,26.25688145833333,0,drift,No Drift,0,AVG_DOWNHOLE_PRESSURE
2010-04-21,253.6835420442612,107.28092854166668,201.52953520833333,2968.51,44.87567791666667,26.02595375,0,drift,No Drift,0,AVG_DOWNHOLE_PRESSURE
2010-04-22,249.03996204273935,107.268416875,200.74567416666667,2949.86,44.70789270833333,25.832571666666663,0,drift,No Drift,0,AVG_DOWNHOLE_PRESSURE
2010-04-23,246.99768839545905,107.2554825,199.800894375,2903.27,44.40140333333333,25.491465625,0,drift,No Drift,0,AVG_DOWNHOLE_PRESSURE
2010-04-24,258.3715971906711,107.17304541666668,199.48805875,2516.03,53.350403125,24.920161041666667,0,drift,No Drift,0,AVG_DOWNHOLE_PRESSURE
2010-04-25,262.29200438500794,107.11237,199.52576270833333,2154.23,58.768431666666665,23.964949166666667,0,drift,No Drift,0,AVG_DOWNHOLE_PRESSURE
2010-04-26,273.26571546500725,106.99409291666667,203.148621875,1635.39,66.61009770833333,17.666407291666665,0,drift,No Drift,0,AVG_DOWNHOLE_PRESSURE
2010-04-27,261.14536008915525,107.221715,201.00105645833327,2507.96,53.95192125,25.74905208333333,0,drift,No Drift,0,AVG_DOWNHOLE_PRESSURE
2010-04-28,271.0241348845705,107.06413020833334,201.71232541666663,1793.49,66.66185645833333,20.773911666666667,0,drift,No Drift,0,AVG_DOWNHOLE_PRESSURE
2010-04-29,267.9809437221254,107.14538645833332,204.12933,2119.15,61.224207291666666,20.675931041666665,0,drift,No Drift,0,AVG_DOWNHOLE_PRESSURE
2010-04-30,261.505800980419,107.28347166666668,203.09592479166668,2574.11,54.01851416666667,26.41791208333333,0,drift,No Drift,0,AVG_DOWNHOLE_PRESSURE
2010-05-01,262.5787244167766,107.28727458333331,203.87749416666668,2587.54,53.867454375,26.668477916666667,0,drift,No Drift,0,AVG_DOWNHOLE_PRESSURE
2010-05-02,259.83619275480027,107.29926541666669,204.710295,2641.29,53.07114895833333,27.040928541666663,0,drift,No Drift,0,AVG_DOWNHOLE_PRESSURE
2010-05-03,263.75148793468827,107.30084479166666,205.08549979166668,2658.88,52.55518416666666,27.102654166666667,0,drift,No Drift,0,AVG_DOWNHOLE_PRESSURE
2010-05-05,263.73456931931634,107.3195775,205.03546291666663,2573.93,54.16065458333333,27.145088125,0,drift,No Drift,0,AVG_DOWNHOLE_PRESSURE
2010-05-06,262.0676170318816,107.31446645833331,205.13355104166664,2530.85,54.61979791666667,27.658525,0,drift,No Drift,0,AVG_DOWNHOLE_PRESSURE
2010-05-07,264.1919147756624,107.31451291666669,205.6754525,2493.99,54.60581875,27.870404375,0,drift,No Drift,0,AVG_DOWNHOLE_PRESSURE
2010-05-08,264.2889067476671,107.31569791666666,206.51287416666668,2482.15,54.38731333333333,28.002797916666665,0,drift,No Drift,0,AVG_DOWNHOLE_PRESSURE
2010-05-09,263.5540091659491,107.31907395833332,207.02556416666667,2474.84,54.418345625,28.151692291666667,0,drift,No Drift,0,AVG_DOWNHOLE_PRESSURE
2010-05-10,265.66529376789083,107.32353895833332,207.50397708333333,2766.03,54.499692083333336,28.13701520833333,0,drift,No Drift,0,AVG_DOWNHOLE_PRESSURE
2010-05-11,266.24882551068134,107.32526479166668,208.05195166666667,2748.61,54.634373125,28.389066041666663,0,drift,No Drift,0,AVG_DOWNHOLE_PRESSURE
2010-05-12,263.8346099292979,107.32372458333332,208.4931,2712.34,54.97536333333333,28.470809166666665,0,drift,No Drift,0,AVG_DOWNHOLE_PRESSURE
2010-05-13,266.95936113962256,107.33052875,208.88825791666667,2666.04,55.00709666666667,28.6489625,0,drift,No Drift,0,AVG_DOWNHOLE_PRESSURE
2010-05-14,267.4317244134929,107.33474291666668,209.296956875,2701.72,55.189827916666665,28.70457645833333,0,drift,No Drift,0,AVG_DOWNHOLE_PRESSURE
2010-05-15,267.7924948874268,107.3378374468085,209.9160261702128,2696.78,55.13631319148936,28.99822,0,drift,No Drift,0,AVG_DOWNHOLE_PRESSURE
2010-05-16,266.2801170667244,107.34037770833334,210.6883075,2685.18,54.98104875,29.164587291666667,0,drift,No Drift,0,AVG_DOWNHOLE_PRESSURE
2010-05-17,270.2831141112881,107.34390875,211.19223458333332,2669.66,55.06444375,29.292062708333333,0,drift,No Drift,0,AVG_DOWNHOLE_PRESSURE
2010-05-18,269.1966785756649,107.34092,211.38825708333331,2640.27,55.83601916666667,29.52576020833333,0,drift,No Drift,0,AVG_DOWNHOLE_PRESSURE
2010-05-19,272.2010679867743,107.334845,211.6716302083333,2573.72,56.66727541666667,29.65665645833333,0,drift,No Drift,0,AVG_DOWNHOLE_PRESSURE
2010-05-20,269.5950174743377,107.33056020833334,212.193216875,2549.16,57.247756458333335,29.69841208333333,0,drift,No Drift,0,AVG_DOWNHOLE_PRESSURE
2010-05-21,272.7642428570308,107.32505729166668,212.60490625,2520.76,57.91492958333333,29.299811666666667,0,drift,No Drift,0,AVG_DOWNHOLE_PRESSURE
2010-05-22,276.9504861291533,107.32401625,212.94458104166668,2503.59,58.428143125,26.93286125,0,drift,No Drift,0,AVG_DOWNHOLE_PRESSURE
2010-05-23,275.67768257337,107.32835375,213.40733104166668,2500.34,58.50798354166667,27.083618125,0,drift,No Drift,0,AVG_DOWNHOLE_PRESSURE
2010-05-24,272.5095060255612,107.33307645833334,213.703461875,2496.19,58.75159145833333,27.001074166666665,0,drift,No Drift,0,AVG_DOWNHOLE_PRESSURE
2010-05-25,274.27774684454863,107.33566229166668,214.156690625,2483.03,58.945028541666666,27.101904166666667,0,drift,No Drift,0,AVG_DOWNHOLE_PRESSURE
2010-05-26,278.6916395219947,107.33898354166666,214.55553333333333,2475.77,59.13481708333333,27.347423541666668,0,drift,No Drift,0,AVG_DOWNHOLE_PRESSURE
2010-05-27,276.2781216708919,107.33922270833334,214.68741541666665,2420.87,59.36171916666667,27.509953125,0,drift,No Drift,0,AVG_DOWNHOLE_PRESSURE
2010-05-28,284.9868437701663,107.31960946131548,215.5220721538335,2013.37,61.440898064312606,25.733330855406024,0,drift,No Drift,0,AVG_DOWNHOLE_PRESSURE
2010-05-29,281.27243605698,107.356725625,215.34250416666663,2455.94,58.86055854166667,28.135343958333333,0,drift,No Drift,0,AVG_DOWNHOLE_PRESSURE
2010-05-30,280.74861141435696,107.329949375,214.82982708333333,2345.76,61.18024166666667,27.615309375,0,drift,No Drift,0,AVG_DOWNHOLE_PRESSURE
2010-05-31,303.36433939444896,107.03999041666668,214.440026875,1522.45,81.40694916666666,19.730552916666667,0,drift,No Drift,0,AVG_DOWNHOLE_PRESSURE
2010-06-01,301.01990839852107,107.09411645833332,214.1935839583333,1812.37,78.225646875,22.06721583333333,0,drift,No Drift,0,AVG_DOWNHOLE_PRESSURE
2010-06-02,289.0468523318674,107.2963325,214.88201895833333,2421.43,65.00337083333334,27.36081833333333,0,drift,No Drift,0,AVG_DOWNHOLE_PRESSURE
2010-06-03,287.38888332083764,107.29769729166668,215.05594458333331,2404.05,64.32508708333333,27.704302916666663,0,drift,No Drift,0,AVG_DOWNHOLE_PRESSURE
2010-06-04,290.4092338315836,107.30480291666667,215.52200479166663,2384.74,64.05598291666666,27.95874708333333,0,drift,No Drift,0,AVG_DOWNHOLE_PRESSURE
2010-06-05,289.12926601804463,107.30978104166668,215.981590625,2349.81,63.909011875,28.12661125,0,drift,No Drift,0,AVG_DOWNHOLE_PRESSURE
2010-06-06,290.5184562520695,107.31546125,216.41268375,2343.56,63.742935208333336,28.20965520833333,0,drift,No Drift,0,AVG_DOWNHOLE_PRESSURE
2010-06-07,289.88952148270323,107.31974708333334,216.98783666666668,2380.74,63.281374375,28.434009791666668,0,drift,No Drift,0,AVG_DOWNHOLE_PRESSURE
2010-06-08,294.2339929855297,107.32284583333332,217.1033697916667,2384.64,63.205880625,28.640923541666663,0,drift,No Drift,0,AVG_DOWNHOLE_PRESSURE
2010-06-09,291.4637196749573,107.32390083333334,217.41253666666665,2381.92,62.735249375,28.534701666666667,0,drift,No Drift,0,AVG_DOWNHOLE_PRESSURE
2010-06-10,291.0365545145766,107.32209791666666,217.58277229166663,2377.7,62.61437166666666,28.545821041666667,0,drift,No Drift,0,AVG_DOWNHOLE_PRESSURE
2010-06-11,293.5142920137118,107.32303479166669,217.766543125,2420.55,62.43513,28.620150416666668,0,drift,No Drift,0,AVG_DOWNHOLE_PRESSURE
2010-06-12,292.74871209492494,107.32222375,217.7409875,2408.2,62.39765166666667,28.37986208333333,0,drift,No Drift,0,AVG_DOWNHOLE_PRESSURE
2010-06-13,293.942158615292,107.3368125,217.99694375,2434.38,61.17239291666667,28.72681395833333,0,drift,Sensor Drift,1,AVG_DOWNHOLE_PRESSURE
2010-06-14,294.4211230270513,107.33791903880424,217.79801361874067,2391.83,61.49629262570987,28.67251163340608,0,drift,Sensor Drift,1,AVG_DOWNHOLE_PRESSURE
2010-06-15,296.12383601829447,107.32576833333331,217.75986791666668,2383.61,62.25338833333333,28.52483270833333,0,drift,Sensor Drift,1,AVG_DOWNHOLE_PRESSURE
2010-06-16,294.77808226437963,107.31361229166669,217.61863645833333,2353.23,63.106740625,28.46339875,0,drift,Sensor Drift,1,AVG_DOWNHOLE_PRESSURE
2010-06-17,296.49627228356894,107.32398833333332,218.00079979166668,2377.86,62.16803083333333,28.623449166666667,0,drift,Sensor Drift,1,AVG_DOWNHOLE_PRESSURE
2010-06-18,295.9221179879672,107.32423,218.0470464583333,2370.38,62.203108541666666,28.35758145833333,0,drift,Sensor Drift,1,AVG_DOWNHOLE_PRESSURE
2010-06-19,299.3095120355146,107.25560544705807,218.34519072106545,1944.86,67.41954470037173,24.941117666994725,0,drift,Sensor Drift,1,AVG_DOWNHOLE_PRESSURE
2010-06-20,293.34621519707855,107.36050020833332,219.07200916666667,2342.72,60.12746125,28.75691145833333,0,drift,Sensor Drift,1,AVG_DOWNHOLE_PRESSURE
2010-06-21,295.78082819573416,107.35629125,218.9776564583333,2347.6,60.184038541666666,29.290514583333334,0,drift,Sensor Drift,1,AVG_DOWNHOLE_PRESSURE
2010-06-22,294.6611612966981,107.34541791666666,218.9062889583333,2329.46,60.778354375,29.24360666666667,0,drift,Sensor Drift,1,AVG_DOWNHOLE_PRESSURE
2010-06-23,295.7364213854532,107.337375625,218.775694375,2314.21,61.37778083333333,29.139970833333333,0,drift,Sensor Drift,1,AVG_DOWNHOLE_PRESSURE
2010-06-24,294.0976860340169,107.32702854166666,218.88812854166667,2312.64,61.75430333333333,29.14215,0,drift,Sensor Drift,1,AVG_DOWNHOLE_PRESSURE
2010-06-25,293.8515605650495,107.31709229166668,218.82699395833333,2284.2,61.78215895833333,28.998911875,0,drift,Sensor Drift,1,AVG_DOWNHOLE_PRESSURE
2010-06-26,295.02771924391305,107.31479395833334,219.01560583333327,2281.66,61.709018125,29.008180416666665,0,drift,Sensor Drift,1,AVG_DOWNHOLE_PRESSURE
2010-06-27,294.2588113847244,107.31243354166666,218.776676875,2277.83,61.89988520833333,28.79879229166667,0,drift,Sensor Drift,1,AVG_DOWNHOLE_PRESSURE
2010-06-28,294.05507480676124,107.31278125,218.9642008333333,2271.85,61.92997770833333,28.838119791666667,0,drift,Sensor Drift,1,AVG_DOWNHOLE_PRESSURE
2010-06-29,293.9309155412615,107.312165625,219.25764916666665,2266.84,61.828475833333336,28.901213125,0,drift,Sensor Drift,1,AVG_DOWNHOLE_PRESSURE
2010-06-30,291.7101235698195,107.31232895833334,219.70660479166668,2262.5,61.584248333333335,29.031925625,0,drift,Sensor Drift,1,AVG_DOWNHOLE_PRESSURE
2010-07-01,290.7499651937719,107.31014791666666,219.47776291666668,2254.67,61.87559291666667,28.87055458333333,0,drift,Sensor Drift,1,AVG_DOWNHOLE_PRESSURE
2010-07-02,292.4289857843663,107.31146666666666,219.5761947916667,2257.16,61.52378770833333,28.85928020833333,0,drift,Sensor Drift,1,AVG_DOWNHOLE_PRESSURE
2010-07-03,284.31969706986,107.43200854166666,221.94482729166663,2574.63,51.218363125,26.97101875,0,drift,Sensor Drift,1,AVG_DOWNHOLE_PRESSURE
2010-07-04,282.8878187710869,107.45011625,222.29704,2607.44,49.49922895833333,25.59534645833333,0,drift,Sensor Drift,1,AVG_DOWNHOLE_PRESSURE
2010-07-05,281.07144427313864,107.45860166666668,222.96740854166663,2617.56,48.621816458333335,25.78213208333333,0,drift,Sensor Drift,1,AVG_DOWNHOLE_PRESSURE
2010-07-06,281.1147455352431,107.46292354166668,223.70245104166668,2625.72,47.898625625,26.105228125,0,drift,Sensor Drift,1,AVG_DOWNHOLE_PRESSURE
2010-07-07,281.59722425117934,107.46678,223.872669375,2544.95,47.76154208333333,26.182705416666668,0,drift,Sensor Drift,1,AVG_DOWNHOLE_PRESSURE
2010-07-08,283.18255325990896,107.46732613541668,224.45246208333333,2553.36,47.34113979166667,26.3164825,0,drift,Sensor Drift,1,AVG_DOWNHOLE_PRESSURE
2010-07-09,284.5050994789604,107.46732613541668,224.8862602083333,2555.11,47.062684375,26.550747708333333,0,drift,Sensor Drift,1,AVG_DOWNHOLE_PRESSURE
2010-07-10,286.84420791523524,107.40226458463444,225.6696545425673,1939.01,52.48523352841089,23.89254650496522,0,drift,Sensor Drift,1,AVG_DOWNHOLE_PRESSURE
2010-07-11,282.9697507017767,107.46732613541668,226.12823770833333,2424.14,46.866807916666666,26.880905416666668,0,drift,Sensor Drift,1,AVG_DOWNHOLE_PRESSURE
2010-07-12,286.467295144767,107.44108791666666,225.5182645833333,2269.88,50.58750520833333,27.09617104166667,0,drift,Sensor Drift,1,AVG_DOWNHOLE_PRESSURE
2010-07-13,291.9426200032798,107.325028125,224.0341058333333,1826.45,58.66446729166667,25.704040625,0,drift,Sensor Drift,1,AVG_DOWNHOLE_PRESSURE
2010-07-14,294.786985775596,107.31703041666668,223.72454541666667,1827.73,58.92016375,25.555154791666663,0,drift,Sensor Drift,1,AVG_DOWNHOLE_PRESSURE
2010-07-15,294.5988394100856,107.31321708333331,223.38451333333333,1826.06,59.176356041666665,25.344904791666668,0,drift,Sensor Drift,1,AVG_DOWNHOLE_PRESSURE
2010-07-16,295.75839663937285,107.30802770833331,223.25566479166667,1823.13,59.326508125,25.094488125,0,drift,Sensor Drift,1,AVG_DOWNHOLE_PRESSURE
2010-07-17,294.6306548456153,107.30391375,223.2568,1815.13,59.35474833333333,25.144131041666668,0,drift,Sensor Drift,1,AVG_DOWNHOLE_PRESSURE
2010-07-18,294.6597685293487,107.29934520833334,223.31628041666667,1806.68,59.367608958333335,25.17862770833333,0,drift,Sensor Drift,1,AVG_DOWNHOLE_PRESSURE
2010-07-19,293.95015391993854,107.29522604166668,223.415993125,1802.24,59.277693125,25.367566875,0,drift,Sensor Drift,1,AVG_DOWNHOLE_PRESSURE
2010-07-20,294.80170498437417,107.2923625,223.2428025,1801.56,59.32218270833334,25.37435083333333,0,drift,Sensor Drift,1,AVG_DOWNHOLE_PRESSURE
2010-07-21,297.06637783792576,107.28790416666666,223.28803791666667,1792.8,59.32544708333333,25.44616875,0,drift,Sensor Drift,1,AVG_DOWNHOLE_PRESSURE
2010-07-22,294.25330918759454,107.282680625,223.42149666666663,1784.02,59.22619229166666,25.22005833333333,0,drift,Sensor Drift,1,AVG_DOWNHOLE_PRESSURE
2010-07-23,296.85293618676184,107.28070541666666,223.44497083333331,1862.91,59.206695208333336,25.255499375,0,drift,Sensor Drift,1,AVG_DOWNHOLE_PRESSURE
2010-07-24,298.27252099991335,107.27948354166666,223.41468166666667,1864.5,59.238570625,25.480388125,0,drift,Sensor Drift,1,AVG_DOWNHOLE_PRESSURE
2010-07-25,297.27397376565517,107.27877625,223.35401708333333,1864.86,59.36582541666667,25.410078958333333,0,drift,Sensor Drift,1,AVG_DOWNHOLE_PRESSURE
2010-07-26,292.57030925260375,107.27560229166669,223.60829625,1857.44,59.212083125,23.939897291666668,0,drift,Sensor Drift,1,AVG_DOWNHOLE_PRESSURE
2010-07-27,296.57324655521296,107.274265,223.43924791666663,1859.6,59.344659375,25.133415,0,drift,Sensor Drift,1,AVG_DOWNHOLE_PRESSURE
2010-07-28,299.9111218178994,107.27180125,223.66899395833332,1857.2,59.16497020833334,25.309939166666663,0,drift,Sensor Drift,1,AVG_DOWNHOLE_PRESSURE
2010-07-29,299.9601503786114,107.27096875,223.688726875,1854.41,59.18022,25.12089,0,drift,Sensor Drift,1,AVG_DOWNHOLE_PRESSURE
2010-07-30,297.7297886911412,107.26619541666666,223.62578333333332,1846.25,59.45030416666667,24.920224375,0,drift,Sensor Drift,1,AVG_DOWNHOLE_PRESSURE
2010-07-31,300.97673964876856,107.26288020833331,223.580654375,1843.09,59.57316895833333,25.06809395833333,0,drift,Sensor Drift,1,AVG_DOWNHOLE_PRESSURE
2010-08-01,303.03649083233967,107.26057958333334,223.68602541666667,1840.05,59.541438541666665,25.17424583333333,0,drift,Sensor Drift,1,AVG_DOWNHOLE_PRESSURE
2010-08-02,304.17619740430854,107.260600625,223.3831327083333,1845.51,59.729001458333336,25.083238125,0,drift,Sensor Drift,1,AVG_DOWNHOLE_PRESSURE
2010-08-03,301.75740072148784,107.260405,223.14707833333333,1842.67,59.88482208333333,25.115897083333333,0,drift,Sensor Drift,1,AVG_DOWNHOLE_PRESSURE
2010-08-04,300.5950544330031,107.25927354166669,223.28675583333333,1841.26,59.779364375,25.239987916666667,0,drift,Sensor Drift,1,AVG_DOWNHOLE_PRESSURE
2010-08-05,305.74665159816647,107.24997289070934,224.54088036359997,1571.99,60.15312777829056,23.54027725089515,0,drift,Sensor Drift,1,AVG_DOWNHOLE_PRESSURE
2010-08-06,302.21496450699414,107.28771333333331,224.2003264583333,1795.62,58.49415520833333,25.930842291666668,0,drift,Sensor Drift,1,AVG_DOWNHOLE_PRESSURE
2010-08-07,305.77759209187434,107.23771261347557,225.1690667259511,1497.63,61.67652114232889,22.49502910945778,0,drift,Sensor Drift,1,AVG_DOWNHOLE_PRESSURE
2010-08-08,304.3014728731842,107.28652729166669,224.562515625,1800.73,58.31833145833333,25.65822895833333,0,drift,Sensor Drift,1,AVG_DOWNHOLE_PRESSURE
2010-08-09,303.7490637681243,107.28277416666668,224.30821541666663,1813.43,58.561892291666666,25.86965875,0,drift,Sensor Drift,1,AVG_DOWNHOLE_PRESSURE
2010-08-10,305.43820447332524,107.279440625,224.20672145833333,1819.75,58.76967583333333,25.7362175,0,drift,Sensor Drift,1,AVG_DOWNHOLE_PRESSURE
2010-08-11,307.48350294977575,107.27694958333332,224.3394039583333,1821.23,58.669865625,25.71307833333333,0,drift,Sensor Drift,1,AVG_DOWNHOLE_PRESSURE
2010-08-12,309.95949490077567,107.2742275,224.164983125,1818.76,58.82677958333333,25.50728458333333,0,drift,Sensor Drift,1,AVG_DOWNHOLE_PRESSURE
2010-08-13,303.5374593070367,107.271990625,224.3835102083333,1820.43,58.56357895833333,25.246077291666666,0,drift,Sensor Drift,1,AVG_DOWNHOLE_PRESSURE
2010-08-14,304.5522220590829,107.26895145833332,224.44305520833333,1821.21,58.50752729166667,25.430407916666667,0,drift,Sensor Drift,1,AVG_DOWNHOLE_PRESSURE
2010-08-15,309.41530428004825,107.26547126317844,224.3653496065248,1728.56,59.0877552229397,25.26008644613404,0,drift,Sensor Drift,1,AVG_DOWNHOLE_PRESSURE
2010-08-29,323.66389744931325,106.83834565957449,217.1326485531915,1070.35,84.38783108510638,2.493880638297872,0,drift,Sensor Drift,1,AVG_DOWNHOLE_PRESSURE
2010-08-30,322.92198859100046,106.94077208333331,215.0735139583333,1242.2,84.87463854166667,11.324139583333332,0,drift,Sensor Drift,1,AVG_DOWNHOLE_PRESSURE
2010-08-31,326.68021805734884,106.90351645833331,214.7415508333333,1125.98,87.16642208333333,12.581263333333334,0,drift,Sensor Drift,1,AVG_DOWNHOLE_PRESSURE
2010-09-01,326.84430605460943,106.86057634059324,215.6341067126128,983.23,87.01283135173365,10.716207138774344,0,drift,Sensor Drift,1,AVG_DOWNHOLE_PRESSURE
2010-09-02,309.55679303141636,107.15346270833334,216.66154083333333,1940.09,70.12866479166667,21.82637875,0,drift,Sensor Drift,1,AVG_DOWNHOLE_PRESSURE
2010-09-03,305.96119028064714,107.20856104166668,217.81398104166664,2007.25,66.36029145833334,25.092688125,0,drift,Sensor Drift,1,AVG_DOWNHOLE_PRESSURE
2010-09-04,304.5424897372828,107.24907270833332,219.120349375,2080.81,62.994737916666665,26.74680375,0,drift,Sensor Drift,1,AVG_DOWNHOLE_PRESSURE
2010-09-05,304.10395202081133,107.2591125,219.89014666666668,2071.12,61.80144583333333,27.4892525,0,drift,Sensor Drift,1,AVG_DOWNHOLE_PRESSURE
2010-09-06,301.464164962181,107.26075791666666,220.37760416666663,2041.11,61.38876291666666,27.77254020833333,0,drift,Sensor Drift,1,AVG_DOWNHOLE_PRESSURE
2010-09-07,303.62626407415905,107.25920875,220.67520875,2037.38,61.2252175,27.82602875,0,drift,Sensor Drift,1,AVG_DOWNHOLE_PRESSURE
2010-09-08,302.2651719034297,107.256951875,221.14228979166663,2016.26,60.926189791666665,27.981900416666665,0,drift,Sensor Drift,1,AVG_DOWNHOLE_PRESSURE
2010-09-09,302.954326435041,107.253835625,221.66467666666668,2000.42,60.72513833333333,28.18041895833333,0,drift,Sensor Drift,1,AVG_DOWNHOLE_PRESSURE
2010-09-10,304.35237766240687,107.252475625,222.17417354166668,1893.54,60.326960625,28.402952291666665,0,drift,Sensor Drift,1,AVG_DOWNHOLE_PRESSURE
2010-09-11,302.8608388234221,107.2544675,222.810694375,1907.68,59.50494145833333,28.79464583333333,0,drift,Sensor Drift,1,AVG_DOWNHOLE_PRESSURE
2010-09-12,298.35688259812395,107.35023854166668,224.99662458333333,2023.3,51.72644708333333,30.019828125,0,drift,Sensor Drift,1,AVG_DOWNHOLE_PRESSURE
2010-09-13,297.470539007544,107.36802354166667,225.41372729166667,1968.77,50.88591083333333,28.09021333333333,0,drift,Sensor Drift,1,AVG_DOWNHOLE_PRESSURE
2010-09-14,293.5302046214943,107.38667625,226.47501354166667,2038.68,48.62125520833333,28.022838125,0,drift,Sensor Drift,1,AVG_DOWNHOLE_PRESSURE
2010-09-15,294.00568081103887,107.40260229166668,227.4091875,2055.21,47.27325708333333,28.449194791666667,0,drift,Sensor Drift,1,AVG_DOWNHOLE_PRESSURE
2010-09-16,297.9261703927673,107.40067276595744,228.12499914893615,2047.27,46.97080404255319,28.49668170212766,0,drift,Sensor Drift,1,AVG_DOWNHOLE_PRESSURE
2010-09-17,294.44926946129897,107.38401680851064,229.4009555319149,2048.29,46.17183255319149,28.782771489361703,0,drift,Sensor Drift,1,AVG_DOWNHOLE_PRESSURE
2010-09-18,299.61198301514287,107.28690182851555,230.65895454001333,1452.33,52.01959787744445,25.10319965517778,0,drift,Sensor Drift,1,AVG_DOWNHOLE_PRESSURE
2010-09-19,295.33046801751226,107.37721541666669,230.85710458333327,1870.38,45.008295625,28.403298125,0,drift,Sensor Drift,1,AVG_DOWNHOLE_PRESSURE
2010-09-20,297.28353893854563,107.3400111442206,230.1988390900982,1456.41,49.22335436044494,26.82973277849175,0,drift,Sensor Drift,1,AVG_DOWNHOLE_PRESSURE
2010-09-24,292.09031384986406,107.343654220315,215.4661488712847,1827.69,59.070583320897775,11.089254110781276,0,drift,Sensor Drift,1,AVG_DOWNHOLE_PRESSURE
2010-09-25,285.19591212680785,107.46732613541668,211.9898277083333,2119.34,55.09092104166667,19.99838125,0,drift,Sensor Drift,1,AVG_DOWNHOLE_PRESSURE
2010-09-26,286.7770753763487,107.46732613541668,212.8155806423196,1959.45,55.6936081351822,20.046880061394265,0,drift,Sensor Drift,1,AVG_DOWNHOLE_PRESSURE
2010-09-27,283.95194495932833,107.46732613541668,212.8799875,2083.05,53.46831604166667,21.929251458333333,0,drift,Sensor Drift,1,AVG_DOWNHOLE_PRESSURE
2010-09-28,287.01679880913355,107.46732613541668,213.56854833333333,2048.5,53.227115625,22.285118333333333,0,drift,Sensor Drift,1,AVG_DOWNHOLE_PRESSURE
2010-09-29,286.5019508492928,107.46732613541668,214.24965541666663,2023.29,52.77241,22.47581041666667,0,drift,Sensor Drift,1,AVG_DOWNHOLE_PRESSURE
2010-10-01,299.63258181601054,107.336223125,219.281213125,1549.02,57.540890833333336,14.811158541666666,0,drift,Sensor Drift,1,AVG_DOWNHOLE_PRESSURE
2010-10-02,289.83069242937904,107.46732613541668,215.27505125,1975.26,52.648147916666666,22.018536458333333,0,drift,Sensor Drift,1,AVG_DOWNHOLE_PRESSURE
2010-10-03,294.9447265606478,107.46407520833333,216.248416875,1895.18,55.144002916666665,22.6454425,0,drift,Sensor Drift,1,AVG_DOWNHOLE_PRESSURE
2010-10-04,301.1477459307765,107.362969375,218.41177166666668,1400.07,61.4895025,20.96971875,0,drift,Sensor Drift,1,AVG_DOWNHOLE_PRESSURE
2010-10-05,307.587421211172,107.25907083333334,221.02952625,1145.88,63.38717895833334,17.10199125,0,drift,Sensor Drift,1,AVG_DOWNHOLE_PRESSURE
2010-10-06,297.92282224618793,107.439489375,217.2699183333333,1836.44,55.75870020833333,22.9161375,0,drift,Sensor Drift,1,AVG_DOWNHOLE_PRESSURE
2010-10-07,293.83832216489446,107.44251395833334,217.44386916666667,1846.83,55.12626645833333,23.24495895833333,0,drift,Sensor Drift,1,AVG_DOWNHOLE_PRESSURE
2010-10-08,306.5209714684215,107.31298218338038,219.7066646045653,876.19,61.89753451502116,17.117805706718276,0,drift,Sensor Drift,1,AVG_DOWNHOLE_PRESSURE
2010-10-09,295.7672793802192,107.4258675,218.30980958333333,1790.64,54.64780833333333,22.892735,0,drift,Sensor Drift,1,AVG_DOWNHOLE_PRESSURE
2010-10-10,295.8892511160807,107.40369291666669,218.2474714583333,1778.2,54.510514375,23.28630833333333,0,drift,Sensor Drift,1,AVG_DOWNHOLE_PRESSURE
2010-10-11,276.40502590668365,105.57433902849137,199.58275978723404,1764.81,54.269222978723406,23.37899510638298,0,drift,Sensor Drift,1,AVG_DOWNHOLE_PRESSURE
