SCENARIO,DATEPRD,TRUE_LABEL,PREDICTED_LABEL_FINE,PREDICTED_LABEL_COARSE,GLOBAL_ERROR,CORRECT_COARSE,ERR_Downhole_Pressure_Gauge,NORM_ERR_Downhole_Pressure_Gauge,CUSUM_Downhole_Pressure_Gauge,ROLLZ_Downhole_Pressure_Gauge,FLAG_Downhole_Pressure_Gauge,ERR_Downhole_Temperature_Sensor,NORM_ERR_Downhole_Temperature_Sensor,CUSUM_Downhole_Temperature_Sensor,ROLLZ_Downhole_Temperature_Sensor,FLAG_Downhole_Temperature_Sensor,ERR_Oil_Flow_Meter,NORM_ERR_Oil_Flow_Meter,CUSUM_Oil_Flow_Meter,ROLLZ_Oil_Flow_Meter,FLAG_Oil_Flow_Meter,ERR_Wellhead_Pressure_Gauge,NORM_ERR_Wellhead_Pressure_Gauge,CUSUM_Wellhead_Pressure_Gauge,ROLLZ_Wellhead_Pressure_Gauge,FLAG_Wellhead_Pressure_Gauge,ERR_Annulus_Pressure_Gauge,NORM_ERR_Annulus_Pressure_Gauge,CUSUM_Annulus_Pressure_Gauge,ROLLZ_Annulus_Pressure_Gauge,FLAG_Annulus_Pressure_Gauge
A_env_full,2010-04-13,No Drift,No Drift,No Drift,1.7235365,True,0.094805196,0.02040861627137048,0.0,0.0,False,3.063712,0.751946785260675,0.0,0.0,False,0.6532333,0.06487654443673017,0.0,0.0,False,0.97589177,0.1542754905523437,0.0,0.0,False,3.83004,0.6729728527443006,0.0,0.0,False
A_env_full,2010-04-14,No Drift,No Drift,No Drift,1.7194272,True,0.1041505,0.022420369423607627,0.0,0.0,False,3.0404117,0.7462280723790513,0.2462280723790513,0.0,False,0.68626213,0.06815683817828896,0.0,0.0,False,0.9601396,0.15178527812237136,0.0,0.0,False,3.806171,0.6687788457790871,0.16877884577908708,0.0,False
A_env_full,2010-04-15,No Drift,No Drift,No Drift,1.7588955,True,0.11509782,0.024776988587535735,0.0,1.0252509458520096,False,3.2055156,0.7867506022136217,0.532978674592673,1.1448451110148667,False,0.73394716,0.07289272630550296,0.0,1.0547469838359542,False,0.9413927,0.1488216503763051,0.0,-1.0276449461063328,False,3.7985253,0.6674354431045314,0.3362142888836185,-0.7940726514859638,False
A_env_full,2010-04-16,No Drift,No Drift,No Drift,1.7679859,True,0.13301596,0.02863420794958562,0.0,1.2944859707181158,False,3.2495148,0.7975496115809692,0.8305282861736423,1.0620335558461398,False,0.75060165,0.07454678446509562,0.0,1.001739941939459,False,0.95937234,0.15166398912215717,0.0,0.012284561320432815,False,3.7474265,0.6584569151382885,0.494671204021907,-1.3837410439060065,False
A_env_full,2010-04-17,No Drift,No Drift,No Drift,1.669169,True,0.13304365,0.028640167963070153,0.0,0.9950281954897957,False,3.1188004,0.7654675199631371,1.0959958061367794,-0.18663089591262272,False,0.74349827,0.07384130453134288,0.0,0.7134108321877453,False,0.87624884,0.13852327010353568,0.0,-1.6991404286517795,False,3.474254,0.6104580022337416,0.6051292062556486,-1.7508178483665306,False
A_env_full,2010-04-18,No Drift,No Drift,No Drift,1.6525346,True,0.14712328,0.03167107540176809,0.0,1.3035372556561389,False,3.1624646,0.7761843134701509,1.3721801196069303,0.27575445768493695,False,0.7495569,0.07444302400964088,0.0,0.7440013139682716,False,0.8759391,0.13847430032928823,0.0,-1.254595477567056,False,3.3275895,0.5846877367894883,0.6898169430451369,-1.5964862635791695,False
A_env_full,2010-04-19,No Drift,No Drift,No Drift,1.5718913,True,0.13241446,0.02850472360926456,0.0,0.515469705575147,False,3.0525014,0.7491953334792618,1.6213754530861921,-0.924488035096001,False,0.7211376,0.07162053006398532,0.0,0.03769125428675646,False,0.84365404,0.13337046636152775,0.0,-1.4393257428995532,False,3.1097486,0.5464111079658176,0.7362280510109545,-1.6703983101595574,False
A_env_full,2010-04-20,No Drift,No Drift,No Drift,1.5167608,True,0.13028583,0.02804649544658152,0.0,0.17212358302737185,False,2.984715,0.7325580617622043,1.8539335148483964,-1.374260625946743,False,0.6904136,0.06856914509992419,0.0,-1.2804867970030034,False,0.83799183,0.1324753475094188,0.0,-1.15033007332608,False,2.9403977,0.516654621425934,0.7528826724368884,-1.4857846923852063,False
A_env_full,2010-04-21,No Drift,No Drift,No Drift,1.4832389,True,0.15575069,0.033528290023522214,0.0,1.5803714687547863,False,2.8771293,0.7061526095714906,2.060086124419887,-1.6503033616127372,False,0.7174759,0.07125686529561752,0.0,-0.5569238392119151,False,0.9058595,0.14320431692472918,0.0,0.3094623065234615,False,2.7599788,0.4849533680667633,0.7378360405036517,-1.3878331151584182,False
A_env_full,2010-04-22,No Drift,No Drift,No Drift,1.3874277,True,0.10572257,0.6821945341188425,0.18219453411884245,-1.8049715470285734,False,2.5704808,0.7920004159953687,2.3520865404152556,-1.9139897054679649,False,0.71999234,0.9593404766732233,0.4593404766732233,-0.345699161519433,False,0.9627368,0.9877183349174739,0.48771833491747385,1.343871406211445,False,2.5782056,0.6735314747651083,0.9113675152687599,-1.350238699338307,False
A_env_full,2010-04-23,No Drift,No Drift,No Drift,1.3312314,True,0.116417326,0.7516228713540881,0.4338174054729306,-0.8907114340214155,False,2.3595872,0.7271197680840223,2.579206308499278,-1.7120281794275019,False,0.7205342,0.9600758405843194,0.9194163172575427,-0.13963437410400012,False,1.0210205,1.004439589065864,0.9921579239833378,1.7639357487053802,False,2.4385974,0.637099913029128,1.0484674282978879,-1.3283170957827495,False
A_env_full,2010-04-24,No Drift,No Drift,No Drift,1.2420734,True,0.09337702,0.6032041689254964,0.537021574398427,-1.4634295203202645,False,2.1092257,0.6500576515675487,2.7292639600668265,-1.58275989566549,False,0.8284252,1.0104414721164217,1.4298577893739643,2.0931132988095316,False,1.0035685,0.9847588371790286,1.4769167611623664,1.0946396077303902,False,2.1757705,0.5684700695913646,1.1169374978892526,-1.4683198187105875,False
A_env_full,2010-04-25,No Drift,No Drift,No Drift,1.1405891,True,0.10819819,0.6993368905634985,0.7363584649619255,-0.581570300472547,False,1.7620714,0.543139266226091,2.7724032262929175,-1.5927542020919554,False,0.9333302,1.0136722335283308,1.9435300229022952,1.960562658783402,False,0.96171904,0.9438553545603678,1.920772115722734,0.3813350935470416,False,1.9376271,0.5062811933059232,1.1232186911951758,-1.5041027845434192,False
A_env_full,2010-04-26,No Drift,No Drift,No Drift,1.1261369,True,0.24697018,1.050437880657804,1.2867963456197296,2.0954089475102173,False,1.4633634,0.4511269805448327,2.7235302068377503,-1.4918224094614827,False,1.1708908,1.0270900589104268,2.470620081812722,1.9756222631138447,False,0.9161588,0.8992954133004685,2.3200675290232025,-0.44620311437585825,False,1.8333012,0.479051833113383,1.1022705243085589,-1.3160862775579616,False
A_env_full,2010-04-27,No Drift,No Drift,No Drift,1.1557817,True,0.23550108,0.9598009394929535,1.7465972851126832,1.304219078346438,False,1.4255283,0.4395227529112302,2.6630529597489803,-1.1758906741399864,False,1.4252846,1.0256284926013388,2.996248574414061,1.8118735873989742,False,0.88971937,0.8734922812917821,2.6935598103149845,-1.2395713701639322,False,1.8028752,0.47113072780250653,1.0734012521110654,-1.088513015784844,False
A_env_full,2010-04-28,No Drift,No Drift,No Drift,1.1067237,True,0.34937948,1.0459897119209198,2.2925869970336032,1.7222161623412535,False,1.1460466,0.3534001538961349,2.516453113645115,-1.3007868754075118,False,1.6245024,1.018739683507966,3.5149882579220266,1.579836196552867,False,0.8335309,0.8184688406142244,3.012028650929209,-1.635226064724978,False,1.5801582,0.4129556795528019,0.9863569316638672,-1.2957393860985702,False
A_env_full,2010-04-29,No Drift,No Drift,No Drift,1.0722365,True,0.445998,1.0359060702703962,2.8284930673039996,1.6280573609768778,False,0.9758109,0.30094631458587884,2.3173994282309938,-1.2573019594493462,False,1.817345,1.0172711925991713,4.032259450521198,1.4347069984068626,False,0.7481897,0.7347956767943427,3.2468243277235516,-1.677192784069194,False,1.3738389,0.35905895815566585,0.845415889819533,-1.417814929933102,False
A_env_full,2010-04-30,No Drift,No Drift,No Drift,1.1056083,True,0.48101053,1.0125292538530333,3.341022321157033,1.3146285305738792,False,0.8701072,0.26838303287604237,2.085782461107036,-1.1877189334832312,False,2.0143278,1.0169054816251446,4.5491649321463425,1.3694253370137994,False,0.7491809,0.7358952865744045,3.482719614297956,-1.2303960563347787,False,1.4134153,0.36942547651885094,0.7148413663383839,-1.092168434966808,False
A_env_full,2010-05-01,No Drift,No Drift,No Drift,1.1155962,True,0.49469462,1.0050040214699005,3.846026342626933,1.0753031157340176,False,0.8322778,0.25674946570795887,1.8425319268149951,-1.0831302831798444,False,2.0399046,1.0022619897083196,5.051426921854662,1.1018418396447336,True,0.6998378,0.6875450677487552,3.670264682046711,-1.3013346516647821,False,1.5112662,0.3950254927676466,0.6098668591060306,-0.5631278661066998,False
A_env_full,2010-05-02,No Drift,No Drift,No Drift,1.1415641,True,0.5133215,1.0069423947617333,4.352968737388666,1.0014912986503528,False,0.7638383,0.23566854962927553,1.5782004764442705,-1.0692369182907762,False,2.1073394,1.0061171859155846,5.557544107770247,1.0363848877567687,True,0.67709696,0.6653177442264531,3.835582426273164,-1.1876949396615342,False,1.6462246,0.43032872204487127,0.5401955811509018,0.2896826959083578,False
A_env_full,2010-05-03,No Drift,Environmental Drift,Environmental Drift,1.1918834,False,0.56684685,1.0192488068284535,4.87221754421712,1.1170179929362687,False,0.6817719,0.21037699359850506,1.2885774700427757,-1.0750587685953166,False,2.2106357,1.00943355185194,6.066977659622187,1.1292681278647163,True,0.6781207,0.6664379282898921,4.002020354563056,-0.9322051880898914,False,1.8220425,0.4763178257399506,0.5165134068908523,1.3001948412917619,False
A_env_full,2010-05-05,No Drift,Environmental Drift,Environmental Drift,1.2637631,False,0.5722356,1.0019814864056136,5.374199030622734,1.0886022128564394,True,0.64049387,0.19766651667143104,0.9862439867142068,-1.165337049710024,False,2.3790123,1.0150871737495648,6.582064833371751,1.4144779366691127,True,0.7859522,0.7725442329877577,4.274564587550814,0.8078866327174401,False,1.9411213,0.5074790573097587,0.5239924642006111,1.5754553606578219,False
A_env_full,2010-05-06,Environmental Drift,Environmental Drift,Environmental Drift,1.3618606,True,0.5865824,1.0054099469712,5.879608977593934,1.1961593513974764,True,0.6468122,0.19964356255507565,0.6858875492692824,-0.9979176422159326,False,2.5191984,1.012394093666495,7.0944589270382465,1.5391058279030703,True,0.92606413,0.9104220886103294,4.684986676161143,2.0033434436810174,True,2.130647,0.5570626408852662,0.5810551050858774,1.5456110962868832,False
A_env_full,2010-05-07,Environmental Drift,Environmental Drift,Environmental Drift,1.3149937,True,0.41162664,0.7057069798369259,6.0853159574308595,-1.7084661506796228,True,0.5843245,0.1803807434735323,0.3662682927428147,-1.242115312263398,False,2.4584186,0.981318817829371,7.575777744867617,1.0275206455988921,True,0.9276681,0.9121554578115507,5.097142133972694,1.373926646532712,True,2.1929307,0.5733826571534164,0.6544377622392938,1.2821870868829779,False
A_env_full,2010-05-08,Environmental Drift,Environmental Drift,Environmental Drift,1.3521962,True,0.4150206,0.71170078822894,6.2970167456598,-1.2836461263073975,True,0.50794566,0.1568239308646417,0.02309222360745644,-1.4558732542052766,False,2.5897424,1.0065805670916186,8.082358311959236,1.2280088107089389,True,0.9713138,0.9552352066063762,5.552377340579071,1.2470212507794338,True,2.2769582,0.5953903810764768,0.7498281433157707,1.1994848265179943,False
A_env_full,2010-05-09,Environmental Drift,Environmental Drift,Environmental Drift,1.3623532,True,0.27216658,0.4668414775721817,6.263858223231981,-1.7664570668443225,True,0.47767156,0.14749709689824278,0.0,-1.3755841592170082,False,2.4775343,0.9632316431025252,8.545589955061761,0.4940702975053531,True,1.0750616,1.0127268997472778,6.065104240326349,1.3903068301429524,True,2.5093327,0.6561937602916981,0.9060219036074688,1.489367235553026,False
A_env_full,2010-05-10,Environmental Drift,Environmental Drift,Environmental Drift,1.3849133,True,0.1638676,0.28114774266109455,6.0450059658930755,-1.6122457425137542,True,0.4492568,0.1387419388849943,0.0,-1.313148945294276,False,2.4490185,0.9524062938987207,8.997996248960481,0.07073155327216825,True,1.1147999,1.009354692284056,6.574458932610405,1.2345087660413279,True,2.7476242,0.7185521491164242,1.124574052723893,1.6195861551835429,False
A_env_full,2010-05-11,Environmental Drift,Environmental Drift,Environmental Drift,1.4317927,True,0.16440533,0.28213978884091423,5.82714575473399,-1.1647036191848599,True,0.35448462,0.10948875145643007,0.0,-1.5712658115891505,False,2.6002471,1.0010919624360957,9.499088211396577,1.3105919516119806,True,1.1688596,1.0126454065515431,7.087104339161948,1.3120761036970223,True,2.8709671,0.7508553850616206,1.3754294377855136,1.4402922582473248,False
A_env_full,2010-05-12,Environmental Drift,Environmental Drift,Environmental Drift,1.464643,True,0.17763114,0.30491197713402657,5.6320577318680165,-0.8310554404853877,True,0.3181737,0.09828685088472328,0.0,-1.355565625387521,False,2.647781,1.0050520381135177,10.004140249510094,1.4460241149284265,True,1.2002327,1.007372942963145,7.594477282125094,1.2760420397841963,True,2.979396,0.7792618841267229,1.6546913219122366,1.3136592513162604,False
A_env_full,2010-05-13,Environmental Drift,Environmental Drift,Environmental Drift,1.5231273,True,0.17655127,0.3031329795873004,5.435190711455317,-0.6786674034492756,True,0.268235,0.08287157777172154,0.0,-1.3689831221076918,False,2.8078787,1.0168130390954986,10.520953288605593,1.8035955692650156,True,1.2595484,1.013846010262171,8.108323292387265,1.3019946852073767,True,3.1034224,0.8117516744571842,1.9664429963694205,1.2397533037358253,False
A_env_full,2010-05-14,Environmental Drift,Environmental Drift,Environmental Drift,1.5544635,True,0.19652094,0.3375034164157883,5.272694127871105,-0.2948241088994863,True,0.2155858,0.06661458913943191,0.0,-1.391880757938184,False,2.8470335,1.004142942180418,11.025096230786012,1.4246791357640636,True,1.3052714,1.0106204488016828,8.618943741188948,1.3096823498501413,True,3.2079053,0.8391332994535009,2.3055762958229216,1.1930749685315467,False
A_env_full,2010-05-15,Environmental Drift,Environmental Drift,Environmental Drift,1.5868516,True,0.19513388,0.33520388306968146,5.1078980109407865,0.07482274511986826,True,0.1538734,0.04755232995100926,0.0,-1.4012511228767894,False,2.8953938,1.0052047273505378,11.53030095813655,1.2314402624857697,True,1.3589579,1.0123985904829844,9.131342331671933,1.4387152975205542,True,3.330899,0.871360760612583,2.676937056435505,1.3018711402598435,False
A_env_full,2010-05-16,Environmental Drift,Environmental Drift,Environmental Drift,1.6258129,True,0.20183787,0.3468055639194461,4.954703574860233,1.2523929583032836,True,0.110249855,0.034075743151290916,0.0,-1.3297581554980034,False,2.9575372,1.0067693072320538,12.037070265368603,1.1715846659729654,True,1.4238164,1.0147924626446803,9.646134794316612,1.4843639683428842,True,3.4356232,0.8988126501143111,3.075749706549816,1.3678399412096998,False
A_env_full,2010-05-17,Environmental Drift,Probable Sensor Fault: Oil Flow Meter,Sensor Drift,1.68651,False,0.21550593,0.37038185316236605,4.825085428022598,1.473110338437667,True,0.0790583,0.024438459697870712,0.0,-1.2877084904058347,False,3.1142619,1.0168876495548036,12.553957914923407,1.5590173655800288,True,1.4774568,1.0121262230561723,10.158261017372785,1.439858412919956,True,3.5462677,0.9278169367420265,3.503566643291842,1.373862348936722,False
A_env_full,2010-05-18,Environmental Drift,Probable Sensor Fault: Oil Flow Meter,Sensor Drift,1.7677246,False,0.24642578,0.4236270800753572,4.748712508097956,1.8729012376758003,True,0.04373054,0.013519800125990187,0.0,-1.2433556387171785,False,3.286597,1.0181517641477968,13.072109679071204,1.6677028078886253,True,1.5967875,1.0260712165686403,10.684332233941426,1.6332414120696122,True,3.6650822,0.9589624837549338,3.9625291270467757,1.3937968323731942,False
A_env_full,2010-05-19,Environmental Drift,Probable Sensor Fault: Oil Flow Meter,Sensor Drift,1.8101306,False,0.24750035,0.4255793163352371,4.674291824433193,1.3441952699091775,True,0.046389513,0.014343803879787379,0.0,-0.9836163357410133,False,3.3512745,1.0068007158393413,13.578910394910546,1.4490303559974915,True,1.6093334,1.002735973809023,11.187068207750448,1.2912396866710878,True,3.7961552,0.9933195448855225,4.455848671932298,1.4352672598250862,False
A_env_full,2010-05-20,Environmental Drift,Probable Sensor Fault: Oil Flow Meter,Sensor Drift,1.8825244,False,0.29057425,0.49976862122443555,4.674060445657629,1.7745287475077487,True,0.024163164,0.007472353712637689,0.0,-1.0446087968357074,False,3.4711456,1.0125885970510096,14.091498991961554,1.394831731716351,True,1.6898676,1.0174560481250658,11.704524255875514,1.3741363722220574,True,3.9368713,1.009865368824234,4.965714040756532,1.4585298208187125,False
A_env_full,2010-05-21,Environmental Drift,Probable Sensor Fault: Oil Flow Meter,Sensor Drift,1.910661,False,0.28329444,0.4873680818025871,4.661428527460216,1.1425987164529663,True,0.028281648,0.008747167062486221,0.0,-0.8564963367808918,False,3.5415668,1.007411682398143,14.598910674359697,1.2456162756818114,True,1.6818012,0.9969874366986055,12.201511692574119,1.032607805546578,True,4.0183606,1.007560046582749,5.473274087339281,1.3383477942539224,True
A_env_full,2010-05-22,Environmental Drift,Probable Sensor Fault: Oil Flow Meter,Sensor Drift,1.8877312,False,0.3542624,0.6096089193635039,4.77103744682372,1.7710426886055015,True,0.046243228,0.0143044103457736,0.0,-0.2551923879936932,False,3.4402912,0.9787995119437031,15.0777101863034,0.6292895275516286,True,1.7111313,1.0047445510995916,12.70625624367371,1.0184081038234947,True,3.8867278,0.9747537252193396,5.94802781255862,0.6150868399015552,True
A_env_full,2010-05-23,Environmental Drift,Probable Sensor Fault: Oil Flow Meter,Sensor Drift,1.8771231,False,0.40219527,0.692261904700838,4.963299351524558,1.6830803127972593,True,0.051400613,0.01590190772332952,0.0,0.3239738770644294,False,3.470559,0.9876088728983609,15.565319059201762,0.6085300593366069,True,1.6983732,0.9954385974201329,13.201694841093843,0.7246276291431124,True,3.7630877,0.943938904738425,6.391966717297045,-0.2386119476312008,True
A_env_full,2010-05-24,Environmental Drift,Probable Sensor Fault: Oil Flow Meter,Sensor Drift,1.8365462,False,0.45983896,0.7916741919396117,5.254973543464169,1.633695174608123,True,0.058446325,0.01808411509188954,0.0,1.286845531280132,False,3.4269211,0.9753864426720786,16.04070550187384,0.00015724768272113118,True,1.6376312,0.959908689143681,13.661603530237524,-0.5052068908347156,True,3.599894,0.9031877571046827,6.795154474401728,-1.4078835204317666,True
A_env_full,2010-05-25,Environmental Drift,Probable Sensor Fault: Oil Flow Meter,Sensor Drift,1.8454254,False,0.56520784,0.9733212091762994,5.728294752640469,1.715081165316657,True,0.062276144,0.01927173836238388,0.0,1.181448667597939,False,3.5565758,1.0017332192118773,16.54243872108572,1.3034245451527098,True,1.5917711,0.933097286197578,14.094700816435102,-1.4556400828224716,True,3.4512966,0.8660827802363217,7.161237254638049,-1.6595262888501299,True
A_env_full,2010-05-26,Environmental Drift,Environmental Drift,Environmental Drift,1.8233666,True,0.6224502,1.0248021229895539,6.253096875630023,1.500056871354287,True,0.061298143,0.018971673211307206,0.0,0.8883450957989434,False,3.6892803,1.0153392617800834,17.057777982865804,1.922029478551484,True,1.4600104,0.8559230801314799,14.450623896566583,-2.0095618227129948,True,3.2837949,0.8242177533550057,7.485455007993055,-1.555970944976985,True
A_env_full,2010-05-27,Environmental Drift,Environmental Drift,Environmental Drift,1.7940353,True,0.6867426,1.0419448900731556,6.7950417657031785,1.3844260238567163,True,0.061663896,0.01908747234158425,0.0,0.7162678601503111,False,3.63316,0.9912722530285243,17.549050235894327,0.9729211613875105,True,1.4504435,0.850378138820226,14.801002035386809,-1.4056206391661674,True,3.138166,0.7878266845505612,7.773281692543616,-1.4120674677029288,True
A_env_full,2010-05-28,Environmental Drift,Environmental Drift,Environmental Drift,1.7740625,True,0.76486206,1.0470541479353486,7.342095913638527,1.4083179505595456,True,0.08203745,0.025397370871017025,0.0,1.916267112132358,False,3.7923553,1.0121038122243446,18.061154048118674,1.5865517086277632,True,1.3456558,0.7890013430340116,15.09000337842082,-1.510175541812784,True,2.8854024,0.7245194205655476,7.997801113109164,-1.5376525150503808,True
A_env_full,2010-05-29,Environmental Drift,Environmental Drift,Environmental Drift,1.7452645,True,0.8414812,1.0427242948815332,7.884820208520061,1.39551338196246,True,0.065774515,0.020365422830598046,0.0,0.26634633316893586,False,3.844162,1.0061015260942805,18.567255574212954,1.3617750698375686,True,1.2762728,0.7483758226132343,15.338379201034053,-1.405362957784596,True,2.698632,0.6777603776499024,8.175561490759065,-1.469196796334673,True
A_env_full,2010-05-30,Environmental Drift,Environmental Drift,Environmental Drift,1.7140808,True,0.93243444,1.046978078029498,8.43179828654956,1.4461481943408272,True,0.061121166,0.018927208796294292,0.0,-0.44445126892661146,False,3.9029326,1.0069750290229347,19.07423060323589,1.2527128832495071,True,1.2054741,0.7069140811679849,15.545293282202039,-1.374571539368774,True,2.4684424,0.6200752634029428,8.295636754162008,-1.4784479134894044,True
A_env_full,2010-05-31,Environmental Drift,Environmental Drift,Environmental Drift,1.7067199,True,1.2668523,1.1416416970219907,9.07343998357155,1.921615237470197,True,0.10386151,0.032166866511605996,0.0,2.0135048888799574,False,3.9001079,0.9996162771054494,19.57384688034134,1.033170990449429,True,1.1147792,0.653777693308934,15.699070975510974,-1.425277523635973,True,2.1479986,0.5396899117571948,8.335326665919203,-1.5502074771184562,True
A_env_full,2010-06-01,Environmental Drift,Environmental Drift,Environmental Drift,1.7629107,True,1.5173544,1.0860638916706786,9.659503875242228,1.7379172115733914,True,0.11824479,0.03662649150709133,0.0,1.6734519995531587,False,4.2088137,1.0361455501328571,20.109992430474197,1.9011182400636493,True,0.9840986,0.5771814224694658,15.77625239798044,-1.5890803408152887,True,1.9860427,0.499100298959753,8.334426964878956,-1.380474228009026,True
A_env_full,2010-06-02,Environmental Drift,Environmental Drift,Environmental Drift,1.7601361,True,1.5757006,1.018479393941587,10.177983269183816,1.3438521009017586,True,0.09992045,0.030954720577059912,0.0,0.6632702682240379,False,4.2662864,1.0066448317455075,20.616637262219704,1.463563367898839,True,0.84549856,0.4959285330092596,15.772180930989698,-1.5665218350308623,True,2.0132737,0.5060471814232861,8.340474146302242,-1.0291350046746623,True
A_env_full,2010-06-03,Environmental Drift,Environmental Drift,Environmental Drift,1.8146052,True,1.6488584,1.0222238492449596,10.700207118428775,1.1472804790176427,True,0.10057447,0.031157331633380355,0.0,0.48959879347868795,False,4.3995643,1.0150674385596925,21.131704700779398,1.4751266503880498,True,0.8205519,0.48129601234311586,15.753476943332814,-1.2749233449730075,True,2.103478,0.5287205022347431,8.369194648536984,-0.6310446279678763,True
A_env_full,2010-06-04,Environmental Drift,Environmental Drift,Environmental Drift,1.8176633,True,1.6542556,1.0016012416276485,11.201808360056424,0.8957993009777051,True,0.10539751,0.03265147767142171,0.0,0.5511438072013356,False,4.450647,1.0056558176716963,21.637360518451093,1.2292575058967876,True,0.71974117,0.42216533122936645,15.675642274562179,-1.3072082217687027,True,2.1582751,0.5424940664039172,8.411688714940901,-0.25566926249076144,True
A_env_full,2010-06-05,Environmental Drift,Environmental Drift,Environmental Drift,1.8426051,True,1.7126257,1.016983931933263,11.718792291989686,0.8591035546296074,True,0.11668272,0.036385347394040674,0.0,0.835119073807371,False,4.4750967,1.0026843159839414,22.140044834435034,1.0113719217144883,True,0.69744116,0.40908522767348193,15.584727502235662,-1.1027418134383842,True,2.2111778,0.5557914443320836,8.467480159272984,0.34878766847048703,True
A_env_full,2010-06-06,Environmental Drift,Environmental Drift,Environmental Drift,1.8802611,True,1.8171034,1.0289901890051771,12.247782480994864,1.2471879539031911,True,0.127543,0.04060496480040469,0.0,1.6312914144692365,False,4.5130877,1.0041418908424273,22.64418672527746,0.9175352980636117,True,0.6582463,0.38609540703161727,15.470822909267278,-1.0642167455840774,True,2.2853262,0.5744290477979347,8.541909207070919,1.4770956419145744,True
A_env_full,2010-06-07,Environmental Drift,Environmental Drift,Environmental Drift,1.8697395,True,1.8376061,1.0054971206014267,12.75327960159629,1.3304452752553375,True,0.109345675,0.035175411573019726,0.0,-0.17215310016871577,False,4.3161397,0.9603218280027193,23.10450855328018,-0.5210076681254965,True,0.6599987,0.38712330126318945,15.357946210530468,-0.9110376455086564,True,2.425607,0.6096893624825737,8.651598569553492,1.660322021286053,True
A_env_full,2010-06-08,Environmental Drift,Environmental Drift,Environmental Drift,1.8821701,True,1.8809465,1.011419426293482,13.264699027889773,1.2996342707781674,True,0.12688774,0.04202574233370123,0.0,1.2512891579343408,False,4.350749,0.9680222468124156,23.572530800092597,-0.5041041207145398,True,0.6420423,0.3765909252110415,15.23453713574151,-0.9626419402919363,True,2.410225,0.6058230010792138,8.757421570632706,1.172804243815132,True
A_env_full,2010-06-09,Environmental Drift,Environmental Drift,Environmental Drift,1.9357594,True,1.9535942,1.0185596596144795,13.783258687504253,1.4275087570134246,True,0.15162191,0.05171282776184447,0.0,1.832184434070629,False,4.4557276,0.9913795084024665,24.063910308495064,0.4639450951022106,True,0.6334945,0.3715772094884027,15.106114345229912,-0.8720529709049033,True,2.4843585,0.6244568890219158,8.881878459654622,1.2800012944512267,True
A_env_full,2010-06-10,Environmental Drift,Probable Sensor Fault: Oil Flow Meter,Sensor Drift,1.8859209,False,1.7056106,0.889266654648055,14.172525342152309,-0.8266710687607547,True,0.12708911,0.04660619704325406,0.0,0.23382375983916526,False,4.2510405,0.945837537662876,24.50974784615794,-1.5642048374296178,True,0.6528521,0.3829314534224526,14.989045798652365,-0.43212889517517433,True,2.6930122,0.67690311632139,9.058781575976012,1.7147311273474901,True
A_env_full,2010-06-11,Environmental Drift,Probable Sensor Fault: Oil Flow Meter,Sensor Drift,1.8099244,False,1.4682119,0.765492340338983,14.438017682491292,-1.8876550379700645,True,0.07860779,0.03186187097612958,0.0,-1.83947622223232,False,3.9198177,0.8721419483836452,24.881889794541586,-2.0083092530053204,True,0.6302351,0.3696653912455099,14.858711189897875,-1.0275178416704682,True,2.9527478,0.7421890529959755,9.300970628971987,1.8076121978234434,True
A_env_full,2010-06-12,Environmental Drift,Probable Sensor Fault: Oil Flow Meter,Sensor Drift,1.8669301,False,1.5513351,0.8088308930361171,14.746848575527409,-1.0837368588674927,True,0.09181999,0.041047687740733314,0.0,-0.982880386571662,False,3.953033,0.8795322009736677,25.261421995515253,-1.2853069205745653,True,0.67648715,0.39679461792860254,14.755505807826477,1.5914076429208168,True,3.0619745,0.769643772677939,9.570614401649927,1.5092360034251417,True
A_env_full,2010-06-13,Environmental Drift,Probable Sensor Fault: Oil Flow Meter,Sensor Drift,1.8512616,False,1.5227869,0.7939464886007767,15.040795064128185,-0.9337044688782696,True,0.100125626,0.05163456637207068,0.0,-0.4875008842808959,False,3.8578258,0.8583490205101967,25.61977101602545,-1.2448714511874748,True,0.65062356,0.38162428912789625,14.637130096954373,0.07712056597501543,True,3.1249452,0.785471781437376,9.856086183087303,1.2591159471780267,True
A_env_full,2010-06-14,Environmental Drift,Probable Sensor Fault: Oil Flow Meter,Sensor Drift,1.8824408,False,1.5075684,0.7860119101849405,15.326806974313126,-0.7606447295412333,True,0.09236616,0.05716773128720658,0.0,-0.6719297282954508,False,3.9235885,0.8729809408465086,25.99275195687196,-0.7310953858240281,True,0.68798226,0.4035370950526488,14.540667192007021,1.6017408660836836,True,3.2006977,0.8045125790926934,10.160598762179996,1.1136402611738885,True
A_env_full,2010-06-15,Environmental Drift,Probable Sensor Fault: Oil Flow Meter,Sensor Drift,1.9064097,False,1.5780084,0.8227377548250611,15.649544729138185,-0.2046903020384361,True,0.120492935,0.08339626039461522,0.0,0.4586448523015086,False,3.8734303,0.861820951257187,26.354572908129146,-0.7001777411631953,True,0.72187775,0.4234185503928281,14.464085742399849,1.7410128208985856,True,3.2382398,0.8139489891188454,10.474547751298841,0.9754171731676536,True
A_env_full,2010-06-16,Environmental Drift,Probable Sensor Fault: Oil Flow Meter,Sensor Drift,1.8857057,False,1.5652193,0.8160697927362159,15.9656145218744,0.10948059779437978,True,0.13726513,0.10652414909147483,0.0,1.4093226272640629,False,3.7722104,0.8392999767294173,26.693872884858564,-1.0836881893862267,True,0.7067598,0.4145510965914856,14.378636838991335,0.9596205645329726,True,3.2470734,0.8161693737671688,10.79071712506601,0.872958585375287,True
A_env_full,2010-06-17,Environmental Drift,Probable Sensor Fault: Oil Flow Meter,Sensor Drift,1.8973392,False,1.6060898,0.8373787680470693,16.30299328992147,1.3594988666873942,True,0.14186077,0.13349954240667813,0.0,1.34702098225889,False,3.80733,0.84711391626942,27.040986801127985,-0.9921841018374893,True,0.68316,0.4007085941543421,14.279345433145677,0.11392204034362058,True,3.2482536,0.8164660163411669,11.107183141407177,0.8391230458047576,True
A_env_full,2010-06-18,Environmental Drift,Probable Sensor Fault: Oil Flow Meter,Sensor Drift,1.9209286,False,1.7230322,0.898349882965217,16.701343172886688,2.0115679084512,True,0.13387379,0.14488253539538032,0.0,0.7819143222099172,False,3.8467126,0.8558763904723248,27.39686319160031,-0.2445033769590108,True,0.7015914,0.41151954104548083,14.190864974191157,0.5101120514250059,True,3.199433,0.80419472208007,11.411377863487246,0.1528925428814774,True
A_env_full,2010-06-19,Environmental Drift,Probable Sensor Fault: Oil Flow Meter,Sensor Drift,1.8728703,False,1.744119,0.9093440679333269,17.110687240820013,1.4786542349666465,True,0.11737698,0.1378358529054474,0.0,-0.1646015875625935,False,3.8621788,0.8593175539185779,27.75618074551889,0.271524730492926,True,0.662301,0.38847371256174074,14.079338686752898,-1.016217247687529,True,2.9783762,0.7486308712195655,11.660008734706812,-2.035593515910945,True
A_env_full,2010-06-20,Environmental Drift,Probable Sensor Fault: Oil Flow Meter,Sensor Drift,1.9251577,False,1.8020849,0.9395661587546797,17.550253399574693,1.4211974701796424,True,0.1179526,0.1476728867934932,0.0,-0.30331399273510473,False,3.9148853,0.871044510594589,28.12722525611348,1.0579616646159338,True,0.73609984,0.43176053736309244,14.011099224115991,1.4591201090674142,True,3.0547657,0.7678317959370492,11.927840530643861,-1.047887006579141,True
A_env_full,2010-06-21,Environmental Drift,Probable Sensor Fault: Oil Flow Meter,Sensor Drift,1.9728657,False,1.8128929,0.9452011998592635,17.995454599433955,1.1624054949015905,True,0.108278766,0.14963365624914438,0.0,-1.3742100411495086,False,3.9956193,0.8890074686593427,28.516232724772824,1.7585661290091266,True,0.83557415,0.490107353418984,14.001206577534976,2.0452066281105568,True,3.1119637,0.782208832978983,12.210049363622844,-0.3916621590157581,True
A_env_full,2010-06-22,Environmental Drift,Probable Sensor Fault: Oil Flow Meter,Sensor Drift,2.003132,False,1.8216455,0.949764598650192,18.445219198084146,0.9426987893982375,True,0.09648378,0.14516662358379928,0.0,-1.5329788471073147,False,4.0368433,0.8981796253856852,28.914412350158507,1.502207156828937,True,0.85868376,0.5036623349500206,14.004868912484996,1.5443488851685978,True,3.2020035,0.8048408036134584,12.514890167236302,0.5140192200042373,True
A_env_full,2010-06-23,Environmental Drift,Probable Sensor Fault: Oil Flow Meter,Sensor Drift,2.0704687,False,1.831509,0.9549072014035932,18.90012639948774,0.8521038295671097,True,0.09396141,0.14596713198798147,0.0,-1.214500915404798,False,4.2291455,0.9409660130147612,29.35537836317327,1.8748785967461363,True,0.918093,0.5385089318100281,14.043377844295025,1.4847297193102047,True,3.279635,0.8243538922032564,12.839244059439558,1.15561731352162,True
A_env_full,2010-06-24,Environmental Drift,Probable Sensor Fault: Oil Flow Meter,Sensor Drift,2.0826669,False,1.817413,0.9475578557928479,19.347684255280587,0.5733765582043837,True,0.08569803,0.1390765567021736,0.0,-1.3114358284800884,False,4.274888,0.9511435178162293,29.8065218809895,1.4733500836209215,True,0.9136683,0.5359135871523375,14.079291431447363,1.062886723617789,True,3.3216662,0.8349186826386628,13.17416274207822,1.2873364697332914,True
A_env_full,2010-06-25,Environmental Drift,Probable Sensor Fault: Oil Flow Meter,Sensor Drift,2.0974228,False,1.7390549,0.9067037456315994,19.754388000912186,-1.488944974814014,True,0.058012307,0.10607501924071168,0.0,-1.85077288080095,False,4.353837,0.968709312466121,30.27523119345562,1.3584412719521362,True,0.9602545,0.5632388063207944,14.142530237768158,1.117385437590118,True,3.3759542,0.8485642410425723,13.522726983120792,1.2724474069064098,True
A_env_full,2010-06-26,Environmental Drift,Probable Sensor Fault: Oil Flow Meter,Sensor Drift,2.1640372,False,1.759249,0.9172324666577673,20.171620467569955,-1.1042065406623616,True,0.040851183,0.08284372919389028,0.0,-1.6423767381509564,False,4.5893674,1.0082111385771433,30.783442332032763,1.6600278405137459,True,1.0059258,0.5900273710742779,14.232557608842436,1.3076679742441355,True,3.4247928,0.8608400898159164,13.883567072936708,1.2585019718500057,True
A_env_full,2010-06-27,Environmental Drift,Probable Sensor Fault: Oil Flow Meter,Sensor Drift,2.1988895,False,1.725577,0.8996766634123575,20.571297130982312,-1.3904724054576152,True,0.06354068,0.13701544060370308,0.0,-0.5983676826680416,False,4.6907344,1.0107022489762585,31.29414458100902,1.4631385338564629,True,1.0912136,0.6400530719961096,14.372610680838546,1.7156280509342907,True,3.4233813,0.8604853172829733,14.244052390219682,1.006103517528145,True
A_env_full,2010-06-28,Environmental Drift,Probable Sensor Fault: Oil Flow Meter,Sensor Drift,2.2466,False,1.630772,0.8502474879983504,20.92154461898066,-1.8220778715716117,True,0.08223608,0.20415173266934458,0.0,0.3786350960902843,False,4.900691,1.0214428474078059,31.815587428416826,1.5390700286886447,True,1.1246634,0.6596730874851378,14.532283768323683,1.4622310032198835,True,3.494636,0.8783955771284983,14.622447967348181,1.3491849884978264,True
A_env_full,2010-06-29,Environmental Drift,Probable Sensor Fault: Oil Flow Meter,Sensor Drift,2.2957337,False,1.5258337,0.7955350575541876,21.217079676534848,-1.789970292902482,True,0.102506265,0.3044509001318761,0.0,1.2461956921194144,False,4.839767,0.993620961001671,32.309208389418494,1.0487357548680205,True,1.2090272,0.7091568198896457,14.74144058821333,1.5719576960092574,True,3.8015351,0.9555363099047287,15.07798427725291,2.065822037701836,True
A_env_full,2010-06-30,Environmental Drift,Probable Sensor Fault: Oil Flow Meter,Sensor Drift,2.3363535,False,1.556052,0.8112901636002459,21.528369840135092,-1.1214503922559407,True,0.13151005,0.44776429948744684,0.0,1.6835967462729804,False,4.97802,1.0076701010327194,32.81687849045122,1.171368439073023,True,1.1723012,0.6876151270994172,14.929055715312746,0.9391109277176037,True,3.843885,0.9661811638712182,15.544165441124129,1.5157322660324786,True
A_env_full,2010-07-01,Environmental Drift,Probable Sensor Fault: Oil Flow Meter,Sensor Drift,2.3860133,False,1.4819834,0.772672505438316,21.801042345573407,-1.32640409581913,True,0.15999542,0.6599466845298669,0.15994668452986693,1.6082628293255847,False,5.2212944,1.0233638299022227,33.34024232035344,1.5088131231431128,True,1.1952146,0.7010550513223314,15.130110766635077,0.9090836164531805,True,3.8715787,0.9731421365632011,16.01730757768733,1.1979778106856744,True
A_env_full,2010-07-02,Environmental Drift,Probable Sensor Fault: Oil Flow Meter,Sensor Drift,2.479057,False,1.5269744,0.7961297997708311,22.09717214534424,-0.690732626023934,True,0.19772825,0.9559681631111038,0.6159148476409708,1.5619421491458858,False,5.496499,1.0251508982086563,33.8653932185621,1.7208981252581834,True,1.2951864,0.7596936535506899,15.389804420185767,1.4972281974066297,True,3.8788974,0.974981740016538,16.492289317703868,0.9295496859127735,True
A_env_full,2010-07-03,Environmental Drift,Probable Sensor Fault: Oil Flow Meter,Sensor Drift,2.461804,False,1.563682,0.8152682674330668,22.412440412777304,-0.11444984521579886,True,0.21421571,1.0391917184336132,1.155106566074584,1.362682271581025,False,5.3464923,0.9858927690764191,34.35128598763852,0.9516296202219313,True,1.4443401,0.8471800002320444,15.736984420417812,1.8983327737898208,True,3.7402885,0.9401416390144999,16.932430956718367,0.09774754326611991,True
A_env_full,2010-07-04,Environmental Drift,Probable Sensor Fault: Oil Flow Meter,Sensor Drift,2.4816074,False,1.5588301,0.8127386396540525,22.725179052431358,0.21131968275606144,True,0.2431219,1.0618630674658003,1.7169696335403843,1.3641819989168436,False,5.331682,0.98316179048148,34.83444777812,0.6816407196727575,True,1.715534,1.0012590882039771,16.23824350862179,1.959887220706553,True,3.5588698,0.8945410833338021,17.32697204005217,-1.177380921545524,True
A_env_full,2010-07-05,Environmental Drift,Probable Sensor Fault: Oil Flow Meter,Sensor Drift,2.5207362,False,1.5808809,0.8242353939150642,23.04941444634642,1.1755987586171508,True,0.27777955,1.0651166419159424,2.2820862754563267,1.4204440380975907,False,5.4322906,0.9940080296828561,35.328455807802854,0.8144767798319337,True,1.9520048,1.0631057948077736,16.80134930342956,1.7482806469854872,True,3.3607259,0.8447365330655213,17.67170857311769,-1.86428856572104,True
A_env_full,2010-07-06,Environmental Drift,Environmental Drift,Environmental Drift,2.4867146,True,1.4612952,0.7618861601579955,23.311300606504417,-1.5852092126271602,True,0.3530471,1.1166510660528381,2.8987373415091646,1.7132845606250418,False,5.2562537,0.9617965664911272,35.79025237429398,-0.22752039989849712,True,2.2291954,1.0648825811816949,17.366231884611256,1.616708030933637,True,3.1337814,0.7876928252914194,17.95940139840911,-1.7047523651645275,True
A_env_full,2010-07-07,Environmental Drift,Environmental Drift,Environmental Drift,2.505257,True,1.3519577,0.7048800347861485,23.516180641290568,-1.895478963599989,True,0.38260752,1.0393471954501403,3.438084536959305,1.482031758847902,False,5.2733374,0.9649225554280301,36.25517492972201,-0.642528144734344,True,2.5400138,1.0637853242854343,17.93001720889669,1.5444386626237983,True,2.978368,0.7486288336746129,18.208030232083722,-1.4666318856999159,True
A_env_full,2010-07-08,Environmental Drift,Environmental Drift,Environmental Drift,2.5837555,True,1.2578976,0.6558392535733959,23.672019894863965,-1.7338568193638948,True,0.44248024,1.0710109071346947,4.009095444093999,1.5214258700991263,False,5.3656006,0.981805007193496,36.7369799369155,0.09615513178086742,True,2.9944243,1.0803319609686521,18.510349169865343,1.595594106779479,True,2.858375,0.7184679546564818,18.426498186740204,-1.2899185626256209,True
A_env_full,2010-07-09,Environmental Drift,Environmental Drift,Environmental Drift,2.5841422,True,1.1688915,0.6094335116559527,23.78145340651992,-1.5337090500355446,True,0.51076096,1.0700970401334537,4.579192484227453,1.5178692737603519,False,5.3107347,0.9717655805304227,37.20874551744593,-0.34091298297182077,True,3.2762043,1.043998211613822,19.054347381479165,1.446291650487618,True,2.6541176,0.6712724328832068,18.59777061962341,-1.3572309490542205,True
A_env_full,2010-07-10,Environmental Drift,Environmental Drift,Environmental Drift,2.5590103,True,1.1601654,0.6048839108347279,23.88633731735465,-1.1527837572841966,True,0.5857583,1.0669363664807259,5.146128850708179,1.5165827026166372,True,5.2803583,0.9662072586157644,37.674952776061694,-0.6681889897851894,True,3.4440014,1.024457445854044,19.578804827333208,1.276079214184413,True,2.3247674,0.5987207462785089,18.69649136590192,-1.5663970155836575,True
A_env_full,2010-07-11,Environmental Drift,Environmental Drift,Environmental Drift,2.578177,True,1.144613,0.5967752418191615,23.98311255917381,-0.9444592765581766,True,0.5969802,1.0092965275760495,5.655425378284228,1.2186173877082598,True,5.2726884,0.9648038050179168,38.13975658107961,-0.6316157133883522,True,3.7455037,1.0410632673291613,20.11986809466237,1.3008113273469561,True,2.1311004,0.5499172271948423,18.746408593096763,-1.474786368117615,True
A_env_full,2010-07-12,Environmental Drift,Environmental Drift,Environmental Drift,2.5359538,True,1.0105435,0.5268744165350598,24.00998697570887,-1.4227226865454132,True,0.7400433,1.104637213152443,6.260062591436671,1.6445829049927616,True,4.9932966,0.9136803138008818,38.55343689488049,-2.159867741096978,True,3.983022,1.0300995262799004,20.64996762094227,1.2827715564515523,True,1.9528633,0.5039242554942825,18.750332848591047,-1.3890705081442454,True
A_env_full,2010-07-13,Environmental Drift,Environmental Drift,Environmental Drift,2.6535015,True,1.1304073,0.5893687154330676,24.099355691141938,-0.41694396570122444,True,0.88094616,1.0850376780296591,6.84510026946633,1.679977982739752,True,5.370976,0.982788602618335,39.036225497498826,0.8174450454048191,True,3.9796195,0.999564153261973,21.14953177420424,1.0413160244350892,True,1.9055609,0.49171814313800427,18.74205099172905,-1.1402399202251599,True
A_env_full,2010-07-14,Environmental Drift,Environmental Drift,Environmental Drift,2.7360287,True,1.2456024,0.6494287914326701,24.248784482574607,1.0459610959143741,True,0.9996134,1.0617621050042891,7.406862374470618,1.5777715438858038,True,5.664298,1.0147295558017824,39.55095505330061,1.7311599370811745,True,3.8065934,0.9561050557492825,21.605636829953525,0.5375984839040568,True,1.9640373,0.5068076273916102,18.74885861912066,-0.7791007392294719,True
A_env_full,2010-07-15,Environmental Drift,Environmental Drift,Environmental Drift,2.8402557,True,1.4282632,0.7446639943061423,24.493448476880747,1.9032927238871316,True,1.1074165,1.0500890131713216,7.95695138764194,1.4629218055447086,True,6.0013075,1.028295018745126,40.07925007204574,1.8073521116418063,True,3.6605892,0.9194330662747625,22.02506989622829,-0.14682535271915378,True,2.0037024,0.5170429608699351,18.765901579990597,-0.4813942255233446,True
A_env_full,2010-07-16,Environmental Drift,Environmental Drift,Environmental Drift,2.9526207,True,1.597359,0.8328266811051771,24.826275157985926,1.7490747461301026,True,1.2031261,1.0405609186218414,8.497512306263781,1.3528343434904337,True,6.4067163,1.0319987482174522,40.61124882026319,1.7083435019477842,True,3.523933,0.8851090001089351,22.410178896337225,-1.010111004946104,True,2.0319695,0.5243371221245292,18.790238702115126,-0.09036333703031721,True
A_env_full,2010-07-17,Environmental Drift,Environmental Drift,Environmental Drift,3.0742886,True,1.7936891,0.9351887839426847,25.26146394192861,1.6201414151090079,True,1.3141235,1.0431747589081135,9.040687065171895,1.3169567326935576,True,6.883737,1.035148912925325,41.146397733188515,1.612727549856048,True,3.3107514,0.8315640365652501,22.741742932902476,-1.6670725792305245,True,2.0691423,0.5339293308428158,18.824168032957942,0.7966562017483817,True
A_env_full,2010-07-18,Environmental Drift,Environmental Drift,Environmental Drift,3.1120849,True,1.9759632,1.005578020277621,25.767041962206232,1.4710254997230312,True,1.4361367,1.0434384151518317,9.584125480323726,1.388705561993336,True,7.036148,1.010727822959505,41.65712555614802,1.2856174386284296,True,3.0659773,0.770083933006478,23.011826865908954,-1.6073141666214463,True,2.0461988,0.528008904008932,18.852176936966874,0.8597343906246193,True
A_env_full,2010-07-19,Environmental Drift,Environmental Drift,Environmental Drift,3.1892142,True,2.1464515,1.0404957783990154,26.307537740605248,1.406233737150553,True,1.5324712,1.0317814067926017,10.115906887116328,1.3746151460476357,True,7.3756127,1.0230727340027421,42.180198290150756,1.3175362553970855,True,2.8719738,0.7213559010865589,23.23318276699551,-1.471583611233707,True,2.0195632,0.5211357407677251,18.8733126777346,0.25021063185607173,True
A_env_full,2010-07-20,Environmental Drift,Environmental Drift,Environmental Drift,3.2588928,True,2.2183268,1.0161324658577524,26.823670206463,1.2161768072661325,True,1.6006572,1.0213183894307076,10.637225276547035,1.2877704494773223,True,7.559317,1.0120513462621217,42.692249636412875,1.2121225257261299,True,2.7846007,0.6994103515300082,23.43259311852552,-1.2750468526547774,True,2.1315613,0.5500361500590651,18.923348827793664,1.766940866499786,True
A_env_full,2010-07-21,Environmental Drift,Environmental Drift,Environmental Drift,3.346926,True,2.4007332,1.0386696045843493,27.36233981104735,1.3248648975279687,True,1.7207174,1.0353991984856894,11.172624475032725,1.3799447596399126,True,7.9396186,1.0240347237010325,43.21628436011391,1.358808045234682,True,2.5704288,0.6456166307575866,23.578209749283108,-1.3481930643101272,True,2.103131,0.5426999074598625,18.966048735253526,0.978819228289541,True
A_env_full,2010-07-22,Environmental Drift,Environmental Drift,Environmental Drift,3.4157014,True,2.595857,1.0382404722721965,27.900580283319545,1.4254471272773126,True,1.7259004,1.0014736676169738,11.674098142649699,1.11154887754072,True,8.300986,1.021796159843859,43.73808051995777,1.4611988396376017,True,2.4697948,0.6203402853850599,23.698550034668166,-1.2337963543013373,True,1.9859667,0.5124663685540134,18.97851510380754,-1.3876006430130872,True
A_env_full,2010-07-23,Environmental Drift,Environmental Drift,Environmental Drift,3.3387735,True,2.4857366,0.9779057412633732,28.37848602458292,0.8911370921381685,True,1.7752316,1.0138043765714448,12.187902519221144,1.1117403343760501,True,8.051584,0.984448162849833,44.2225286828076,0.8643285199341594,True,2.4360242,0.611858107025122,23.810408141693287,-1.083312097801322,True,1.9452918,0.5019704568080133,18.980485560615552,-1.4984151652840552,True
A_env_full,2010-07-24,Environmental Drift,Environmental Drift,Environmental Drift,3.3751113,True,2.5509865,0.9911091514640925,28.86959517604701,0.9177223621084112,True,1.8165417,1.011268684642011,12.699171203863155,1.1400402310502062,True,8.048781,0.9841054651540709,44.70663414796167,0.6468413162099925,True,2.5020678,0.628446333712813,23.9388544754061,-0.7081865570903858,True,1.9571774,0.5050374731697513,18.985523033785302,-0.9808950929808047,True
A_env_full,2010-07-25,Environmental Drift,Environmental Drift,Environmental Drift,3.392169,True,2.569259,0.9947480089029703,29.36434318494998,0.8158451417494137,True,1.8658329,1.0131144993968222,13.212285703259978,1.2425167311239804,True,8.045002,0.9836433654710817,45.190277513432754,0.44197519097187415,True,2.557988,0.64249183515029,24.08134631055639,-0.24787524420725307,True,1.9227625,0.49615692520257615,18.98167995898788,-1.0780858726841949,True
A_env_full,2010-07-26,Environmental Drift,Environmental Drift,Environmental Drift,3.3661978,True,2.5895917,0.9987676452497042,29.863110830199684,0.7464615233429079,True,1.8694664,1.0009532729657615,13.713238976225739,1.0692051676456906,True,7.9028535,0.9662632052140955,45.65654071864685,-0.3365110743106982,True,2.615755,0.6570012562437667,24.238347566800158,0.46083226524965826,True,1.8533239,0.4782387317339302,18.95991869072181,-1.3339841902920369,True
A_env_full,2010-07-27,Environmental Drift,Environmental Drift,Environmental Drift,3.2232664,True,2.472063,0.953438554150381,30.316549384350065,-0.7082745216456592,True,1.8020537,0.9648590185289145,14.178097994754653,0.09167658086608164,True,7.586576,0.9275927028254418,46.084133421472295,-1.8332074502719695,True,2.4959826,0.6269179199552187,24.365265486755376,-0.4011258052794506,True,1.75966,0.454069336066944,18.913988026788754,-1.6116844765824332,True
A_env_full,2010-07-28,Environmental Drift,Environmental Drift,Environmental Drift,3.2023084,True,2.5068262,0.9668461723232198,30.783395556673284,-0.6315564281997853,True,1.7628685,0.9438784221323134,14.621976416886966,-0.7483713286604683,True,7.612255,0.9307324270530496,46.514865848525346,-1.2529514947945155,True,2.3901658,0.6003398209384266,24.465605307693803,-1.4040643751903024,True,1.7394272,0.44884838854231124,18.862836415331067,-1.432177886561442,True
A_env_full,2010-07-29,Environmental Drift,Environmental Drift,Environmental Drift,3.1854553,True,2.5608764,0.9876925463837042,31.27108810305699,0.6032842286104968,True,1.6728086,0.8956583915766698,15.017634808463637,-1.8067625805467875,True,7.5134645,0.9186535284633414,46.933519376988684,-1.2722372635288577,True,2.458382,0.6174737086439916,24.583079016337795,-0.4673241769446035,True,1.7217461,0.44428588486369264,18.80712230019476,-1.1872708909483185,True
A_env_full,2010-07-30,Environmental Drift,Environmental Drift,Environmental Drift,3.1606894,True,2.5323408,0.9766867812540976,31.747774884311085,-0.19794840003472805,True,1.6611824,0.8894334460918559,15.407068254555492,-1.3866066831784034,True,7.5650268,0.9249579300682313,47.358477307056916,-0.7968016825945572,True,2.361002,0.5930147170064258,24.67609373334422,-1.366136885853108,True,1.6838958,0.43451886015022273,18.741641160344983,-1.1474041270317654,True
A_env_full,2010-07-31,Environmental Drift,Environmental Drift,Environmental Drift,3.1238143,True,2.615316,1.003659138851194,32.251434023162275,1.336218668808737,True,1.585541,0.8489333870452532,15.756001641600744,-1.4687259746005052,True,7.5029364,0.9173662840903007,47.775843591147215,-0.8156837081335685,True,2.2936077,0.5760872486960114,24.752180982040233,-1.4075105056988975,True,1.6216723,0.41846245856833997,18.660103618913322,-1.336493017465527,True
A_env_full,2010-08-01,Environmental Drift,Environmental Drift,Environmental Drift,3.0506349,True,2.5698962,0.9862287818875498,32.73766280504982,0.41233659653441995,True,1.5098124,0.8083866064407914,16.064388248041535,-1.4748180344953716,True,7.2686896,0.8887254903269716,48.164569081474184,-1.5770920463204259,True,2.2986467,0.5773528924199762,24.82953387446021,-1.0148036898415267,True,1.6061271,0.4144511343726872,18.57455475328601,-1.2501381836418146,True
A_env_full,2010-08-02,Environmental Drift,Environmental Drift,Environmental Drift,3.005891,True,2.5481763,0.9778934948626684,33.21555629991249,0.09835745382257567,True,1.397311,0.7481509017981914,16.312539149839726,-1.6228413413662641,True,7.2397285,0.885184475143268,48.54975355661745,-1.5095839133621445,True,2.2731948,0.5709601190835946,24.900493993543805,-1.0935414820621072,True,1.5710456,0.4053985696810592,18.479953322967066,-1.383472006752816,True
A_env_full,2010-08-03,Environmental Drift,Environmental Drift,Environmental Drift,2.9820437,True,2.6117227,0.9992988343094052,33.7148551342219,1.2110972011228083,True,1.3376487,0.7162064408118476,16.528745590651575,-1.445953291735818,True,7.1522026,0.8744828971327848,48.92423645375024,-1.4008964027791562,True,2.2422767,0.5631943902866335,24.963688383830437,-1.1742316267945463,True,1.5663669,0.4041912534433406,18.384144576410407,-1.102068065768057,True
A_env_full,2010-08-04,Environmental Drift,Environmental Drift,Environmental Drift,2.9609928,True,2.6011434,0.9952509582835409,34.21010609250544,0.7376153423546891,True,1.3159628,0.7045953039294145,16.73334089458099,-1.2127422573840787,True,7.2531114,0.8868207721029925,49.31105722585323,-0.6263266283799679,True,2.1148489,0.5311882456549206,24.994876629485358,-1.6774306063311202,True,1.5198967,0.39219991590289366,18.2763444923133,-1.3255445125924208,True
A_env_full,2010-08-05,Environmental Drift,Environmental Drift,Environmental Drift,2.9451447,True,2.690625,1.0139055287301368,34.724011621235576,1.805416298599886,True,1.27356,0.6818919458276557,16.915232840408645,-1.130148035543687,True,7.307204,0.8934345228017433,49.70449174865497,-0.13186284537190682,True,1.9653099,0.4936284192345051,24.988505048719862,-1.884201504512442,True,1.4890249,0.38423362206080086,18.1605781143741,-1.3947936864571546,True
A_env_full,2010-08-06,Environmental Drift,Environmental Drift,Environmental Drift,3.0463865,True,2.8170936,1.0224925060926924,35.246504127328265,1.9788511393322208,True,1.2413253,0.6646327342799861,17.079865574688633,-1.0984764544896592,True,7.5941644,0.9285205169000179,50.13301226555499,1.665505742033886,True,2.036344,0.5114701332384977,24.99997518195836,-1.0216589964194593,True,1.5430052,0.3981629162608552,18.058741030634955,-0.35595404348772497,True
A_env_full,2010-08-07,Environmental Drift,Environmental Drift,Environmental Drift,3.0033832,True,2.9319482,1.0195706573593915,35.76607478468765,1.750882168383752,True,1.2167809,0.6514911472413428,17.231356721929977,-1.0984622042148338,True,7.5053835,0.9176654886793874,50.55067775423438,1.0980029907493392,True,1.951926,0.4902667832710088,24.990241965229366,-1.1864252923089076,True,1.4108772,0.3640681063749972,17.922809137009953,-1.839517232919498,True
A_env_full,2010-08-08,Environmental Drift,Environmental Drift,Environmental Drift,3.0006793,True,2.908772,0.995952923531616,36.26202770821927,1.1483560326774622,True,1.1622006,0.6222676425549089,17.353624364484887,-1.4576036287998853,True,7.6191683,0.9315776858473945,50.98225544008177,1.2648098198347777,True,1.8913071,0.4750410922658999,24.965283057495267,-1.1954324654928692,True,1.4219472,0.3669246544912585,17.78973379150121,-1.2389926131869682,True
A_env_full,2010-08-09,Environmental Drift,Environmental Drift,Environmental Drift,2.9559371,True,2.871177,0.9830805210964672,36.74510822931574,0.6794989315565274,True,1.1026009,0.5903566908826032,17.44398105536749,-1.5954015200095328,True,7.449128,0.910787281235489,51.39304272131726,0.2116060529791569,True,1.9005699,0.4773676370645638,24.94265069455983,-0.897624207947949,True,1.4562092,0.37576573581725475,17.665499527318463,-0.5104258460550324,True
A_env_full,2010-08-10,Environmental Drift,Environmental Drift,Environmental Drift,2.9448795,True,2.7981563,0.9580785008268444,37.20318673014258,-0.0379576665960018,True,1.0425165,0.5581861537242143,17.502167209091706,-1.5596738819921987,True,7.483232,0.9149570808099369,51.80799980212719,0.17888950592483677,True,1.891972,0.4752080781908716,24.9178587727507,-0.8617689438202394,True,1.5085213,0.3892645575491417,17.554764084867603,0.5974075211346956,True
A_env_full,2010-08-11,Environmental Drift,Environmental Drift,Environmental Drift,2.9709694,True,2.845291,0.9742172289507726,37.677403959093354,0.09596769524464753,True,1.0291162,0.551011330884128,17.553178539975832,-1.2714485802444868,True,7.5794206,0.9267178267412963,52.23471762886849,0.68917485500643,True,1.8476541,0.4640767311589384,24.88193550390964,-1.2578831947359934,True,1.5533667,0.40083661970434337,17.455600704571946,1.2492447395576345,True
A_env_full,2010-08-12,Environmental Drift,Environmental Drift,Environmental Drift,3.0403376,True,2.9385529,1.0011025349225608,38.17850649401591,1.1789757493870956,True,1.0068305,0.5390790790323108,17.592257619008144,-1.1450976974335139,True,7.785348,0.9518960794785429,52.68661370834703,1.8845397777021582,True,1.8810962,0.4724764196097321,24.854411923519372,-0.5372441036239678,True,1.5898588,0.4102531818745926,17.365853886446537,1.3313616543401512,True
A_env_full,2010-08-13,Environmental Drift,Environmental Drift,Environmental Drift,3.0222979,True,2.9712477,1.0054210586782704,38.683927552694186,1.2680265387735863,True,0.88110876,0.47176493071952513,17.56402254972767,-1.6507506767854714,True,7.8390718,0.9584647629233257,53.14507847127036,1.5240203737881353,True,1.8417475,0.4625931703537571,24.817005093873128,-1.2230927914112486,True,1.5783149,0.4072743579214751,17.273128244368014,1.0187660809928263,True
A_env_full,2010-08-14,Environmental Drift,Environmental Drift,Environmental Drift,3.0406268,True,2.908332,0.9841314727849715,39.16805902547916,0.286032133351812,True,0.835009,0.4470820976534429,17.511104647381114,-1.498668665199967,True,7.9684396,0.9742822613328277,53.619360732603184,1.5153581961311655,True,1.8751514,0.4709832474576051,24.787988341330735,-0.021625689179864044,True,1.6162026,0.4170510416570262,17.19017928602504,1.162266078906691,True
A_env_full,2010-08-15,Environmental Drift,Environmental Drift,Environmental Drift,3.0348835,True,2.7989004,0.9471015810920679,39.61516060657123,-1.1485897012381767,True,0.810454,0.43393482998822935,17.445039477369342,-1.2936043358712854,True,7.9431276,0.9711874294539332,54.09054816205712,1.0293232615822512,True,1.9224007,0.48285089552611327,24.770839236856848,1.4809931999222417,True,1.6995351,0.43855448570716266,17.1287337717322,1.641919129964259,True
A_env_full,2010-08-29,Environmental Drift,Environmental Drift,Environmental Drift,3.6716094,True,3.6802044,1.1042328270715538,40.219393433642786,2.2144527739104913,True,1.1251189,0.6024132782463189,17.547452755615662,1.3731582687005617,True,7.6636343,0.9370144407853346,54.52756260284245,-0.4803749028494327,True,1.6887932,0.4241755087620239,24.69501474561887,-2.118666884923875,True,4.200297,1.0389545108283027,17.667688282560505,2.2637570035565213,True
A_env_full,2010-08-30,Environmental Drift,Environmental Drift,Environmental Drift,3.864613,True,4.1400094,1.0575533683330742,40.77694680197586,1.85010304120584,True,1.1380383,0.6093306219000613,17.656783377515723,1.211430936394411,True,7.7320433,0.9453786432733952,54.972941246115845,-0.38854836765206824,True,1.5580251,0.3913303923501952,24.586345137969065,-1.871169726538839,True,4.7549505,1.0606223434388977,18.228310625999402,1.650240093912439,True
A_env_full,2010-08-31,Environmental Drift,Environmental Drift,Environmental Drift,3.8309236,True,4.515081,1.0424318847220344,41.319378686697895,1.581910054258795,True,1.086458,0.5817133941604614,17.738496771676186,0.7370499241761179,True,7.2193766,0.8826960980842643,55.35563734420011,-2.0465514527499957,True,1.5050485,0.37802421608026354,24.464369354049328,-1.4675776463853072,True,4.8286533,1.007535541869352,18.735846167868754,1.2065654397388308,True
A_env_full,2010-09-01,Environmental Drift,Environmental Drift,Environmental Drift,3.7576206,True,4.8406143,1.0340755934151973,41.85345428011309,1.3828442546145072,True,0.936714,0.5015371903153768,17.740033961991564,-0.260161126286585,True,6.6165285,0.8089872924301249,55.664624636630236,-1.9457280330551572,True,1.5208367,0.38198975003923297,24.34635910408856,-1.0148459215069148,True,4.87341,1.004520451227336,19.24036661909609,0.9219671354882093,True
A_env_full,2010-09-02,Environmental Drift,Environmental Drift,Environmental Drift,3.5430753,True,4.6981835,0.9847741793404663,42.33822845945356,0.9069907740197326,True,0.8313056,0.4450992398440832,17.685133201835647,-0.9169118258319927,True,5.6442375,0.6901075722936443,55.85473220892388,-1.8855383112934747,True,1.7080042,0.42900076423143113,24.275359868319992,0.15155415918448728,True,4.8336453,0.9958219198754442,19.736188538971533,0.6687742769984231,True
A_env_full,2010-09-03,Environmental Drift,Environmental Drift,Environmental Drift,3.5208802,True,4.614323,0.9671964169294321,42.80542487638299,0.5926685117069853,True,0.79159683,0.423838282186695,17.60897148402234,-1.0913748390654272,True,4.976244,0.6084335813392288,55.963165790263105,-1.6253221916924203,True,2.0463057,0.5139721974010102,24.289332065721002,1.631278858410511,True,5.175931,1.0294837186070516,20.265672257578583,0.6986500143019472,True
A_env_full,2010-09-04,Environmental Drift,Environmental Drift,Environmental Drift,3.5778384,True,4.311711,0.9037666292913165,43.20919150567431,-0.2236130227035822,True,0.7698623,0.41220113569384176,17.521172619716182,-1.1417324486560982,True,4.8932505,0.5982861614774728,56.06145195174058,-1.2267772921400215,True,2.3029323,0.5784293033941077,24.367761369115108,1.7926332418441517,True,5.611437,1.0395324813429623,20.805204738921546,1.666491345657102,True
A_env_full,2010-09-05,Environmental Drift,Environmental Drift,Environmental Drift,3.7054532,True,3.9775395,0.8337218427482728,43.54291334842259,-1.4910180685435408,True,0.7225295,0.3868581053139402,17.408030725030123,-1.0743153586263108,True,5.3740406,0.6570712345737661,56.21852318631434,-0.6128707550740283,True,2.6209457,0.6583049860528247,24.526066355167934,1.6541844182254624,True,5.8322115,1.0188991921035728,21.324103931025117,1.6309663595601207,True
A_env_full,2010-09-06,Environmental Drift,Environmental Drift,Environmental Drift,3.7804348,True,3.7863662,0.7936504953914449,43.836563843814034,-1.5596956121923142,True,0.66599846,0.3565901631793811,17.264620888209503,-1.1507532849957665,True,5.8590984,0.7163781083466622,56.434901294661,0.07195683209002805,True,2.7636306,0.6941432735200089,24.720209628687943,1.3531025391157732,True,5.8270807,0.9995511445274706,21.823655075552587,1.1715634963585175,True
A_env_full,2010-09-07,Environmental Drift,Environmental Drift,Environmental Drift,3.7873023,True,3.7050571,0.7766075080263557,44.11317135184039,-1.2427357027062638,True,0.6278255,0.3361515240884927,17.100772412297996,-1.3051154742510016,True,6.2988048,0.7701399608289421,56.705041255489945,0.9803206458173067,True,2.7703578,0.6958329543014329,24.916042582989377,1.0312716980721777,True,5.5344663,0.9493573799116123,22.273012455464198,0.35484315070515177,True
A_env_full,2010-09-08,Environmental Drift,Environmental Drift,Environmental Drift,3.7278826,True,3.1540828,0.6611191862315182,44.27429053807191,-1.6080274224977447,True,1.2555298,0.6722381358486483,17.273010548146644,2.1338112903577304,True,7.306249,0.8933178026950888,57.09835905818503,1.8385673181304254,True,2.8098528,0.705752942257415,25.121795525246792,0.8861472506472814,True,4.113698,0.7056452008683042,22.4786576563325,-1.8567901071152255,True
A_env_full,2010-09-09,Environmental Drift,Environmental Drift,Environmental Drift,3.816793,True,2.7196922,0.570067700261978,44.34435823833389,-1.5894367722744989,True,1.9192393,1.0128710416308362,17.785881589777482,2.0313324345573376,True,7.7825875,0.951558570638671,57.54991762882371,1.5192919384103483,True,2.8003018,0.7033539979668054,25.325149523213597,0.7123233543335528,True,3.862144,0.6624947602446297,22.641152416577132,-1.557804327767421,True
A_env_full,2010-09-10,Environmental Drift,Environmental Drift,Environmental Drift,3.8753903,True,2.2902184,0.4800467844258342,44.32440502275972,-1.5579363428376618,True,2.4904017,1.1266073456430756,18.41248893542056,1.7539772250609693,True,8.036668,0.9826243674570411,58.03254199628075,1.251784416523134,True,2.8459437,0.7148179095798146,25.53996743279341,0.7581303678409432,True,3.7137208,0.6370349148637088,22.77818733144084,-1.2418957172130627,True
A_env_full,2010-09-11,Environmental Drift,Environmental Drift,Environmental Drift,3.8207781,True,1.9634472,0.411553125372143,44.235958148131864,-1.4283202551835952,True,2.7988217,1.0570782207667009,18.96956715618726,1.431022729429954,True,8.036303,0.982579708315334,58.51512170459608,0.9806164554761301,True,2.8683467,0.7204448891171868,25.760412321910596,1.0606163520364649,True,3.4369724,0.5895627393879495,22.86775007082879,-1.1074545288018933,True
A_env_full,2010-09-12,Environmental Drift,Environmental Drift,Environmental Drift,4.0964117,True,1.7863624,0.37443483470417166,44.11039298283604,-1.2218717412795355,True,3.0156932,1.03652508413339,19.50609224032065,1.199074957546822,True,8.335848,1.0020534496718079,59.01717515426789,1.005874019539087,True,3.2726235,0.8219874222129214,26.082399744123517,2.216994408559512,True,4.0715313,0.6984121136469732,23.066162184475765,-0.3161607659210489,True
A_env_full,2010-09-13,Environmental Drift,Environmental Drift,Environmental Drift,4.2937837,True,1.7024043,0.3568365828277757,43.967229565663814,-1.025470289301365,True,3.1579812,1.0225761768504449,20.028668417171097,1.0238176966797052,True,8.499551,1.0095274080105932,59.52670256227848,0.9909552686338078,True,3.6877697,0.9468354940610155,26.529235238184533,1.9670990952127647,True,4.421213,0.7583949616684821,23.324557146144247,0.3768132997739463,True
A_env_full,2010-09-14,Environmental Drift,Environmental Drift,Environmental Drift,4.4867525,True,1.6495421,0.3457562797545205,43.81298584541833,-0.9286979228319913,True,3.3933728,1.035186334845089,20.563854752016187,1.080910623918967,True,8.756643,1.0145962413857073,60.04129880366419,1.3507640803572987,True,4.0480585,1.030108321777591,27.059343559962123,1.7101231359072588,True,4.586144,0.7866864506829578,23.611243596827205,1.3985942575853985,True
A_env_full,2010-09-15,Environmental Drift,Environmental Drift,Environmental Drift,4.682686,True,1.5550582,0.3259517622274025,43.63893760764574,-0.9531444862401751,True,3.5025563,1.0155114713929076,21.079366223409096,1.0978536611990468,True,9.0217085,1.0146068913981254,60.555905695062314,1.5229633399117204,True,4.590848,1.0614969121183555,27.620840472080477,1.6563243242486403,True,4.743259,0.8136372461246095,23.924880842951815,1.2931862148032596,True
A_env_full,2010-09-16,Environmental Drift,Environmental Drift,Environmental Drift,4.808522,True,1.4223839,0.29814223546777646,43.437079843113516,-1.2007678830477977,True,3.613528,1.015277832885206,21.594644056294303,1.177979102307913,True,9.19167,1.009143367142673,61.065049062204984,1.3954720589701872,True,5.0584145,1.0474410895648676,28.168281561645344,1.519318406158923,True,4.756616,0.8159284735275715,24.240809316479385,0.979823681607997,True
A_env_full,2010-09-17,Environmental Drift,Environmental Drift,Environmental Drift,4.9674277,True,1.2473698,0.2614579716453365,43.19853781475885,-1.5679590397542222,True,3.7102876,1.0129439793241062,22.10758803561841,1.1907234030701865,True,9.344222,1.008064139028363,61.57311320123335,1.2649819088143486,True,5.6638956,1.0552774665042193,28.723559028149563,1.500781293118557,True,4.8713613,0.835611337292885,24.57642065377227,0.9068665232735365,True
A_env_full,2010-09-18,Environmental Drift,Environmental Drift,Environmental Drift,5.11664,True,1.3678259,0.28670646515764564,42.98524427991649,-0.847171103642146,True,3.908858,1.0255274947274353,22.633115530345844,1.4039451170329853,True,9.664472,1.0165050190653329,62.08961822029868,1.460574521528562,True,5.8987894,1.0199004325407581,29.24345946069032,1.3037621088840887,True,4.743255,0.813636591768647,24.890057245540916,0.5261728962385475,True
A_env_full,2010-09-19,Environmental Drift,Environmental Drift,Environmental Drift,5.2719517,True,1.2947799,0.2713954872816096,42.7566397671981,-0.9538707384993907,True,4.007636,1.0122248935716738,23.145340423917517,1.3386800895961453,True,9.860796,1.0098518075356275,62.59947002783431,1.3901231348946672,True,6.3640585,1.0371543360392055,29.780613796729526,1.331289021292725,True,4.8324914,0.8289437772122107,25.219001022753126,0.8047565318061397,True
A_env_full,2010-09-20,Environmental Drift,Environmental Drift,Environmental Drift,5.368167,True,1.2783854,0.267959079107436,42.52459884630554,-0.8194086155672706,True,4.188007,1.0215584820124914,23.666898905930008,1.4936282235521932,True,9.921095,1.002987042005587,63.10245706983989,1.1994111789258768,True,6.653849,1.0218059954462846,30.30241979217581,1.2512713107236595,True,4.7995005,0.8232846614643623,25.54228568421749,0.4129787946091523,True
A_env_full,2010-09-24,Environmental Drift,Environmental Drift,Environmental Drift,5.2107368,True,1.5354744,0.32184684776506844,42.3464456940706,1.2099381538908476,True,3.8690631,0.94376021393522,24.11065911986523,0.17118193048023464,True,8.938669,0.9036673351600213,63.50612440499991,-1.2084570593688078,True,6.3030825,0.9679401099687535,30.770359902144566,0.687127578452325,True,5.4073935,0.9275598830587373,25.969845567276227,2.2205709489429992,True
A_env_full,2010-09-25,Environmental Drift,Environmental Drift,Environmental Drift,4.9802537,True,1.5889213,0.33304971282320167,42.17949540689381,1.504345937906599,True,3.755513,0.9160625144841626,24.526721634349393,-0.5628600534297067,True,8.832098,0.8928933700592995,63.89901777505921,-1.2900917242918166,True,5.9703646,0.916845903586845,31.187205805731413,-0.03255032136615749,True,4.754373,0.8155437122215765,26.285389279497803,-0.533362343778996,True
A_env_full,2010-09-26,Environmental Drift,Environmental Drift,Environmental Drift,4.838315,True,1.7095244,0.3583290154950122,42.037824422388816,1.5488172377236673,True,3.6484857,0.8899559102224992,24.916677544571893,-1.18447378120935,True,8.843733,0.894069609224464,64.29308738428367,-1.042479272533215,True,5.6735215,0.8712608588323484,31.55846666456376,-1.072168178376356,True,4.316312,0.7404006634645977,26.5257899429624,-1.570117676430007,True
A_env_full,2010-09-27,Environmental Drift,Environmental Drift,Environmental Drift,4.666193,True,1.6898273,0.3542003632374418,41.892024785626255,1.0737227501146351,True,3.5142148,0.8572039144954438,25.273881459067336,-1.453073030165776,True,8.754019,0.8849998411305823,64.67808722541425,-0.955616646235033,True,5.468337,0.8397514712366789,31.89821813580044,-1.3932497628583294,True,3.9045684,0.6697720573906824,26.695562000353082,-1.6590505007766558,True
A_env_full,2010-09-28,Environmental Drift,Environmental Drift,Environmental Drift,4.5228167,True,1.7305781,0.36274202155236085,41.75476680717862,0.9638406516762787,True,3.4927788,0.8519751496508511,25.625856608718188,-1.125007202208167,True,8.7479725,0.8843885824168821,65.06247580783112,-0.7243495289577707,True,5.201613,0.7987916764992467,32.19700981229969,-1.4185125668743848,True,3.4411423,0.590278032249541,26.78584003260262,-1.5996933530502853,True
A_env_full,2010-09-29,Environmental Drift,Environmental Drift,Environmental Drift,4.4258723,True,1.6816044,0.3524767744189093,41.60724358159753,0.5007341534014562,True,3.5035827,0.8546104973794735,25.98046710609766,-0.8128824098055716,True,8.941798,0.9039836663650135,65.46645947419613,-0.13322677176411724,True,5.0357747,0.773324536151346,32.47033434845103,-1.2306290243745708,True,2.9666007,0.5088772956279468,26.79471732823057,-1.4860048554779668,True
A_env_full,2010-10-01,Environmental Drift,Environmental Drift,Environmental Drift,4.252792,True,1.902613,0.3988018314371684,41.5060454130347,1.8150446306941985,True,3.377915,0.8239570095954748,26.304424115693134,-1.2639375257620178,True,8.947995,0.904610158340033,65.87106963253616,1.0338757473371465,True,4.556467,0.6997191052507883,32.67005345370182,-1.5319418063376944,True,2.4789681,0.42523101382902806,26.719948342059595,-1.385098119735892,True
A_env_full,2010-10-02,Environmental Drift,Environmental Drift,Environmental Drift,4.070402,True,1.5980787,0.3349691759331631,41.34101458896786,-0.9789526102083566,True,3.21172,0.7834179582463335,26.587842073939466,-1.6424611502726378,True,8.725645,0.8821313601763221,66.25320099271248,-1.117332011903598,True,4.489392,0.6894186169322778,32.8594720706341,-1.283519570017646,True,2.3271742,0.39919296316067543,26.61914130522027,-1.2244572780013119,True
A_env_full,2010-10-03,Environmental Drift,Environmental Drift,Environmental Drift,3.8983145,True,1.5098618,0.3164782580201172,41.15749284698798,-1.4764909698604909,True,3.182517,0.7762946392153712,26.86413671315484,-1.3835887014991342,True,8.598276,0.8692548193613456,66.62245581207382,-1.5593133880150836,True,4.412709,0.6776427702238011,33.037114840857896,-1.1232021556058012,True,1.7882099,0.30674146304308764,26.42588276826336,-1.3716828815389126,True
A_env_full,2010-10-04,Environmental Drift,Environmental Drift,Environmental Drift,3.6717668,True,1.5007939,0.31457756026196887,40.972070407249944,-1.1337157903932364,True,3.0593019,0.7462394041530837,27.110376117307922,-1.5012539765814985,True,8.157851,0.8247294427205986,66.94718525479442,-2.0110091394867795,True,4.263561,0.654738614738279,33.191853455596174,-1.120114937985138,True,1.3773237,0.23625990302313765,26.1621426712865,-1.3824499880535275,True
A_env_full,2010-10-05,Environmental Drift,Environmental Drift,Environmental Drift,3.7800317,True,1.6643366,0.3488573103627343,40.820927717612676,0.06422988190580463,True,3.2745922,0.7987540362067527,27.409130153514674,-0.1553566539345431,True,9.146433,0.9246714957801919,67.37185675057461,1.2388317300202598,True,3.9669106,0.6091831899196937,33.301036645515865,-1.3845698970931402,True,0.84788483,0.14544233996841555,25.807585011254915,-1.470041648359008,True
A_env_full,2010-10-06,Environmental Drift,Environmental Drift,Environmental Drift,3.8317475,True,1.6812022,0.35239246776509103,40.67332018537777,0.24196110855148545,True,3.3004737,0.8050671813613508,27.714197334876026,0.19314007521681154,True,9.282669,0.9384444850998979,67.8103012356745,1.2077644942836192,True,3.9095979,0.600381895069367,33.40141854058523,-1.2190275053801105,True,0.9847965,0.16892755376483048,25.476512565019746,-1.0487726886705295,True
A_env_full,2010-10-07,Environmental Drift,Environmental Drift,Environmental Drift,3.9556851,True,1.704879,0.3573553161215714,40.53067550149934,0.38836492248123533,True,3.445539,0.8404521985694474,28.054649533445474,1.4112823833437542,True,9.612439,0.9717830559755598,68.28208429165007,1.4318828208291545,True,3.8864353,0.596824903235349,33.498243443820584,-1.1327983458143294,True,1.1291337,0.19368650211533653,25.170199067135083,-0.6649063550052835,True
A_env_full,2010-10-08,Environmental Drift,Environmental Drift,Environmental Drift,4.1033874,True,2.0191846,0.423236093585719,40.45391159508506,2.0104373888992435,True,3.434157,0.8376758220812109,28.392325355526683,1.1714037638071733,True,10.198143,1.0134911866910175,68.79557547834108,1.607778851664193,True,3.7777457,0.5801338679776922,33.57837731179828,-1.1430455659791168,True,1.087705,0.1865800123241402,24.856779079459223,-0.5253806452315644,True
A_env_full,2010-10-09,Environmental Drift,Environmental Drift,Environmental Drift,4.167084,True,2.0989642,0.43995849577935353,40.39387009086441,1.5371744483914807,True,3.4988732,0.8534617381676567,28.74578709369434,1.1722754114516132,True,10.231534,1.0016016948875077,69.29717717322859,1.18067453186317,True,3.8535762,0.5917788597406223,33.6701561715389,-0.6652227676650101,True,1.1524731,0.19769003593199463,24.554469115391218,-0.139456188532466,True
A_env_full,2010-10-10,Environmental Drift,Environmental Drift,Environmental Drift,4.176032,True,2.1402247,0.44860699915998886,40.3424770900244,1.2362189184441803,True,3.5233955,0.8594433348857354,29.105230428580075,0.9862422447209209,True,9.992943,0.9782451440173892,69.77542231724598,0.6461280724614817,True,3.9843369,0.611859272411281,33.78201544395018,0.2285381532386248,True,1.2392609,0.21257722709070329,24.267046342481922,0.7164840964501027,True
A_env_full,2010-10-11,Environmental Drift,Environmental Drift,Environmental Drift,4.8141427,True,1.8771627,0.3934672492072873,40.23594433923169,-0.031958923323354434,True,6.461568,1.2083291446969304,29.813559573277004,2.2602970303821426,True,9.715066,0.9510427784909073,70.22646509573688,-0.0581382460206647,True,4.6007233,0.7065153611019659,33.98853080505214,2.194453077205806,True,1.4161952,0.24292772893592168,24.009974071417844,1.623273252402998,True
B_env_single,2010-04-13,No Drift,No Drift,No Drift,1.6203015,True,0.1620118,0.02294725437069414,0.0,0.0,False,2.4224894,1.01813441575721,0.0,0.0,False,0.780225,0.10614728556470701,0.0,0.0,False,1.0567262,0.8206703154071873,0.0,0.0,False,3.680055,0.5882134028594359,0.0,0.0,False
B_env_single,2010-04-14,No Drift,No Drift,No Drift,1.611085,True,0.19373134,0.027439990343121876,0.0,0.0,False,2.3540006,0.9893496288410035,0.4893496288410035,0.0,False,0.8093401,0.11010831374224661,0.0,0.0,False,1.0501692,0.8155780548696998,0.3155780548696998,0.0,False,3.648185,0.5831193768345557,0.08311937683455572,0.0,False
B_env_single,2010-04-15,No Drift,No Drift,No Drift,1.5944357,True,0.21909907,0.031033061351793508,0.0,0.9609311099347885,False,2.2848618,0.9602916869095892,0.9496413157505927,-1.001570402128123,False,0.8298125,0.11289352381232146,0.0,0.9371696165721799,False,1.0525835,0.8174529814278627,0.6330310362975626,-0.1737439541080315,False,3.5858226,0.5731514770107344,0.15627085384529016,-1.0890208081910757,False
B_env_single,2010-04-16,No Drift,No Drift,No Drift,1.5752232,True,0.2421817,0.03430247103982909,0.0,1.1018812179055137,False,2.2168632,0.9317129185961951,1.3813542343467877,-1.1594952816766109,False,0.83554995,0.11367408325252079,0.0,0.8723465690180935,False,1.0711633,0.8318823799281946,0.9649134162257571,1.4364247350885753,False,3.510358,0.5610893681815025,0.21736022202679262,-1.2787827800121194,False
B_env_single,2010-04-17,No Drift,No Drift,No Drift,1.5162668,True,0.2607881,0.036937871697919365,0.0,1.1570951785638939,False,2.080346,0.8743369381201211,1.7556911724669089,-1.4538012422393394,False,0.9052375,0.12315486632282945,0.0,1.5810464748204665,False,1.0466032,0.8128086220699325,1.2777220382956895,-0.928696777512142,False,3.2883592,0.5256054557198596,0.24296567774665223,-1.6274268053842145,False
B_env_single,2010-04-18,No Drift,No Drift,No Drift,1.4691799,True,0.2675615,0.0378972495170428,0.0,1.0594807870808405,False,2.0072002,0.8435948742735954,2.099286046740504,-1.3797542184249862,False,0.90150464,0.1226470218209557,0.0,1.153386634251409,False,1.0378058,0.8059764163549755,1.5836984546506652,-1.3178915082567073,False,3.131826,0.5005854620144984,0.24355113976115061,-1.568252372462662,False
B_env_single,2010-04-19,No Drift,No Drift,No Drift,1.4115924,True,0.26319167,0.037278310110571346,0.0,0.8320951060757766,False,1.9068573,0.8014222850969978,2.4007083318375018,-1.4497370687076454,False,0.9006305,0.12252809472139033,0.0,0.9651942250361936,False,1.0488402,0.8145458824325599,1.898244337083225,-0.30592164251708387,False,2.9384422,0.46967535781137004,0.21322649757252066,-1.6163839380944731,False
B_env_single,2010-04-20,No Drift,No Drift,No Drift,1.352064,True,0.25317764,0.035859929289402646,0.0,0.38122827192096753,False,1.8296251,0.7689628317399646,2.6696711635774664,-1.361176317903051,False,0.86492956,0.11767109121601237,0.0,0.02705454206822691,False,1.0670979,0.8287251302534449,2.22696946733667,1.1629363935458434,False,2.7454896,0.4388341535951722,0.15206065116769285,-1.51310425467093,False
B_env_single,2010-04-21,No Drift,No Drift,No Drift,1.3057898,True,0.23594546,0.03341917371333348,0.0,-0.7422950342635662,False,1.7443613,0.7331277695880651,2.9027989331655313,-1.3365567320158234,False,0.88629043,0.12057717455392584,0.0,0.3587581564513088,False,1.0937754,0.8494432909127188,2.5764127582493885,1.7933702390382997,False,2.5685763,0.41055665387054924,0.06261730503824214,-1.4178275576946713,False
B_env_single,2010-04-22,No Drift,No Drift,No Drift,1.2704922,True,0.24817821,0.9289211948757238,0.4289211948757238,-0.4158737131250313,False,1.6820459,0.696117306895979,3.0989162400615102,-1.2713098029728969,False,0.89858705,0.9930219033022799,0.4930219033022799,0.5415044568808484,False,1.1062486,1.0010158029728082,3.077428561222197,1.530779046520073,False,2.417402,0.6574053164548997,0.2200226214931419,-1.333173740831891,False
B_env_single,2010-04-23,No Drift,No Drift,No Drift,1.2334132,True,0.22335601,0.8361494278283944,0.7650706227041182,-1.6942998875853048,False,1.6210718,0.6710732831996177,3.269989523261128,-1.2847014030754003,False,0.9127445,1.0008231444155888,0.9938450477178686,1.0838666237180077,False,1.1153958,1.0008207557284967,3.5782493169506937,1.3319418250877948,False,2.2944987,0.624036200256443,0.3440588217495849,-1.284473735280631,False
B_env_single,2010-04-24,No Drift,No Drift,No Drift,1.1789967,True,0.20969506,0.7851370995766882,1.0502077222808064,-1.5747388636077237,False,1.4966896,0.6197586149291372,3.3897481381902654,-1.4841335073902746,False,1.0300918,1.0126901346812496,1.5065351823991184,2.175247457750485,False,1.0845526,0.9732257458167128,4.051475062767406,0.1875993246522988,False,2.0739548,0.56410364697219,0.40816246872177486,-1.409028279062217,False
B_env_single,2010-04-25,No Drift,No Drift,No Drift,1.1382688,True,0.24731478,0.9261438424266166,1.476351564707423,0.3896984293873293,False,1.362838,0.564492624974089,3.4542407631643544,-1.5922696371633367,False,1.2128139,1.0184120300745139,2.0249472124736325,2.048807718590663,False,1.0233094,0.918344317095849,4.469819379863255,-1.639539637991505,False,1.8450686,0.5018914253890718,0.4100538941108467,-1.4951716990917432,False
B_env_single,2010-04-26,No Drift,No Drift,No Drift,1.1680627,True,0.45232686,1.0560800486604345,2.0324316133678577,2.2285088475316877,False,1.1833324,0.49027982174937845,3.444520584913733,-1.6569033525043488,False,1.4878412,1.02462217782862,2.5495693903022527,1.928071646966424,False,0.9503086,0.8529015857847844,4.822720965648039,-1.9357302931296811,True,1.7665046,0.48056230209696815,0.39061619620781485,-1.3045477692266718,False
B_env_single,2010-04-27,No Drift,No Drift,No Drift,1.1735729,True,0.4224413,0.9426486893721413,2.475080302739999,1.2976148239628185,False,1.1535187,0.4780630006154535,3.4225835855291864,-1.307014178262781,False,1.6747868,1.015875378510586,3.0654447688128386,1.6403006245104457,False,0.8981307,0.8061381177052099,5.128859083353249,-1.654366415211171,True,1.7189867,0.46767601694503613,0.358292213152851,-1.1252735979465858,False
B_env_single,2010-04-28,No Drift,Environmental Drift,Environmental Drift,1.1613133,False,0.55893415,1.0294526156214048,3.004532918361404,1.6003542085945344,False,1.030946,0.42738543416001207,3.3499690196891985,-1.3263079714187125,False,1.8807442,1.0167005983036785,3.5821453671165173,1.4965674229156458,False,0.835538,0.7500181752844767,5.378877258637726,-1.51716405389845,True,1.5004045,0.4082428427772758,0.2665350559301267,-1.3489392592671774,False
B_env_single,2010-04-29,No Drift,Environmental Drift,Environmental Drift,1.1435419,False,0.6682641,1.0268800885977305,3.5314130069591343,1.5170946891034143,False,0.9627104,0.3992112497645159,3.2491802694537144,-1.216935953411623,False,2.0703704,1.014872423992641,4.097017791109158,1.3831589504285497,False,0.7199174,0.646284748978464,5.525162007616189,-1.6072697446110549,True,1.2964476,0.35277911712605176,0.11931417305617842,-1.4612106006334453,False
B_env_single,2010-04-30,No Drift,Environmental Drift,Environmental Drift,1.191472,False,0.70386815,1.008673769055608,4.040086776014743,1.2367471712881961,False,0.9980939,0.41400146580305464,3.163181735256769,-0.865036596376253,False,2.2686353,1.0150810175509193,4.612098808660077,1.351300491355161,False,0.65332973,0.5865557717083997,5.611717779324589,-1.4546154268115747,True,1.3334337,0.3628749558940454,0.0,-1.1073158716527902,False
B_env_single,2010-05-01,No Drift,Environmental Drift,Environmental Drift,1.2189703,False,0.72828066,1.0060703616373161,4.546157137652059,1.0673888120182118,False,1.035442,0.42961520692744254,3.0927969421842114,-0.4898963958580363,False,2.3391914,1.0054589111650065,5.117557719825084,1.184980851400559,True,0.58293426,0.5233980962876096,5.635115875612199,-1.3943059524776882,True,1.4090033,0.3834733776003195,0.0,-0.6476026939692934,False
B_env_single,2010-05-02,No Drift,Environmental Drift,Environmental Drift,1.2602429,False,0.77097154,1.0106327019624415,5.0567898396145,1.1285840600657748,True,1.115865,0.4631151124325044,3.055912054616716,0.5701273712455791,False,2.3618996,1.0018300734127272,5.619387793237811,1.0213920645101444,True,0.51307464,0.4607112041447158,5.595827079756915,-1.3563302500458967,True,1.5394038,0.41899944301416786,0.0,0.16668773459110148,False
B_env_single,2010-05-03,No Drift,Environmental Drift,Environmental Drift,1.3256538,False,0.8641011,1.022030114094603,5.578819953709103,1.313283649260925,True,1.207305,0.5012077158411246,3.0571197704578403,1.52401729293487,False,2.4114437,1.0041260359094561,6.123513829147267,0.9585627419916299,True,0.4629611,0.41574631552303865,5.511573395279953,-1.2577914385347801,True,1.6824583,0.4579761595239563,0.0,1.1339879260272645,False
B_env_single,2010-05-05,No Drift,Environmental Drift,Environmental Drift,1.3966898,False,0.9037064,1.0092888142427365,6.088108767951839,1.3741189388521453,True,1.3312129,0.5528047619766455,3.1099245324344857,1.7817877971604752,False,2.4583554,1.0040234610980059,6.627537290245273,0.9754954867781653,True,0.48011756,0.4311884968163625,5.442761892096316,-0.9218693769788322,True,1.8100569,0.4927520928289655,0.0,1.6117493484126868,False
B_env_single,2010-05-06,No Drift,Environmental Drift,Environmental Drift,1.4708705,False,0.9056036,1.0004611067705613,6.588569874722401,1.1526850509228082,True,1.457466,0.6054053217986084,3.215329854233094,1.6279880009944794,False,2.4530258,0.9983081866092491,7.125845476854522,0.8523102191312749,True,0.5200466,0.4670867090458187,5.4098486011421345,-0.4382343704356554,True,2.0182102,0.5494653568590254,0.04946535685902542,1.6263164364137899,False
B_env_single,2010-05-07,No Drift,Environmental Drift,Environmental Drift,1.42484,False,0.7043084,0.7780975369451056,6.866667411667507,-1.014737999700648,True,1.5159235,0.6298667106078424,3.3451965648409363,1.3688385886653187,False,2.3074517,0.9390842506998032,7.5649297275543255,-0.881500484545298,True,0.50436527,0.45303953895282173,5.362888140094956,-0.40400110303933556,True,2.0921512,0.5696454982546674,0.11911085511369279,1.349558140013897,False
B_env_single,2010-05-08,No Drift,Environmental Drift,Environmental Drift,1.4928197,False,0.73828876,0.8156550658237653,7.182322477491272,-0.7382924246787689,True,1.601875,0.6657690239628554,3.510965588803792,1.3067628754861218,False,2.3638835,0.9620716603166817,8.027001387871007,-0.36822070486576786,True,0.52657497,0.4730279821137994,5.335916122208755,0.35823681551058534,True,2.2334762,0.6081778765726813,0.2272887316863741,1.343693712089718,False
B_env_single,2010-05-09,No Drift,Environmental Drift,Environmental Drift,1.5080476,False,0.611518,0.6756140105433788,7.357936488034651,-1.5679163603607105,True,1.6826639,0.6995455498915696,3.7105111386953613,1.285288093133457,False,2.2280421,0.9068055542954411,8.433806942166449,-1.7159081719243698,True,0.5351102,0.480734752102692,5.316650874311447,1.1200433113625592,True,2.482904,0.6761560022882964,0.4034447339746705,1.5371253084515588,False
B_env_single,2010-05-10,No Drift,Environmental Drift,Environmental Drift,1.5322299,False,0.5225991,0.5773871918393972,7.435323679874049,-1.5219396393471931,True,1.7493505,0.7274767824927062,3.9379879211880677,1.2627464559119514,False,2.1355286,0.8691717035451996,8.802978645711647,-1.6640933819763433,True,0.5565759,0.500060317023086,5.316711191334534,1.3703777147551417,True,2.6970959,0.7345494958367066,0.637994229811377,1.5387955308853185,False
B_env_single,2010-05-11,No Drift,Environmental Drift,Environmental Drift,1.5672085,False,0.53827345,0.5947172736170254,7.530040953491074,-1.0426317961213327,True,1.7808075,0.740769304131161,4.178757225319229,1.1758504776111147,False,2.1327977,0.8680790644480653,9.171057710159712,-1.1979069247852507,True,0.56169045,0.5046970102838587,5.321408201618392,1.2365234061558212,True,2.822474,0.7687627442358032,0.9067569740471801,1.382489911737199,False
B_env_single,2010-05-12,No Drift,Environmental Drift,Environmental Drift,1.5938137,False,0.53098434,0.5866761171220205,7.616717070613095,-0.8416299621522646,True,1.8189752,0.7568617011280195,4.4356189264472485,1.1693171015654338,False,2.1069288,0.8575686590986537,9.528626369258365,-1.0563342186796105,True,0.55888975,0.5022217658721231,5.323629967490515,0.9623950020391805,True,2.953289,0.8044629197505071,1.2112198937976872,1.3097073413626565,False
B_env_single,2010-05-13,No Drift,Environmental Drift,Environmental Drift,1.6324756,False,0.5739628,0.6341756307477097,7.750892701360804,-0.33234839199671673,True,1.8510745,0.7704375096211422,4.7060564360683905,1.1267266868706054,True,2.1137264,0.8603540831280234,9.888980452386388,-0.819566689274043,True,0.5545476,0.49836085702457344,5.321990824515089,0.5617999027499365,True,3.0690658,0.8360725850278277,1.547292478825515,1.2207879206557994,False
B_env_single,2010-05-14,No Drift,Environmental Drift,Environmental Drift,1.6642662,False,0.5879732,0.649669407673546,7.90056210903435,0.023413184314619466,True,1.8885931,0.78627730601747,4.992333742085861,1.2154867484893226,True,2.1108825,0.8592151817947619,10.24819563418115,-0.6248586942804739,True,0.54329497,0.4882884718931125,5.3102792964082015,-0.3596959862028892,True,3.1905875,0.8692529059476157,1.9165453847731309,1.2263399294916537,False
B_env_single,2010-05-15,No Drift,Environmental Drift,Environmental Drift,1.6961709,False,0.6010726,0.6641572902971348,8.064719399331485,0.9600624341302021,True,1.9134232,0.7968420252267884,5.289175767312649,1.250758555412638,True,2.0859885,0.8491007301161677,10.597296364297318,-0.966885304085224,True,0.54714614,0.49179016106225293,5.302069457470455,-0.40747434269880844,True,3.3332248,0.908192268098924,2.324737652872055,1.3563383415469714,False
B_env_single,2010-05-16,No Drift,Environmental Drift,Environmental Drift,1.7253798,False,0.6294147,0.695488537837314,8.260207937168799,1.5053781123701802,True,1.9455118,0.8104364401826755,5.5996122074953245,1.3438232559230963,True,2.0428507,0.8315595517360669,10.928855916033385,-1.9308646279670787,True,0.5512591,0.4955277438010132,5.297597201271468,-0.31905954331941094,True,3.4578629,0.9422337951009987,2.7669714479730536,1.4017822848087969,False
B_env_single,2010-05-17,No Drift,Environmental Drift,Environmental Drift,1.7537436,False,0.6638309,0.7335330123195457,8.493740949488345,1.5674545431386455,True,1.9720266,0.8217160607677463,5.921328268263071,1.317476192375768,True,2.0058155,0.8165017652403248,11.24535768127371,-1.7610495167645777,True,0.5592585,0.5027597751465284,5.300356976417996,0.810409929342342,True,3.5677857,0.9722711402823664,3.23924258825542,1.3609527792438663,False
B_env_single,2010-05-18,No Drift,Environmental Drift,Environmental Drift,1.7802194,False,0.6905875,0.7631150980622347,8.75685604755058,1.4562852344559274,True,2.0047977,0.8356097961118621,6.256938064374934,1.3808284038674634,True,1.9582999,0.79717700380975,11.54253468508346,-1.6930722310956758,True,0.557052,0.500817364149655,5.301174340567651,0.6525014433557383,True,3.6903596,1.0009502932580936,3.7401928815135133,1.3686528479661264,False
B_env_single,2010-05-19,No Drift,Environmental Drift,Environmental Drift,1.812592,False,0.7510996,0.8299997236926141,9.086855771243194,1.7118664659032512,True,2.0249078,0.8442327987514696,6.601170863126403,1.3058113392809172,True,1.9262215,0.7841356732502522,11.826670358333713,-1.4603485615920593,True,0.55318224,0.49737915066599014,5.298553491233641,0.16788017371256864,True,3.807549,1.0108896684989512,4.251082550012464,1.3607624709567716,False
B_env_single,2010-05-20,No Drift,Environmental Drift,Environmental Drift,1.8579679,False,0.7802912,0.8622758818536751,9.449131653096869,1.4753959216626191,True,2.0457854,0.8531807951903857,6.954351658316789,1.2874314823419757,True,1.9752653,0.8041180992656212,12.130788457599333,-0.58475976542404,True,0.5375103,0.4833278666491396,5.2818813578827815,-1.5973596290757286,True,3.9509876,1.013242692260706,4.76432524227317,1.420921908646428,False
B_env_single,2010-05-21,No Drift,Environmental Drift,Environmental Drift,1.8912388,False,0.8256992,0.91247401259589,9.861605665692759,1.4520736694770222,True,2.0441759,0.8527531077883013,7.307104766105089,1.0050036348351987,True,2.0367115,0.829150447408325,12.45993890500766,0.5846814946399159,True,0.52027726,0.46787046725392994,5.249751825136712,-1.9296344024367937,True,4.0293317,1.0072462060330742,5.271571448306244,1.3216058663667423,True
B_env_single,2010-05-22,No Drift,Environmental Drift,Environmental Drift,1.8879765,False,0.9617699,1.0226952200931205,10.38430088578588,1.8076812377961127,True,1.9938492,0.8319964130795857,7.639101179184674,-0.2839231931165692,True,2.0734887,0.844140878566262,12.804079783573922,1.356219240953385,True,0.49486035,0.4450503750440163,5.194802200180728,-1.8597143785535055,True,3.9159138,0.9790859284536576,5.750657376759902,0.6712142327501567,True
B_env_single,2010-05-23,No Drift,Environmental Drift,Environmental Drift,1.8754377,False,1.0529292,1.0349448821145055,10.919245767900385,1.6485331773707326,True,1.9605348,0.8183288227441495,7.957430001928824,-1.3712751237880756,True,2.1070223,0.857811390567986,13.161891174141909,1.4732107279959692,True,0.4672203,0.42022699811272435,5.115029198293453,-1.7046638732596306,True,3.7894816,0.9476600427098035,6.1983174194697055,-0.20220513743385407,True
B_env_single,2010-05-24,No Drift,Environmental Drift,Environmental Drift,1.8585038,False,1.1138184,1.022355696455777,11.441601464356163,1.432945990450507,True,1.9314287,0.8064104271419487,8.263840429070772,-1.6209200209766894,True,2.1481202,0.8745621447270163,13.536453318868926,1.4080170900770588,True,0.43412676,0.3904941517223407,5.005523350015793,-1.6278886734642029,True,3.665025,0.9167159725133383,6.615033391983044,-1.2569095061273827,True
B_env_single,2010-05-25,No Drift,Environmental Drift,Environmental Drift,1.8420349,False,1.1802319,1.0236162078074702,11.965217672163632,1.3373234259114344,True,1.9028488,0.7947050208311928,8.558545449901965,-1.478626680146217,True,2.2113202,0.9003122354359708,13.936765554304896,1.4521781338827962,True,0.4033776,0.3628653309192016,4.868388680934995,-1.5190273590429517,True,3.512397,0.8787120324676001,6.993745424450644,-1.676406573042181,True
B_env_single,2010-05-26,No Drift,Environmental Drift,Environmental Drift,1.8408867,False,1.3136737,1.0445644901352344,12.509782162298867,1.470068115048685,True,1.8801687,0.7854575560864128,8.844003005988379,-1.3011335012392777,True,2.2889624,0.9319435403704754,14.368709094675372,1.5871545446380906,True,0.37870926,0.34070253487966295,4.709091215814658,-1.4010937241971593,True,3.342919,0.8364769275138028,7.330222351964447,-1.599753892576479,True
B_env_single,2010-05-27,No Drift,Environmental Drift,Environmental Drift,1.8289272,False,1.3847075,1.0225559988193116,13.03233816111818,1.365012851941569,True,1.8693784,0.7811733479203925,9.12517635390877,-1.117501512478546,True,2.3590963,0.9605191809674515,14.829228275642825,1.5658660089132441,True,0.34779388,0.3129155291779036,4.522006744992561,-1.391603019906973,True,3.18366,0.7967827601418928,7.627005112106339,-1.4702020563668479,True
B_env_single,2010-05-28,No Drift,Environmental Drift,Environmental Drift,1.8359483,False,1.5979668,1.0623841968852306,13.59472235800341,1.689758592039066,True,1.8059918,0.7549014609673388,9.38007781487611,-1.6079104743526513,True,2.5767188,1.0206286479151785,15.349856923558002,1.8556544990004864,True,0.3165471,0.28482575755606016,4.306832502548621,-1.3991030275897725,True,2.882517,0.721556424851544,7.848561536957883,-1.625962553235817,True
B_env_single,2010-05-29,No Drift,Environmental Drift,Environmental Drift,1.8453591,False,1.7175684,1.0323490900266628,14.127071448030073,1.5297026166203385,True,1.8432966,0.7707154781606435,9.650793293036752,-0.7932939054223337,True,2.645502,1.011838550433792,15.861695473991794,1.4980647533053386,True,0.30519664,0.27463534298526193,4.081467845533883,-1.2260987347658057,True,2.715231,0.6798143984674839,8.028375935425366,-1.4667875760071674,True
B_env_single,2010-05-30,No Drift,Environmental Drift,Environmental Drift,1.8399017,False,1.8580955,1.0360435861523711,14.663115034182443,1.4520187925432892,True,1.8472672,0.7725968612452793,9.923390154282032,-0.5162534893555074,True,2.7167373,1.0122088525184205,16.373904326510214,1.3189620104584534,True,0.28840524,0.2595467345590732,3.8410145800929563,-1.201239528561829,False,2.4890037,0.6232959645251005,8.151671899950466,-1.442374954475299,True
B_env_single,2010-05-31,No Drift,Environmental Drift,Environmental Drift,1.8923829,False,2.2971087,1.0986889629606746,15.261803997143117,1.776962486668157,True,1.616874,0.6764315003228935,10.099821654604925,-2.1490131075774994,True,3.0005295,1.046520932892113,16.92042525940233,1.6543520105327256,True,0.3836185,0.3452611576318796,3.686275737724836,0.8491174031002349,False,2.1637828,0.5419605360913511,8.193632436041817,-1.5226260963802232,True
B_env_single,2010-06-01,No Drift,Environmental Drift,Environmental Drift,1.9532546,False,2.5902963,1.0574510115670661,15.819255008710183,1.6314127812230081,True,1.4534949,0.6082549073485944,10.20807656195352,-1.888667766348211,True,3.3530116,1.0531410027851442,17.47356626218747,1.7505982753299767,True,0.40561882,0.3650917538601506,3.551367491584987,1.3267851727317994,False,1.9638523,0.49198067051634414,8.185613106558161,-1.4031273940081317,True
B_env_single,2010-06-02,No Drift,Environmental Drift,Environmental Drift,2.0155287,False,2.7193093,1.0238005227288078,16.343055531438992,1.3513543161905162,True,1.4131043,0.5915218820692741,10.299598444022795,-1.422972692175485,True,3.5867336,1.0329829624904592,18.00654922467793,1.5671949600847737,True,0.37469304,0.3372836660242056,3.3886511576091927,0.6516961627400737,False,1.9838028,0.49707619469862435,8.182689301256787,-1.0624932656939345,True
B_env_single,2010-06-03,No Drift,Environmental Drift,Environmental Drift,2.0600796,False,2.8568413,1.0241591217902806,16.867214653229272,1.2190156433386499,True,1.3916353,0.5998111111449425,10.399409555167738,-1.1216711147663945,True,3.6596425,1.0098582140041774,18.51640743868211,1.2777762129097754,True,0.35636047,0.32078141994881065,3.2094325775580033,0.2069653959530621,False,2.0359185,0.5101346818404054,8.192823983097192,-0.7542270817665648,True
B_env_single,2010-06-04,No Drift,Environmental Drift,Environmental Drift,2.117349,False,3.0337458,1.029413415193268,17.39662806842254,1.186411122807051,True,1.376384,0.611307155351316,10.510716710519054,-0.8956026306096259,True,3.7391706,1.010531524493517,19.026938963175624,1.0901057965350789,True,0.3403538,0.30637284911219603,3.0158054266701995,-0.24204804173275477,False,2.0970902,0.5254623297157706,8.218286312812962,-0.3844527958753814,True
B_env_single,2010-06-05,No Drift,Environmental Drift,Environmental Drift,2.1605363,False,3.1801796,1.0230832431923504,17.91971131161489,1.1749877839298524,True,1.3865082,0.644896605137227,10.65561331565628,-0.63634101980024,True,3.771251,1.0041856662843867,19.53112462946001,0.9073372606557328,True,0.3190079,0.28715813951118624,2.802963566181386,-0.8360458278684003,False,2.1457336,0.5376507648113238,8.255937077624285,0.113437961728924,True
B_env_single,2010-06-06,No Drift,Environmental Drift,Environmental Drift,2.2266319,False,3.4130962,1.0345954139010736,18.454306725515963,1.4450025571361418,True,1.4078057,0.6822709707355714,10.837884286391851,-0.3252253224423408,True,3.8179307,1.0060270679607948,20.037151697420803,0.8808656593340232,True,0.30181244,0.27167947217003946,2.574643038351425,-1.433127835983312,False,2.192515,0.5493726312113922,8.305309708835678,1.2103378992904081,True
B_env_single,2010-06-07,No Drift,Environmental Drift,Environmental Drift,2.2520373,False,3.525538,1.0158759256905083,18.97018265120647,1.3731596218964779,True,1.4578971,0.7129092374430048,11.050793523834857,1.417609756547006,True,3.643776,0.9601371828741097,20.497288880294914,-0.06020002894390186,True,0.2922759,0.2630950656726399,2.3377381040240652,-1.2080997922563024,False,2.340699,0.5865027176052365,8.391812426440914,1.7615948062472546,True
B_env_single,2010-06-08,No Drift,Environmental Drift,Environmental Drift,2.3058996,False,3.7808964,1.0342268844797209,19.504409535686193,1.4895647612855172,True,1.4813122,0.7243591767931272,11.275152700627984,1.664756517650524,True,3.675715,0.9685531366811492,20.96584201697606,-0.29201503702447745,True,0.274372,0.24697869711037362,2.084716801134439,-1.335231383127949,False,2.317202,0.5806151702753894,8.472427596716305,1.1736938056393433,True
B_env_single,2010-06-09,No Drift,Environmental Drift,Environmental Drift,2.3815908,False,4.0490866,1.0335436770481825,20.037953212734376,1.5311880306732517,True,1.5293217,0.7478357495672483,11.522988450195232,1.670999274303685,True,3.6632626,0.9652719311796797,21.43111394815574,-0.7044330294523874,True,0.29278344,0.263551927049766,1.848268728184205,-0.62515891634906,False,2.3735003,0.5947216746546722,8.567149271370976,1.2143835595109398,True
B_env_single,2010-06-10,No Drift,Environmental Drift,Environmental Drift,2.309046,False,3.7812297,0.9651320368221527,20.503085249556527,0.6765951897733409,True,1.6552141,0.8093969238365133,11.832385374031745,1.8822564183888817,True,3.2708957,0.8618830173386811,21.79299696549442,-2.1265964758844866,True,0.23977315,0.21583419144580118,1.564102919630006,-1.702362440976485,False,2.5981166,0.6510031813300136,8.71815245270099,1.7874152377288006,True
B_env_single,2010-06-11,No Drift,Environmental Drift,Environmental Drift,2.2807417,False,3.55205,0.906635566176074,20.9097208157326,-0.20982595982471833,True,1.7648494,0.8630084288820047,12.195393802913749,1.7332301891807973,True,3.0079682,0.792601452219501,22.08559841771392,-1.8243579076133045,True,0.20819986,0.1874131751451289,1.251516094775135,-1.7393349698704514,False,2.870641,0.7192888852191061,8.937441337920095,1.8499957143567638,True
B_env_single,2010-06-12,No Drift,Environmental Drift,Environmental Drift,2.316528,False,3.6156392,0.9228662313616367,21.33258704709424,-0.2737886394051829,True,1.7832283,0.8719956577763455,12.567389460690094,1.3218420036563063,True,3.0126672,0.7938396394187287,22.37943805713265,-1.2674843791857575,True,0.22309399,0.20276061540877385,0.9542767101839087,-1.0270129682002227,False,2.9480114,0.7386753820456393,9.176116719965734,1.4616827244936024,True
B_env_single,2010-06-13,Sensor Drift,Environmental Drift,Environmental Drift,2.3702064,False,3.7412274,0.954921722077544,21.787508769171783,0.11380868063182852,True,1.8104748,0.8853191387755512,12.952708599465646,1.130186082640329,True,3.021886,0.7962688334129718,22.67570689054562,-0.943384417402968,True,0.2448359,0.2321724180607688,0.6864491282446774,-0.26240342505548253,False,3.0326078,0.7598724760581842,9.435989196023918,1.2748112590631329,True
B_env_single,2010-06-14,Sensor Drift,Environmental Drift,Environmental Drift,2.404679,False,3.8102505,0.9690222221035673,22.25653099127535,0.3070006733089298,True,1.8313274,0.8955160669947761,13.348224666460423,0.9763407174410017,True,3.0289423,0.7981281559736468,22.973835046519266,-0.6868340954880786,True,0.26249284,0.26580503397379196,0.45225416221846937,0.446804559979349,False,3.0903833,0.7743491289185455,9.710338324942464,1.0837948756739255,True
B_env_single,2010-06-15,Sensor Drift,Environmental Drift,Environmental Drift,2.437842,False,3.9253647,0.9841798358331518,22.740710827108504,0.8389820203862726,True,1.835573,0.8975921190262153,13.745816785486639,0.8091381852680471,True,3.0329204,0.7991763650872048,23.273011411606472,-0.47009065545016204,True,0.27871484,0.3013975815147384,0.25365174373320776,0.9564732349404337,False,3.1166368,0.7809273890854214,9.991265714027886,0.9199162940539578,True
B_env_single,2010-06-16,Sensor Drift,Environmental Drift,Environmental Drift,2.4540489,False,3.994884,0.9931278766591713,23.233838703767674,1.401721306723815,True,1.8367268,0.8981563383672693,14.143973123853907,0.7486437811064183,True,3.0235984,0.7967200313664374,23.56973144297291,-0.3524338339555613,True,0.2862861,0.33002788269360583,0.08367962642681359,1.3036225826453534,False,3.1287496,0.7839624752024638,10.275228189230349,0.8447193964757244,True
B_env_single,2010-06-17,Sensor Drift,Environmental Drift,Environmental Drift,2.4864182,False,4.11526,1.0079417954777745,23.741780499245447,1.4399666379835363,True,1.8345232,0.8970787895998983,14.541051913453806,0.7118185686245929,True,3.041122,0.80133749145858,23.871068934431488,1.4811594360719649,True,0.29904968,0.3839463933369152,0.0,1.2330515363918502,False,3.1421359,0.7873166321777115,10.56254482140806,0.924003084940266,True
B_env_single,2010-06-18,Sensor Drift,Environmental Drift,Environmental Drift,2.486112,False,4.129679,1.0017138031537025,24.24349430239915,1.1681824865923618,True,1.8243113,0.8920851657098214,14.933137079163627,0.10257354203330529,True,3.051963,0.80419413614558,24.175263070577067,1.6492456951814005,True,0.3069922,0.4466709083369382,0.0,1.1758140332285265,False,3.1176143,0.7811723227155734,10.843717144123634,0.5102391366530384,True
B_env_single,2010-06-19,Sensor Drift,Environmental Drift,Environmental Drift,2.469069,False,4.210463,1.0094905855345637,24.752984887933714,1.2674812850598265,True,1.6904358,0.8266202744643848,15.259757353628013,-2.233766658775896,True,3.238744,0.8534110250222443,24.52867409559931,2.2475740510953117,True,0.29781705,0.48125363670270854,0.0,0.6985593445518711,False,2.9078841,0.7286207967879886,11.072337940911622,-2.0434023692577483,True
B_env_single,2010-06-20,Sensor Drift,Environmental Drift,Environmental Drift,2.5196023,False,4.3292317,1.013625891147851,25.266610779081564,1.4500656893631576,True,1.7409242,0.8513090531685833,15.611066406796596,-0.9867638030139627,True,3.2722282,0.8622341375505885,24.890908233149897,1.6077319951318194,True,0.3063887,0.5351536031901282,0.03515360319012817,0.9389448776991534,False,2.9492395,0.738983102320984,11.311321043232606,-1.214674094912241,True
B_env_single,2010-06-21,Sensor Drift,Environmental Drift,Environmental Drift,2.56554,False,4.3930774,1.007172362557121,25.773783141638685,1.4005943925655693,True,1.7741591,0.8675608319649281,15.978627238761522,-0.2909377524010626,True,3.319056,0.8745732896029664,25.265481522752864,1.3747891411922315,True,0.3207349,0.5722311729637102,0.10738477615383835,1.5297852014057156,False,3.020673,0.7568820156537572,11.568203058886363,-0.35623603428103695,True
B_env_single,2010-06-22,Sensor Drift,Environmental Drift,Environmental Drift,2.6079526,False,4.4648275,1.0079368397004018,26.281719981339087,1.3703254795033264,True,1.8101244,0.8851478152252508,16.36377505398677,0.413354001713129,True,3.3413005,0.8804347166509113,25.645916239403775,1.1248005065507989,True,0.3286292,0.5863156051021519,0.1937003812559902,1.540306212258281,False,3.0948813,0.7754761820567037,11.843679240943066,0.46287008915104944,True
B_env_single,2010-06-23,Sensor Drift,Environmental Drift,Environmental Drift,2.6373074,False,4.5225554,1.006293933556157,26.788013914895245,1.3193215780301224,True,1.8268086,0.8933063487840792,16.75708140277085,0.7602557865477874,True,3.3839889,0.8916831281201549,26.03759936752393,1.0818579792109753,True,0.32789072,0.5849980791046268,0.27869846036061696,1.1752015355035006,False,3.1252923,0.7830961867705529,12.12677542771362,0.7973427061711692,True
B_env_single,2010-06-24,Sensor Drift,Environmental Drift,Environmental Drift,2.654622,False,4.553491,1.0033401087754379,27.29135402367068,1.1434787073271564,True,1.8475096,0.9034291281240997,17.16051053089495,1.0680558593850373,True,3.3905272,0.8934059981669163,26.431005365690847,0.8999493918472399,True,0.3249304,0.5797164901629354,0.3584149505235523,0.7103046685909782,False,3.1566517,0.7909538368455594,12.41772926455918,1.0830433780421678,True
B_env_single,2010-06-25,Sensor Drift,Environmental Drift,Environmental Drift,2.664807,False,4.537845,0.9982446638499364,27.789598687520616,0.8492547999118403,True,1.8660961,0.9125179036753386,17.57302843457029,1.160561684070798,True,3.4028316,0.8966481903115073,26.827653556002353,1.0736019901470175,True,0.32559964,0.5809104997597885,0.4393254502833408,0.5629264245477957,False,3.1916623,0.7997263438991387,12.717455608458318,1.192644619039076,True
B_env_single,2010-06-26,Sensor Drift,Environmental Drift,Environmental Drift,2.6860278,False,4.5672946,1.0014830962377652,28.291081783758383,0.9558913153342662,True,1.8861173,0.9223082372149631,17.995336671785253,1.2584769355928602,True,3.4153702,0.8999521378986292,27.227605693900983,1.0531784348425728,True,0.3324912,0.593205884832621,0.5325313351159617,1.022400603264018,False,3.2288654,0.809048219163176,13.026503827621493,1.2207737169476494,True
B_env_single,2010-06-27,Sensor Drift,Environmental Drift,Environmental Drift,2.6823814,False,4.540126,0.9955257304376426,28.786607514196024,0.468229645944161,True,1.8901215,0.924266245629744,18.419602917415,1.115256435539097,True,3.4278107,0.9032302022280474,27.63083589612903,1.1365070976786227,True,0.33082494,0.5902330901870892,0.6227644253030511,0.8948373519023226,False,3.2230225,0.8075841731938745,13.334088000815367,0.9914976147776562,True
B_env_single,2010-06-28,Sensor Drift,Environmental Drift,Environmental Drift,2.6991754,False,4.5197115,0.9910494199152414,29.277656934111267,-0.2942840089115021,True,1.8990501,0.9286323438243517,18.84823526123935,1.1276377419410148,True,3.453308,0.9099487923053831,28.040784688434414,1.4353288172643568,True,0.33634496,0.6000814893471688,0.72284591465022,1.694968128746466,False,3.287463,0.8237308552325042,13.657818856047871,1.517630067212346,True
B_env_single,2010-06-29,Sensor Drift,Environmental Drift,Environmental Drift,2.6984682,False,4.3784647,0.9600778512498299,29.7377347853611,-2.1887729310645194,True,1.950728,0.9539027715196687,19.302138032759018,1.7472728978012517,True,3.2674732,0.8609811868427192,28.401765875277132,-2.084696180548975,True,0.3487458,0.6222061319940964,0.8450520466443163,1.9826873739026356,False,3.5469298,0.8887447834819536,14.046563639529825,2.1036909972719484,True
B_env_single,2010-06-30,Sensor Drift,Environmental Drift,Environmental Drift,2.6968277,False,4.376492,0.9596452973716842,30.19738008273278,-1.4526968228223527,True,1.9289589,0.9432576856091509,19.74539571836817,0.9481273173810851,True,3.2713192,0.8619945917699475,28.763760467047078,-1.3867504753799889,True,0.3357615,0.600563060539302,0.9456151071836183,0.2771067186122106,False,3.5716064,0.8949279238854574,14.441491563415283,1.4948729103330285,True
B_env_single,2010-07-01,Sensor Drift,Environmental Drift,Environmental Drift,2.6677837,False,4.299031,0.9426601602198803,30.64004024295266,-1.5208622144343138,True,1.9003441,0.9292651159027835,20.174660834270952,-0.09612876182144967,True,3.2858987,0.865836308012272,29.12959677505935,-0.9132101316793357,True,0.31845653,0.5705293129494783,1.0161444201330965,-1.4955047089946032,False,3.5351906,0.8858033098035571,14.82729487321884,0.9597441159795409,True
B_env_single,2010-07-02,Sensor Drift,Environmental Drift,Environmental Drift,2.6534853,False,4.266776,0.9355875854121912,31.07562782836485,-1.2760517809997498,True,1.873553,0.9161643147137675,20.59082514898472,-1.1441649796338151,True,3.3113549,0.8725440296343098,29.50214080469366,-0.4451991047803553,True,0.31146786,0.558008785899878,1.0741532060329746,-1.5556675525383474,False,3.5042756,0.8780570149204051,15.205351888139244,0.5675672000961242,True
B_env_single,2010-07-03,Sensor Drift,Environmental Drift,Environmental Drift,2.625995,False,4.200309,0.9210131231974256,31.496640951562277,-1.3316401755933265,True,1.878075,0.9183755485462092,21.00920069753093,-0.8965174063642567,True,3.2480779,0.8558704999150631,29.858011304608723,-0.915437643301632,True,0.38579684,0.6911725393039799,1.2653257453369546,1.9581954695126593,False,3.4177146,0.8563676640511644,15.561719552190407,-0.16900663818686554,True
B_env_single,2010-07-04,Sensor Drift,Environmental Drift,Environmental Drift,2.5875945,False,4.1255345,0.904617166877952,31.901258118440232,-1.4167798067747248,True,1.8790858,0.9188698161144288,21.42807051364536,-0.7716657980838229,True,3.209256,0.8456408961889762,30.2036522007977,-1.0696764458043893,True,0.47720593,0.8549360633656805,1.6202618087026353,2.0582524042660344,False,3.2468905,0.8135647355632697,15.875284287753676,-1.5075904211294187,True
B_env_single,2010-07-05,Sensor Drift,Environmental Drift,Environmental Drift,2.5500915,False,4.028482,0.8833361852404109,32.28459430368064,-1.6215186431345252,True,1.9224207,0.9400605398317514,21.86813105347711,0.5907858436273707,True,3.1492348,0.8298252833804126,30.53347748417811,-1.8398415608463374,True,0.57060564,1.0098400675426316,2.130101876245267,1.8407340733034165,False,3.0797129,0.7716754692557518,16.146959757009427,-1.8116990250134029,True
B_env_single,2010-07-06,Sensor Drift,Environmental Drift,Environmental Drift,2.5050566,False,3.8723373,0.8490979303736685,32.63369223405431,-1.7006536930009037,True,1.9837551,0.9700529453659714,22.338183998843082,1.8823482577738582,True,3.0844066,0.8127430243538355,30.846220508531946,-1.7041771980308105,True,0.6680675,1.0769876818140556,2.707089558059322,1.6565866222406158,False,2.9167168,0.7308339812260966,16.377793738235525,-1.623508795074872,True
B_env_single,2010-07-07,Sensor Drift,Environmental Drift,Environmental Drift,2.4671564,False,3.7151592,0.814633047387303,32.94832528144161,-1.660483415421913,True,2.0560727,1.0024576748284122,22.840641673671495,1.8752163463459088,True,3.0346093,0.7996214063434497,31.145841914875398,-1.4874917027960783,True,0.7642151,1.0656981441904627,3.2727877022497847,1.5076748671115843,False,2.7657263,0.6930006963540767,16.5707944345896,-1.4829376756764312,True
B_env_single,2010-07-08,Sensor Drift,Environmental Drift,Environmental Drift,2.4282413,False,3.5508869,0.7786126119904679,33.22693789343208,-1.569990139252667,True,2.1287084,1.0170040521468244,23.35764572581832,1.6791024623031339,True,2.991611,0.7882913244008691,31.434133239276267,-1.3302260210350079,True,0.8670188,1.0616838606056296,3.8344715628554145,1.432837202515667,False,2.602981,0.6522220547095238,16.723016489299123,-1.4113453616327942,True
B_env_single,2010-07-09,Sensor Drift,Environmental Drift,Environmental Drift,2.3881516,False,3.376875,0.7404565398428314,33.46739443327491,-1.508955464678469,True,2.2035604,1.0169263762979397,23.874572102116257,1.546628419142595,True,2.9527755,0.7780581397386436,31.71219137901491,-1.2861740049498849,True,0.9764818,1.058121203597328,4.392592766452743,1.433318804333904,False,2.4310646,0.6117798969667425,16.834796386265864,-1.3974939593825448,True
B_env_single,2010-07-10,Sensor Drift,Environmental Drift,Environmental Drift,2.3471062,False,3.2918866,0.7218209121801575,33.68921534545507,-1.3056619869833759,True,2.1585574,0.9894790720796868,24.364051174195943,0.9000614703024572,True,3.1507096,0.830213909186614,32.04240528820152,0.7362771827404566,True,1.0139604,1.0184457349474392,4.911038501400181,1.239115003767579,False,2.120418,0.5501917359873397,16.884988122253205,-1.5916461955004857,True
B_env_single,2010-07-11,Sensor Drift,Environmental Drift,Environmental Drift,2.338637,False,3.186639,0.6987430074220432,33.887958352877114,-1.2430187830193382,True,2.2628798,1.0130120781249552,24.877063252320898,1.3227514920209353,True,3.1513562,0.8303842863586829,32.3727895745602,0.9452970346801085,True,1.1221316,1.0495767724884655,5.460615273888647,1.349903293548327,True,1.9701792,0.528410974425509,16.913399096678713,-1.4337825625895961,True
B_env_single,2010-07-12,Sensor Drift,Environmental Drift,Environmental Drift,2.3100686,False,3.0036743,0.6586238181994432,34.04658217107656,-1.3965577941671579,True,2.3105228,1.010206921455207,25.387270173776106,1.3406042911489238,True,3.232473,0.8517585800528756,32.724548154613075,1.480275884732977,True,1.1932355,1.0300769066207367,5.990692180509384,1.3213251132601151,True,1.8104365,0.500224230399986,16.9136233270787,-1.347872683175274,True
B_env_single,2010-07-13,Sensor Drift,Environmental Drift,Environmental Drift,2.344547,False,3.07866,0.6750661457166341,34.22164831679319,-0.9270446659528252,True,2.2187467,0.9700805550016546,25.85735072877776,0.32236651099776176,True,3.5635765,0.939004570957553,33.163552725570625,1.9871814584862342,True,1.167814,0.9890199899314212,6.479712170440805,0.9574823892511234,True,1.6939375,0.47589000072781834,16.88951332780652,-1.2360034645059244,True
B_env_single,2010-07-14,Sensor Drift,Environmental Drift,Environmental Drift,2.4088125,False,3.2507126,0.7127925915927452,34.43444090838594,0.012175352905562552,True,2.1218476,0.9277143538842805,26.28506508266204,-1.1255833639009836,True,3.8700194,1.0066389668947506,33.67019169246537,1.8076827417242562,True,1.1216055,0.9498860778376556,6.92959824827846,0.4721533681262406,True,1.6798779,0.4719401189931537,16.861453446799672,-1.00815043311202,True
B_env_single,2010-07-15,Sensor Drift,Environmental Drift,Environmental Drift,2.4663658,False,3.4548302,0.7575499984395856,34.691990906825524,1.3816567988664246,True,2.0120535,0.8797101531565629,26.664775235818603,-1.7506770753964331,True,4.152047,1.0344291541650992,34.20462084663047,1.6254445895167213,True,1.058213,0.8961990450000878,7.325797293278548,-0.43951699245914,True,1.654685,0.4648625093694275,16.8263159561691,-0.8849941804992558,True
B_env_single,2010-07-16,Sensor Drift,Environmental Drift,Environmental Drift,2.5169663,False,3.6729012,0.8053670155980622,34.99735792242359,1.7373863149123208,True,1.8784221,0.8212838465226595,26.986059082341264,-1.7225651741075576,True,4.441928,1.0330337961258607,34.73765464275633,1.5267218534732756,True,0.9818951,0.8315655212172027,7.65736281449575,-1.4271257333115095,True,1.6096861,0.45222065066517925,16.77853660683428,-0.9612390387025134,True
B_env_single,2010-07-17,Sensor Drift,Environmental Drift,Environmental Drift,2.5529451,False,3.8715596,0.8489273972880375,35.346285319711626,1.5960816850699437,True,1.7545551,0.7671266937371054,27.253185776078368,-1.566482712069858,True,4.6905136,1.0266611546081301,35.26431579736446,1.385146426762416,True,0.8915011,0.7550110077170298,7.91237382221278,-1.7189689258305623,True,1.5565959,0.437305636546441,16.71584224338072,-1.1107502118113302,True
B_env_single,2010-07-18,Sensor Drift,Environmental Drift,Environmental Drift,2.5753274,False,4.055698,0.8893039022210839,35.73558922193271,1.4269953186894788,True,1.638304,0.7162993756694637,27.469485151747833,-1.4294803746628864,True,4.8943334,1.0208306343715121,35.785146431735974,1.2806634585686043,True,0.79029495,0.6692996383382409,8.081673460551022,-1.6001200950747545,True,1.4980068,0.4208457809844675,16.63668802436519,-1.4326754452566317,True
B_env_single,2010-07-19,Sensor Drift,Environmental Drift,Environmental Drift,2.5962934,False,4.227411,0.9269558509644469,36.16254507289716,1.3457814450065628,True,1.5416154,0.6740251675753512,27.643510319323184,-1.3489352827721945,True,5.0593543,1.0162419119543027,36.30138834369028,1.235579633974198,True,0.6883651,0.5829754023657979,8.16464886291682,-1.5236561601382832,True,1.4647223,0.4114949154752938,16.548182939840483,-1.4353825534536346,True
B_env_single,2010-07-20,Sensor Drift,Environmental Drift,Environmental Drift,2.6105056,False,4.3357854,0.9507194430159814,36.613264515913144,1.2389636577400234,True,1.4867438,0.6500342210398086,27.793544540362994,-1.209222120751542,True,5.1273956,1.0065449325869342,36.80793327627721,1.1042755109541302,True,0.6252066,0.5294865504232706,8.19413541334009,-1.3586084790883255,True,1.4773976,0.4150558741332959,16.463238813973778,-0.982985224612061,True
B_env_single,2010-07-21,Sensor Drift,Environmental Drift,Environmental Drift,2.632125,False,4.607053,1.0042465870181827,37.117511102931324,1.4450871103434462,True,1.3693049,0.5986875723864564,27.89223211274945,-1.3192137796129708,True,5.2667828,1.0131383892544812,37.32107166553169,1.1547200055185716,True,0.51201195,0.4336221708656294,8.12775758420572,-1.4209515181382857,True,1.4054745,0.3948500258998388,16.358088839873616,-1.3529026149046308,True
B_env_single,2010-07-22,Sensor Drift,Environmental Drift,Environmental Drift,2.6357813,False,4.8108253,1.021194871297677,37.638705974229,1.4624699992451022,True,1.2856724,0.5621217789590199,27.95435389170847,-1.335105458499223,True,5.313658,1.0043413972260193,37.82541306275771,1.0834763810898118,True,0.45177445,0.3826071222936575,8.010364706499377,-1.3070843317352971,True,1.3169754,0.36998731529378137,16.228076155167397,-1.6526332933904602,True
B_env_single,2010-07-23,Sensor Drift,Environmental Drift,Environmental Drift,2.642151,False,4.889016,1.0078985451041453,38.146604519333145,1.2760885010931384,True,1.2467802,0.5451172986048264,27.999471190313297,-1.2227303518851675,True,5.3274765,1.0012725660718127,38.32668562882952,0.9714177798524789,True,0.45807227,0.38794074261204164,7.898305449111419,-1.019342238839209,True,1.2894088,0.36224284643449983,16.090319001601898,-1.4372667078133865,True
B_env_single,2010-07-24,Sensor Drift,Environmental Drift,Environmental Drift,2.6459286,False,4.9252462,1.0036174765757746,38.65022199590892,1.0818301867805005,True,1.2156125,0.5314901870406215,28.03096137735392,-1.130029328764275,True,5.3406954,1.0012142831235737,38.8278999119531,0.8923720823435102,True,0.46673447,0.39527674210872876,7.793582191220148,-0.7791313730977886,True,1.2813534,0.3599797716060837,15.950298773207983,-1.1679117388082756,True
B_env_single,2010-07-25,Sensor Drift,Environmental Drift,Environmental Drift,2.648338,False,4.958476,1.0032946131759706,39.15351660908489,0.9424952915254143,True,1.1894921,0.5200698135001413,28.051031190854058,-1.052338673993833,True,5.347201,1.0005964973650667,39.32849640931816,0.8053497150288752,True,0.47134298,0.39917968414712385,7.692761875367271,-0.5685669317018895,True,1.2751762,0.35824437024670186,15.808543143454685,-0.9428874743477476,True
B_env_single,2010-07-26,Sensor Drift,Environmental Drift,Environmental Drift,2.6100156,False,4.9046717,0.9924078686328349,39.64592447771772,0.5680879692719533,True,1.1451883,0.5006993142842131,28.05173050513827,-1.1251976870582985,True,5.2931643,0.9904848798499984,39.818981289168164,0.06713913741592611,True,0.46684137,0.39536727635102503,7.588129151718297,-0.4284887983437784,True,1.2402109,0.3484213247273787,15.656964468182064,-1.02500574125624,True
B_env_single,2010-07-27,Sensor Drift,Environmental Drift,Environmental Drift,2.6144114,False,4.9199595,0.9955012069007412,40.14142568461846,0.5041997073031578,True,1.125766,0.49220749824572957,28.043938003384,-1.183236483027517,True,5.3256974,0.9965726583962827,40.315553947564446,0.33081480887074816,True,0.47071332,0.39864642307345916,7.486775574791756,-0.018407036584114047,True,1.22992,0.34553023943365846,15.502494707615721,-1.050331766476632,True
B_env_single,2010-07-28,Sensor Drift,Environmental Drift,Environmental Drift,2.6312995,False,4.985212,1.002634802934515,40.64406048755298,1.2920229746318295,True,1.0925503,0.47768490105395645,28.021622904437955,-1.3529139475723315,True,5.368245,1.001924563775107,40.81747851133955,1.5435879230348433,True,0.48170033,0.407951308874313,7.39472688366607,1.5487003400050916,True,1.2287894,0.34521261724653474,15.347707324862256,-1.1031669059613425,True
B_env_single,2010-07-29,Sensor Drift,Environmental Drift,Environmental Drift,2.6470084,False,5.0758166,1.0088238192576218,41.1528843068106,1.9533351669153258,True,1.0571883,0.4622239229042217,27.983846827342177,-1.4138623202885348,True,5.3934736,1.0022972883598247,41.31977579969938,1.5889824291657584,True,0.4930572,0.41756941740917763,7.312296301075247,1.7851474156887635,True,1.2155048,0.3414804560768734,15.189187780939129,-1.2112029051055326,True
B_env_single,2010-07-30,Sensor Drift,Environmental Drift,Environmental Drift,2.645453,False,5.1226015,1.0044953024426788,41.657379609253276,1.6471089502854637,True,1.0316502,0.4510581589493692,27.934904986291546,-1.351706706337416,True,5.384469,0.9991478400304923,41.818923639729874,0.9744619478880645,True,0.49788404,0.42165726434276707,7.233953565418014,1.5274065844280849,True,1.1906602,0.33450070516579755,15.023688486104927,-1.457784018404677,True
B_env_single,2010-07-31,Sensor Drift,Environmental Drift,Environmental Drift,2.6480746,False,5.1514015,1.0027469748772808,42.16012658413056,1.3549365785601613,True,0.99929875,0.4369134628426717,27.871818449134217,-1.377836090063883,True,5.403163,1.0008794751894687,42.319803114919345,1.103838313181358,True,0.5087485,0.43085833990147865,7.1648119053194925,1.5328634041877474,True,1.1777607,0.3308767512174138,14.85456523732234,-1.388803539361844,True
B_env_single,2010-08-01,Sensor Drift,Environmental Drift,Environmental Drift,2.6792574,False,5.2880483,1.0128243123302199,42.672950896460776,1.6274937768045585,True,0.96474993,0.4218080260006871,27.793626475134904,-1.4333801766523344,True,5.448062,1.0040545990467091,42.823857713966056,1.4515179608729796,True,0.5222947,0.4423306210156043,7.107142526335097,1.5264939224569638,True,1.173132,0.3295763556138892,14.68414159293623,-1.282033249463934,True
B_env_single,2010-08-02,Sensor Drift,Environmental Drift,Environmental Drift,2.7072482,False,5.3898964,1.0093456305895228,43.1822965270503,1.5666813881031656,True,0.93140876,0.40723059783980853,27.700857072974713,-1.409322227688718,True,5.509282,1.0054747813013103,43.329332495267366,1.77212464253804,True,0.5365347,0.4543904787008637,7.061533005035961,1.5296072391595963,True,1.1691177,0.3284486026057487,14.512590195541978,-1.0870225033762801,True
B_env_single,2010-08-03,Sensor Drift,Environmental Drift,Environmental Drift,2.7108097,False,5.4186397,1.0026059869245227,43.68490251397482,1.3056067253991877,True,0.9113429,0.39845740823980774,27.59931448121452,-1.3055490519206399,True,5.524202,1.0013251451031255,43.83065764037049,1.461740108202167,True,0.5459595,0.46237228239538586,7.023905287431346,1.4246047408533449,True,1.1539032,0.3241743001491664,14.336764495691146,-1.2406442552020023,True
B_env_single,2010-08-04,Sensor Drift,Environmental Drift,Environmental Drift,2.7206118,False,5.457676,1.0035170736154693,44.18841958759029,1.192316221806853,True,0.8983964,0.3927969185504061,27.492111399764926,-1.1828242513237115,True,5.54155,1.0015363429974113,44.3321939833679,1.2570501376674055,True,0.55191934,0.46741968629123315,6.9913249737225795,1.2660367387095661,True,1.1535176,0.324065958966612,14.160830454657757,-1.0461447178538184,True
B_env_single,2010-08-05,Sensor Drift,Environmental Drift,Environmental Drift,2.8018734,False,5.727886,1.0236624838969934,44.71208207148728,1.7626600169813997,True,0.83988684,0.36721537876421945,27.359326778529145,-1.538322240775105,True,5.748477,1.0179551364828732,44.85014911985078,1.9700547510987794,True,0.552235,0.46768702353528163,6.9590119972578615,0.9905962587715517,True,1.1408851,0.32051702333319637,13.981347477990953,-1.4500088174717143,True
B_env_single,2010-08-06,Sensor Drift,Environmental Drift,Environmental Drift,2.861724,False,5.8770323,1.0125916953772205,45.2246737668645,1.6143515599046403,True,0.8631509,0.37738688837814344,27.23671366690729,-0.9428763894621691,True,5.8395386,1.0076998806705408,45.35784900052132,1.6623044373005285,True,0.5583025,0.472825592662011,6.931837589919873,1.0437466902589165,True,1.1705955,0.3288637820926501,13.810211260083603,0.5892548097624702,True
B_env_single,2010-08-07,Sensor Drift,Environmental Drift,Environmental Drift,2.8849707,False,5.978696,1.0084021185912742,45.733075885455776,1.446794698300325,True,0.79519504,0.3476752266923613,27.084388893599648,-1.5799242021020086,True,5.9575763,1.0098035667457619,45.86765256726708,1.5629628455504407,True,0.55833614,0.4728540628670041,6.904691652786877,0.9037320201319196,True,1.135049,0.31887743777699473,13.629088697860599,-1.4345851027462913,True
B_env_single,2010-08-08,Sensor Drift,Environmental Drift,Environmental Drift,2.9271402,False,6.0571604,1.006388011926508,46.23946389738229,1.270665158400457,True,0.8130256,0.35547110117668,26.939859994776327,-1.0030640520863794,True,6.0158706,1.004770793980419,46.3724233612475,1.324049288416647,True,0.5794748,0.4907563700662686,6.895448022853145,1.8652777512649459,True,1.1701701,0.32874425514348893,13.457832953004088,0.964229858701127,True
B_env_single,2010-08-09,Sensor Drift,Environmental Drift,Environmental Drift,2.9797523,False,6.2081165,1.012058482319545,46.75152237970183,1.3054413459400507,True,0.83459646,0.36490231452664,26.804762309302966,-0.3786913648613924,True,6.0619726,1.0037404490580162,46.87616381030551,1.1415469914019838,True,0.5905093,0.5001014624598121,6.895549485312957,1.7227265614828786,True,1.2035658,0.33812636712045957,13.295959320124547,1.8469021053007426,True
B_env_single,2010-08-10,Sensor Drift,Environmental Drift,Environmental Drift,3.0164645,False,6.306051,1.0076681523652014,47.25919053206703,1.248721066915934,True,0.8494235,0.371385008149159,26.676147317452124,0.22234190158253408,True,6.0850205,1.0018593991251294,47.378023209430644,0.9773377116220175,True,0.6063118,0.5134845789282073,6.9090340642411645,1.6526835379045,True,1.2355145,0.3471019401128778,13.143061260237426,1.7510650794785751,True
B_env_single,2010-08-11,Sensor Drift,Environmental Drift,Environmental Drift,3.0513728,False,6.3887587,1.0063839606742508,47.76557449274128,1.309195750421045,True,0.85702026,0.3747064514354878,26.55085376888761,0.8601005974929808,True,6.114421,1.0023616616526982,47.88038487108334,1.0284655559563134,True,0.62609893,0.5302422728327589,6.939276337073924,1.6031037309762242,True,1.2705642,0.3569486967781819,13.000009957015608,1.6246597784302184,True
B_env_single,2010-08-12,Sensor Drift,Environmental Drift,Environmental Drift,3.0925043,False,6.4815607,1.0070653175470676,48.27263981028835,1.3282865469585377,True,0.8513404,0.3722231088936615,26.42307687778127,0.54503512196341,True,6.177474,1.005026542297632,48.38541141338098,1.270680158301873,True,0.6491511,0.5497651101577198,6.989041447231644,1.574523388695919,True,1.3029935,0.3660593027375427,12.866069259753152,1.501917438189079,True
B_env_single,2010-08-13,Sensor Drift,Environmental Drift,Environmental Drift,3.105258,False,6.5378213,1.0042345027864763,48.77687431307482,1.2275457240033096,True,0.8590042,0.37557387006983994,26.29865074785111,0.8981434492326864,True,6.1687326,0.9992778283770677,48.884689241758046,1.0779227432861749,True,0.6615286,0.5602475973365542,7.049289044568198,1.368411513202228,True,1.2992032,0.36499444454882635,12.731063704301977,1.0547799133926163,True
B_env_single,2010-08-14,Sensor Drift,Environmental Drift,Environmental Drift,3.1394327,False,6.6392164,1.0075397778894675,49.28441409096429,1.321508160365156,True,0.86797106,0.3794943625419237,26.178145110393032,1.1178558638795193,True,6.198717,1.0016820618404976,49.386371303598544,1.2047903604003156,True,0.67836154,0.5745033962587087,7.123792440826906,1.3683646830792755,True,1.312898,0.36884184590679353,12.59990555020877,1.0295380059519017,True
B_env_single,2010-08-15,Sensor Drift,Environmental Drift,Environmental Drift,3.1643288,False,6.706066,1.0049085623626612,49.78932265332695,1.34074268340768,True,0.8607832,0.37635169323281153,26.054496803625845,0.6088129355241431,True,6.2747293,1.0059713099183871,49.89234261351693,1.643674314847613,True,0.66895115,0.5665337580241215,7.190326198851028,0.8667280088261784,True,1.311115,0.36834093120278577,12.468246481411557,0.8156440143435397,True
B_env_single,2010-08-29,Sensor Drift,Environmental Drift,Environmental Drift,3.8193336,False,7.0464416,1.0242430608088662,50.31356571413581,1.8780962798112755,True,0.6468291,0.2828066720937582,25.837303475719605,-2.261085108343283,True,6.6088934,1.0254052046208653,50.4177478181378,2.12946971312825,True,0.7900301,0.6690753597552902,7.359401558606318,2.0541775438065875,True,4.0044737,1.0559294170370521,13.02417589844861,2.2669693419267505,True
B_env_single,2010-08-30,Sensor Drift,Environmental Drift,Environmental Drift,4.012491,False,6.8892007,0.9884935694706332,50.80205928360645,0.9437436157483104,True,0.6282488,0.2746829845104003,25.611986460230003,-1.5462293921992398,True,7.145755,1.038220810720604,50.9559686288584,2.037075727471536,True,0.94994354,0.8045058028693668,7.663907361475685,2.019461849705325,True,4.4493093,1.0515131096223298,13.575689008070938,1.612970873623533,True
B_env_single,2010-08-31,Sensor Drift,Environmental Drift,Environmental Drift,4.109869,False,6.9120545,0.9901817239675803,51.29224100757403,0.7972982933145895,True,0.66233283,0.28958520277012023,25.401571663000123,-0.9202983061605253,True,7.4555054,1.020780864409709,51.47674949326811,1.6741869212391676,True,1.0952647,0.9275780568947991,8.091485418370484,1.782726115863488,True,4.4241877,0.9971124493770749,14.072801457448014,1.1467705676915898,True
B_env_single,2010-09-01,Sensor Drift,Environmental Drift,Environmental Drift,4.1443453,False,6.8862977,0.9864919457591401,51.77873295333317,0.4686853842215619,True,0.7737518,0.3382998085443285,25.23987147154445,0.15361589411775062,True,7.50753,1.0034071160964937,51.980156609364606,1.2497525914226113,True,1.2426927,1.0198890816659723,8.611374500036456,1.6081951083651498,True,4.3114567,0.9717054205299703,14.544506877977984,0.8073136459713606,True
B_env_single,2010-09-02,Sensor Drift,Environmental Drift,Environmental Drift,4.0524154,False,6.5205817,0.9341015489452024,52.21283450227837,-1.5248346434834097,True,0.8821222,0.385681531834758,25.12555300337921,1.0780916520078598,True,7.288671,0.9741558352911217,52.45431244465573,0.6533425822944423,True,1.2827696,1.0155467986763158,9.126921298712773,1.264015136427319,True,4.2879333,0.9664037905626869,15.01091066854067,0.5775247081201142,True
B_env_single,2010-09-03,Sensor Drift,Environmental Drift,Environmental Drift,4.048143,False,6.426957,0.9206894210139195,52.63352392329229,-1.5118101611547217,True,0.98319566,0.4298728693215734,25.055425872700784,1.50553197926907,True,6.898487,0.9220064177748939,52.87631886243062,-0.2781255373832831,True,1.2215754,0.9671004081789649,9.594021706891738,0.7752634528718098,True,4.7105,1.0279286073875609,15.538839275928233,0.666519554018906,True
B_env_single,2010-09-04,Sensor Drift,Environmental Drift,Environmental Drift,4.108961,False,6.4605017,0.9254948215879596,53.05901874488025,-1.0733229906657065,True,1.0729884,0.4691320516838925,25.024557924384677,1.505971218147252,True,6.491178,0.8675681680437287,53.243887030474355,-1.4066121059901542,True,1.1431639,0.9050233917477352,9.999045098639472,0.22276095758087905,True,5.3769717,1.06466244844266,16.103501724370894,1.9844296045744039,True
B_env_single,2010-09-05,Sensor Drift,Environmental Drift,Environmental Drift,4.2314024,False,6.7183304,0.9624299003789257,53.52144864525918,0.1420671007299578,True,1.1275817,0.493001348521819,25.017559272906496,1.2831554556969484,True,6.2043033,0.8292263727229465,53.573113403197304,-1.6039995518885812,True,1.0625005,0.8411635190029055,10.340208617642379,-0.686171039529802,True,6.044295,1.0571927225876834,16.660694446958576,1.8697931464602735,True
B_env_single,2010-09-06,Sensor Drift,Environmental Drift,Environmental Drift,4.354121,False,7.033622,0.9990713163776668,54.02051996163684,1.3374290350293316,True,1.1485116,0.5021523349655093,25.019711607872004,1.072026777134336,True,6.0062294,0.8027531226646124,53.875866525861916,-1.3549821066440075,True,0.9648924,0.7638888581511623,10.604097475793541,-1.596432597125993,True,6.6173525,1.044314029166061,17.205008476124636,1.6250525924667625,True
B_env_single,2010-09-07,Sensor Drift,Environmental Drift,Environmental Drift,4.4384418,False,7.345933,1.020384369388937,54.54090433102578,1.6936377357993708,True,1.1556939,0.5052925546020473,25.02500416247405,0.9170317015908459,True,5.738111,0.7669181830317112,54.14278470889363,-1.2827678029870817,True,0.89674264,0.7099358661632728,10.814033341956813,-1.494614141587154,True,7.055728,1.0313998492756826,17.73640832540032,1.4052306333092772,True
B_env_single,2010-09-08,Sensor Drift,Environmental Drift,Environmental Drift,3.823253,False,7.083579,0.9814613480454969,55.02236567907128,0.794654651356021,True,1.0654145,0.4658206155706324,24.990824778044683,0.03218967171640831,True,5.440525,0.7271448000837047,54.369929508977336,-1.3185305960009432,True,0.87639606,0.6938278240174329,11.007861165974246,-1.17890257271937,True,4.650349,0.679783777143478,17.916192102543796,-0.8315879653577097,True
B_env_single,2010-09-09,Sensor Drift,Environmental Drift,Environmental Drift,3.570177,False,6.905324,0.9567633146500253,55.479128993721304,0.15346037480353386,True,1.1247479,0.4917623354062522,24.982587113450936,0.4568799095609429,True,5.1385207,0.6867808864428316,54.55671039542017,-1.3990348917795798,True,0.8314209,0.6582217551413211,11.166082921115567,-1.1460869345130025,True,3.8508713,0.5629168424533851,17.979108944997183,-1.4007293429737437,True
B_env_single,2010-09-10,Sensor Drift,Environmental Drift,Environmental Drift,3.3463297,False,6.7381005,0.9335937622741783,55.91272275599548,-0.5520713976083289,True,1.1959465,0.5228917841848179,25.005478897635754,1.489548105122729,True,5.1422377,0.68727766895426,54.74398806437443,-1.1315020944471883,True,0.6519392,0.5161291639581985,11.182212085073767,-1.6603402089867798,True,3.0034223,0.43903751458530804,17.91814645958249,-1.503614583758382,True
B_env_single,2010-09-11,Sensor Drift,Environmental Drift,Environmental Drift,2.9868624,False,6.376914,0.883549767523025,56.29627252351851,-1.6346302997254307,True,1.2308178,0.5381382335618926,25.043617131197646,1.5230110333031994,True,4.7276106,0.6318613408134874,54.875849405187914,-1.437894765645659,True,0.45534062,0.3604854114018899,11.042697496475656,-1.7851309765204653,True,2.1436298,0.31335383883689644,17.731500298419387,-1.3973860400747653,True
B_env_single,2010-09-12,Sensor Drift,Environmental Drift,Environmental Drift,3.0968268,False,6.3442698,0.879026758635906,56.67529928215442,-1.3149635940737414,True,1.4064317,0.620789710816982,25.16440684201463,1.989714049261309,True,4.6010804,0.6149501503381782,54.990799555526095,-1.2833324286019716,True,0.5490517,0.4346748748411227,10.977372371316779,-1.0152045256096602,True,2.583301,0.3776245834738268,17.609124881893216,-0.8709036435143388,True
B_env_single,2010-09-13,Sensor Drift,Environmental Drift,Environmental Drift,3.1692867,False,6.3163157,0.8751535936782887,57.05045287583271,-1.0238681943907082,True,1.4950064,0.6885413156710078,25.352948157685635,1.6423348592913458,True,4.5862803,0.6129720700829233,55.10377162560902,-1.0612871600221612,True,0.6447832,0.5104638692861809,10.98783624060296,-0.32797638886813024,True,2.8040485,0.40989324653764353,17.519018128430858,-0.5462877677252955,True
B_env_single,2010-09-14,Sensor Drift,Environmental Drift,Environmental Drift,3.2299416,False,6.279189,0.8700095464689533,57.42046242230167,-0.913042261763308,True,1.586657,0.7672242921252663,25.6201724498109,1.4513866387886554,True,4.5922537,0.6137704273017383,55.21754205291076,-0.8593777175857505,True,0.7473359,0.5916531035116817,11.079489344114641,0.45132755281364123,True,2.9442723,0.43039102461629314,17.44940915304715,-0.2322958112125224,True
B_env_single,2010-09-15,Sensor Drift,Environmental Drift,Environmental Drift,3.2910252,False,6.2187567,0.8616363642557203,57.78209878655739,-0.9034301964184756,True,1.6861715,0.8662251833478215,25.986397633158724,1.3963225122918643,True,4.6169753,0.617074556782816,55.334616609693576,-0.6059350852788019,True,0.8626331,0.6829319303581387,11.26242127447278,1.255698259186897,True,3.0705879,0.448855722388999,17.398264875436148,0.3002041222637834,True
B_env_single,2010-09-16,Sensor Drift,Environmental Drift,Environmental Drift,3.3682299,False,6.247161,0.8655718973171856,58.14767068387458,-0.6438587884102924,True,1.7707987,0.9699357150732213,26.456333348231944,1.322255792263975,True,4.66129,0.6229973897141295,55.457613999407705,-0.2138256089059869,True,0.9916523,0.7850742327206619,11.547495507193442,1.5883605990076703,True,3.1702466,0.4634237438993128,17.36168861933546,1.000093096195122,True
B_env_single,2010-09-17,Sensor Drift,Environmental Drift,Environmental Drift,3.416927,False,6.1541853,0.8526897126130365,58.500360396487615,-1.5942643261811944,True,1.8697281,1.0266165200968926,26.982949868328838,1.3251221993716638,True,4.6498957,0.6214744756803783,55.579088475088085,0.3237361491911523,True,1.1210077,0.8874826752983326,11.934978182491776,1.474875594889906,True,3.2898192,0.48090276279634026,17.3425913821318,1.0996400383534315,True
B_env_single,2010-09-18,Sensor Drift,Environmental Drift,Environmental Drift,3.4418662,False,6.1554794,0.8528690209115998,58.85322941739921,-1.2066146626337182,True,1.7984383,0.9801842903909854,27.463134158719825,0.8209667833534782,True,4.9251275,0.6582601531587557,55.73734862824684,2.2027284559800515,True,1.1634609,0.9210921263050612,12.356070308796836,1.2522703335083067,True,3.166825,0.46292358558148305,17.305514967713282,0.6633409848667361,True
B_env_single,2010-09-19,Sensor Drift,Environmental Drift,Environmental Drift,3.509347,False,6.093934,0.8443416362043186,59.19757105360353,-1.4669136950044854,True,1.8980316,1.0073606783872857,27.97049483710711,1.1387390156253163,True,5.0148325,0.6702495322430982,55.90759816048994,1.6865782904512623,True,1.2959273,1.0049999111347756,12.861070219931612,1.3599292675893078,True,3.2440066,0.4742059179013769,17.27972088561466,0.8425071358505829,True
B_env_single,2010-09-20,Sensor Drift,Environmental Drift,Environmental Drift,3.5291865,False,5.9520416,0.8246818092317791,59.52225286283531,-1.8620918573443825,True,1.9115016,1.0034649177000732,28.473959754807183,1.029123893339965,True,5.2434053,0.7007990755937308,56.10839723608367,1.7136151255042869,True,1.3676153,1.0263620702800627,13.387432290211676,1.2849824382734203,True,3.1713672,0.463587547403863,17.24330843301852,0.1782936388056387,True
B_env_single,2010-09-24,Sensor Drift,Environmental Drift,Environmental Drift,3.6021643,False,5.780248,0.8008790620388981,59.823131924874204,-1.8460166070322557,True,1.5750947,0.8268641968670495,28.800823951674232,-1.7297840864443748,True,5.4051313,0.7224143089107378,56.330811544994404,1.5253412802631985,True,1.2720172,0.9546180188161485,13.842050309027824,0.6624552173793378,True,3.978332,0.5815489334670175,17.32485736648554,2.2104965177014266,True
B_env_single,2010-09-25,Sensor Drift,Environmental Drift,Environmental Drift,3.4508255,False,5.4003496,0.7482424304962121,60.071374355370416,-1.9293404465503432,True,1.4729084,0.7732203040558207,29.07404425573005,-1.6749664881284407,True,5.540526,0.7405102571650658,56.57132180215947,1.3684248169637019,True,1.2377106,0.92887171537442,14.270922024402244,0.244209900443296,True,3.6026318,0.5266294172385722,17.35148678372411,0.7413308150625575,True
B_env_single,2010-09-26,Sensor Drift,Environmental Drift,Environmental Drift,3.317274,False,5.059,0.7009469267283053,60.27232128209872,-1.7526635793910128,True,1.4052054,0.7376788258962612,29.31172308162631,-1.3940983129835736,True,5.5894785,0.7470529370118575,56.818374739171325,1.134270477214785,True,1.2010589,0.9013654825364211,14.672287506938666,-0.4296763356056105,True,3.3316293,0.4870145155137742,17.338501299237883,-0.22406945089012195,True
B_env_single,2010-09-27,Sensor Drift,Environmental Drift,Environmental Drift,3.2046912,False,4.8575735,0.6730383894786024,60.44535967157733,-1.468986275566958,True,1.4158599,0.7432720650639584,29.55499514669027,-0.9957018340690247,True,5.563012,0.7435156160991806,57.061890355270506,0.8732772292060459,True,1.1522177,0.8647114100975966,15.036998917036263,-1.1596412571596209,True,3.0347915,0.44362303686204796,17.28212433609993,-1.0045685100974713,True
B_env_single,2010-09-28,Sensor Drift,Environmental Drift,Environmental Drift,3.066346,False,4.6764026,0.6479363508341571,60.59329602241149,-1.302910020183413,True,1.4439932,0.7580409524772456,29.813036099167515,-0.6504428561969561,True,5.3844695,0.7196527844716486,57.281543139742155,-0.03435805090027928,True,1.1265357,0.8454376245473572,15.382436541583619,-1.3034395534067202,True,2.7003293,0.39473166386009695,17.176855999960026,-1.4544091848007692,True
B_env_single,2010-09-29,Sensor Drift,Environmental Drift,Environmental Drift,2.9025183,False,4.4082355,0.6107806190345619,60.70407664144605,-1.3152717801520333,True,1.5213499,0.7986502456343915,30.111686344801907,-0.0781159437779631,True,5.093248,0.6807300180958081,57.46227315783796,-1.6907720647372058,True,1.1057138,0.8298113624525539,15.712247904036172,-1.123291562296621,True,2.384044,0.34849735796099746,17.025353357921023,-1.4700493870102658,True
B_env_single,2010-10-01,Sensor Drift,Environmental Drift,Environmental Drift,2.8196228,False,4.421754,0.6126536441872033,60.816730285633255,-1.0230804574168955,True,1.4990654,0.7869517353123552,30.39863808011426,0.376822579756765,True,4.847843,0.6479308370452516,57.610203994883214,-1.7975986423223522,True,1.1162722,0.837735160064778,16.04998306410095,-0.8779628436240179,True,2.2131808,0.32352073899442246,16.848874096915445,-1.270299642303299,True
B_env_single,2010-10-02,Sensor Drift,Environmental Drift,Environmental Drift,2.7400155,False,4.0596075,0.5624766547400265,60.87920694037328,-1.4162952359784722,True,1.6549164,0.8687675253969384,30.767405605511197,1.9689849558575834,True,4.6207013,0.6175725501817,57.72777654506491,-1.5872888858834553,True,1.1623557,0.8723196693313819,16.422302733432332,0.10342979552384214,True,2.202498,0.32195913396710746,16.670833230882554,-1.0384871907499018,True
B_env_single,2010-10-03,Sensor Drift,Environmental Drift,Environmental Drift,2.6836286,False,3.8753471,0.5369465621285985,60.91615350250188,-1.432961175124656,True,1.8174429,0.9540876869295754,31.221493292440773,1.8712070421570366,True,4.511735,0.6030088243665511,57.83078536943147,-1.3014440411384556,True,1.153162,0.8654200518598911,16.787722785292225,0.2422252294263353,True,2.0604548,0.30119540173032544,16.47202863261288,-1.047825449854468,True
B_env_single,2010-10-04,Sensor Drift,Environmental Drift,Environmental Drift,2.6546388,False,3.8093255,0.5277989649479338,60.94395246744981,-1.230929217462197,True,1.9582869,1.011845207239382,31.73333849968015,1.672510639369328,True,4.335204,0.5794148734851021,57.91020024291657,-1.2491862429492033,True,1.1275705,0.8462142587019436,17.13393704399417,-0.34172130791755706,True,2.042806,0.29861549653366,16.27064412914654,-0.9112088682512922,True
B_env_single,2010-10-05,Sensor Drift,Environmental Drift,Environmental Drift,2.5625489,False,4.181969,0.5794304063253689,61.023382873775184,-0.07192000504574754,True,1.8125038,0.9365192175773212,32.16985771725747,0.7185806737191403,True,4.6617303,0.6230562133521088,58.033256456268674,-0.32658278390484347,True,1.0517409,0.7893059683087658,17.423243012302937,-1.8980134173842311,True,1.1048013,0.16149884151888258,15.93214297066542,-2.020079184364061,True
B_env_single,2010-10-06,Sensor Drift,Environmental Drift,Environmental Drift,2.6732705,False,4.3394136,0.6012450380722787,61.12462791184746,0.7298163706811911,True,1.7810007,0.9202416015902803,32.59009931884775,0.3574099414252592,True,4.9576826,0.662611254172578,58.19586771044125,0.9081926374287534,True,1.0770849,0.8083260348793476,17.731569047182283,-0.9194890214145189,True,1.2111701,0.17704773235516666,15.609190703020587,-1.3214771010386241,True
B_env_single,2010-10-07,Sensor Drift,Environmental Drift,Environmental Drift,2.7263641,False,4.468429,0.619120701226579,61.24374861307404,1.159995948043196,True,1.7431043,0.9006605658686494,32.9907598847164,-0.06397412868665894,True,5.055845,0.6757309648313519,58.3715986752726,1.3449277525885952,True,1.072127,0.8046052406748495,18.036174287857133,-0.8580494873286688,True,1.2923155,0.18890949343354968,15.298100196454136,-0.8758212079768057,True
B_env_single,2010-10-08,Sensor Drift,Environmental Drift,Environmental Drift,2.8777695,False,4.953582,0.6863407660688466,61.430089379142885,1.8139968963644189,True,1.7303288,0.8940594547661842,33.38481933948258,-0.5827810348874155,True,5.342116,0.7139920768090335,58.585590752081636,1.598316941341546,True,1.0471847,0.7858866666858776,18.32206095454301,-1.0718821907846674,True,1.315634,0.19231817465962017,14.990418371113757,-0.610036944046112,True
B_env_single,2010-10-09,Sensor Drift,Environmental Drift,Environmental Drift,2.9777727,False,5.074497,0.7030941336934144,61.6331835128363,1.40518044693535,True,1.7498423,0.9041420577341472,33.78896139721673,-0.6295768882691289,True,5.5143814,0.7370159546225254,58.822606706704164,1.392162256835448,True,1.0771921,0.808406462722335,18.630467417265343,-0.23889416056364354,True,1.4729534,0.21531498431103976,14.705733355424796,-0.06888793596840828,True
B_env_single,2010-10-10,Sensor Drift,Environmental Drift,Environmental Drift,3.0749438,False,5.2901506,0.7329738730049941,61.86615738584129,1.3146398041614347,True,1.742025,0.9001028816509957,34.189064278867725,-0.5754530682288018,True,5.6021233,0.7487429535144946,59.07134966021866,1.161257421424167,True,1.0900004,0.8180187977189229,18.948486214984268,0.46616559636374655,True,1.6504195,0.24125680671522437,14.44699016214002,0.6550157922824684,True
B_env_single,2010-10-11,Sensor Drift,Environmental Drift,Environmental Drift,3.1604254,False,5.401458,0.748395972311194,62.114553358152484,1.2113412620942843,True,3.6963775,1.2993849922312413,34.988449271098965,2.2660992718614144,True,4.2899866,0.5733713979246501,59.14472105814331,-1.6293460441786345,True,1.2237161,0.918369216820853,19.36685543180512,2.1961353447014385,True,1.19059,0.17403935901276926,14.121029521152789,-0.6929897059075408,True
C_annulus,2010-04-13,No Drift,No Drift,No Drift,1.8674071,True,0.045612734,0.011959355317604243,0.0,0.0,False,2.604964,0.8372390432801076,0.0,0.0,False,0.84105,0.13008274852132823,0.0,0.0,False,1.103564,0.7984171738396791,0.0,0.0,False,4.741844,0.23976320003229332,0.0,0.0,False
C_annulus,2010-04-14,No Drift,No Drift,No Drift,1.861326,True,0.057725508,0.01513524405533899,0.0,0.0,False,2.5144267,0.8081402265633542,0.30814022656335416,0.0,False,0.8550539,0.13224868658764263,0.0,0.0,False,1.0804908,0.7817239545339915,0.28172395453399146,0.0,False,4.7989345,0.24264987203098307,0.0,0.0,False
C_annulus,2010-04-15,No Drift,No Drift,No Drift,1.8981212,True,0.061306685,0.016074204953336,0.0,0.7812175109889802,False,2.4642332,0.7920079506518041,0.6001481772151582,-0.892303047642605,False,0.8929331,0.13810734688707002,0.0,1.1147201345143496,False,1.1003315,0.7960785085988497,0.5778024631328411,0.4431285731834446,False,4.9718013,0.25139058570743866,0.0,1.1214078130973022,False
C_annulus,2010-04-16,No Drift,No Drift,No Drift,1.9049612,True,0.063274466,0.01659014385313656,0.0,0.7949189394708929,False,2.4144852,0.7760188925872697,0.876167069802428,-1.0463535251944323,False,0.9080595,0.14044690404714597,0.0,1.0750614880618123,False,1.1300895,0.8176080972822021,0.8954105604150433,1.298651976190149,False,5.0088983,0.2532663305950084,0.0,0.9886790715090639,False
C_annulus,2010-04-17,No Drift,No Drift,No Drift,1.8297578,True,0.0636869,0.01669828139279738,0.0,0.7168561464454515,False,2.293531,0.7371440210355369,1.1133110908379649,-1.421452673064694,False,0.97498417,0.1507979503311367,0.0,1.5310316262155792,False,1.1076659,0.8013848361892772,1.1967953966043205,0.182449593847741,False,4.7089214,0.2380985180351036,0.0,-1.006941380419558,False
C_annulus,2010-04-18,No Drift,No Drift,No Drift,1.7998216,True,0.064745516,0.0169758433973264,0.0,0.7445669782787386,False,2.2089787,0.7099687985475885,1.3232798893855535,-1.4299720491360635,False,0.9714891,0.15025737387385482,0.0,1.1344322819463604,False,1.1066697,0.8006640726025531,1.4974594692068737,0.11748492477955498,False,4.647226,0.2349789872980896,0.0,-1.1318918799372557,False
C_annulus,2010-04-19,No Drift,No Drift,No Drift,1.7445723,True,0.058429807,0.015319906739697827,0.0,-0.1254549794924138,False,2.1211402,0.6817374114874528,1.5050173008730061,-1.4610057880337874,False,0.9716361,0.1502801168412158,0.0,0.9659305211833286,False,1.1238232,0.813074453785763,1.8105339229926365,1.0066774292854341,False,4.447832,0.22489698510727127,0.0,-1.6290397223229214,False
C_annulus,2010-04-20,No Drift,No Drift,No Drift,1.7332242,True,0.052229106,0.01369412419476173,0.0,-1.8104954990461855,False,2.0787637,0.6681175398295709,1.673134840702577,-1.290538267057251,False,0.96065986,0.14858245158686006,0.0,0.5653246185398567,False,1.1715399,0.8475970200419772,2.158130943034614,1.8819650126641283,False,4.402929,0.22262652802203056,0.0,-1.3140345476088109,False
C_annulus,2010-04-21,No Drift,No Drift,No Drift,1.7101932,True,0.051720463,0.013560761204388422,0.0,-1.4035535912552055,False,2.006893,0.645018163934864,1.8181530046374412,-1.2777862130842355,False,0.97953224,0.15150138745376082,0.0,0.795456926646287,False,1.2154962,0.8793989344682032,2.537529877502817,1.8702990224156515,False,4.297324,0.21728681049066487,0.0,-1.2380803912385228,False
C_annulus,2010-04-22,No Drift,No Drift,No Drift,1.7120256,True,0.052715935,0.815401995043717,0.315401995043717,-0.9204361669580918,False,1.9459378,0.749355367305436,2.067508371942877,-1.2590167952269948,False,1.0028718,1.0020989372050162,0.5020989372050162,1.2336846663725993,False,1.2580254,1.0030518554171324,3.0405817329199496,1.689171854772098,False,4.3005767,0.8591600321327743,0.35916003213277425,-0.9421317872059041,False
C_annulus,2010-04-23,No Drift,No Drift,No Drift,1.6903281,True,0.056212258,0.8696249764070408,0.6850269714507577,-0.16483274915058116,False,1.9009835,0.7322993642683191,2.2998077362111964,-1.2657923944773668,False,1.04037,1.0036173554217587,1.0057162926267749,1.9959359258984197,False,1.305808,1.003672671003495,3.5442544039234445,1.5515297334816294,False,4.148266,0.8287931190788917,0.6879531512116661,-1.370010715620223,False
C_annulus,2010-04-24,No Drift,No Drift,No Drift,1.7280033,True,0.052044325,0.8052773512865057,0.9903043227372634,-0.7054446586736209,False,1.7994652,0.6934342088792094,2.4932419450904058,-1.4997329246591584,False,1.2004383,1.0148859082974029,1.520602200924178,2.1510322396605344,False,1.3160508,1.0008568633069348,4.0451112672303795,1.2172979568020368,False,4.2720175,0.853581054955859,1.0415342061675252,-0.5491859559910407,False
C_annulus,2010-04-25,No Drift,No Drift,No Drift,1.6918601,True,0.065781064,1.0018926577668035,1.492196980504067,1.9770548172776101,False,1.6376959,0.6313157544054496,2.6245576994958553,-1.729999167222338,False,1.3994578,1.0173617127819223,2.0379639137061005,1.9597390833954291,False,1.2512128,0.951621731203678,4.496732998434058,0.23887186163047278,False,4.105153,0.820301103147591,1.3618353093151163,-1.4285659457018118,False
C_annulus,2010-04-26,No Drift,No Drift,No Drift,1.631831,True,0.18967149,1.092793403037996,2.084990383542063,2.256905203491375,False,1.3638512,0.5259348515611663,2.6504925510570216,-1.8431130081899842,False,1.5710016,1.0143996158555164,2.552363529561617,1.7083753147200051,False,1.1328113,0.8616374559405949,4.858370454374652,-1.529747924513449,True,3.9018197,0.7797283610314265,1.6415636703465428,-1.8144688028843357,False
C_annulus,2010-04-27,No Drift,No Drift,No Drift,1.6207023,True,0.18049759,0.9581205284071984,2.5431109119492614,1.3859324135550395,False,1.3217324,0.5098708155677706,2.660363366624792,-1.3994443657230506,False,1.7153609,1.0119224170924135,3.0642859466540306,1.5050949102776754,False,1.054467,0.8021097740179619,5.160480228392615,-1.7352105663056716,True,3.8314526,0.7657231695454897,1.9072868398920324,-1.5227342756506037,False
C_annulus,2010-04-28,No Drift,Environmental Drift,Environmental Drift,1.5675625,False,0.2735828,1.048225607096101,3.0913365190453623,1.6662599593571632,False,1.1471874,0.4426930197583002,2.6030563863830922,-1.407649653225662,False,1.8589923,1.0117253512505344,3.5760112979045653,1.3823730666242682,False,0.96378106,0.7331841318469192,5.3936643602395336,-1.6190636771470537,True,3.5942683,0.7183746935848941,2.1256615334769267,-1.66327360607153,False
C_annulus,2010-04-29,No Drift,Environmental Drift,Environmental Drift,1.5005021,False,0.35430598,1.0378326873756307,3.6291692064209933,1.5899966095270313,False,1.0412713,0.40196107031269307,2.5050174566957852,-1.2758660069452592,False,2.0117912,1.0123017604751443,4.088313058379709,1.3357016446197638,False,0.8131771,0.6186623070079502,5.512326667247484,-1.6257203827714863,True,3.2819645,0.6560041938802795,2.2816657273572063,-1.717991015503578,False
C_annulus,2010-04-30,No Drift,Environmental Drift,Environmental Drift,1.5421666,False,0.3706533,1.007554331829469,4.136723538250463,1.240654258777636,False,1.0684563,0.41259946182367063,2.417616918519456,-0.9397489726548749,False,2.2745445,1.0200316267262073,4.608344685105917,1.515467652485684,False,0.7220395,0.5493679586422016,5.561694625889685,-1.4342925388245344,True,3.2751396,0.6546885533445801,2.4363542807017864,-1.2324284858261774,False
C_annulus,2010-05-01,No Drift,Environmental Drift,Environmental Drift,1.5587231,False,0.38658437,1.0074732008917322,4.644196739142195,1.0539942439652923,False,1.0829482,0.4183419812053347,2.3359588997247904,-0.7128874652844894,False,2.3947895,1.0091204258831739,5.117465110989091,1.39153851846047,True,0.62958276,0.4790590324151248,5.54075365830481,-1.3627616672445269,True,3.2997105,0.6596491123781181,2.5960033930799042,-0.9194961147336235,False
C_annulus,2010-05-02,No Drift,Environmental Drift,Environmental Drift,1.6080891,False,0.40288907,1.0077487785017971,5.151945517643993,1.0092317126389965,True,1.1415864,0.4411481636356915,2.2771070633604817,-0.1983669427229257,False,2.5179152,1.0093781119206409,5.626843222909732,1.3104363485332513,True,0.5450151,0.41474254281959955,5.45549620112441,-1.3226724476658935,True,3.4330401,0.6863541003828102,2.7823574934627144,-0.316118933536615,False
C_annulus,2010-05-03,No Drift,Environmental Drift,Environmental Drift,1.6680024,False,0.43993276,1.0171290788500154,5.669074596494008,1.0832760718211187,True,1.238929,0.47893225097277775,2.2560393143332593,0.8972952596702009,False,2.6452923,1.009724117317275,6.136567340227007,1.2694916174734796,True,0.47603527,0.3622788954895,5.31777509661391,-1.2503076935610073,True,3.5398223,0.7077551334599578,2.9901126269226723,0.363031058401827,False
C_annulus,2010-05-05,No Drift,Environmental Drift,Environmental Drift,1.6777127,False,0.48700643,1.0207189999486994,6.1897935964427075,1.4713223100962745,True,1.3823018,0.5345428856411193,2.2905821999743785,1.8938290773296076,False,2.6987293,1.004175530235162,6.640742870462169,1.1245789429041226,True,0.48475832,0.36894619088906133,5.186721287502971,-0.9753371693693512,True,3.3357682,0.6670058503405764,3.1571184772632486,-0.44881083027993296,False
C_annulus,2010-05-06,No Drift,Environmental Drift,Environmental Drift,1.7661394,False,0.49748248,1.004654352141929,6.694447948584637,1.3779703449337328,True,1.5564433,0.6020950683960424,2.392677268370421,1.7794796588160602,False,2.7331991,1.0027822577077803,7.14352512816995,1.0163486950996239,True,0.5340406,0.40648626004365473,5.093207547546626,-0.5233575090634551,True,3.5095303,0.7018026262425708,3.3589211035058195,1.146224880291249,False
C_annulus,2010-05-07,No Drift,Environmental Drift,Environmental Drift,1.777581,False,0.3424098,0.6916349688039103,6.886082917388547,-1.2882951221188754,True,1.6500584,0.6385327845608652,2.531210052931286,1.492371335985083,False,2.5360641,0.9305731782702662,7.5740983064402165,-0.041347834920741955,True,0.5348485,0.4071329677400075,5.000340515286634,-0.29973519133137727,True,3.8245232,0.7648486623044612,3.6237697658102803,1.9154177299256148,False
C_annulus,2010-05-08,No Drift,Environmental Drift,Environmental Drift,1.824337,False,0.3986383,0.8053816126850025,7.19146453007355,-0.4203757574690049,True,1.7226185,0.6668454160288481,2.6980554689601344,1.288516224703655,False,2.5568535,0.9383202323872785,8.012418538827495,-0.22538892510178019,True,0.5496529,0.4184348480772738,4.918775363363908,0.26531833506114694,True,3.8939216,0.7787851040667815,3.9025548698770613,1.5033857364016736,False
C_annulus,2010-05-09,No Drift,Environmental Drift,Environmental Drift,1.8949599,False,0.29386437,0.5938291870830006,7.28529371715655,-1.5579458013580674,True,1.834925,0.7105696310913531,2.9086251000514873,1.2858290096465887,False,2.3957613,0.8793134328260254,8.39173197165352,-1.6049485910526011,True,0.58071774,0.4421181087110272,4.8608934720749355,1.3927323034916366,True,4.369531,0.8739719511874686,4.27652682106453,1.8698639142619677,False
C_annulus,2010-05-10,No Drift,Environmental Drift,Environmental Drift,1.9669429,False,0.21970308,0.4440610667255168,7.2293547838820675,-1.5825165071568685,True,1.9275792,0.7467114768936475,3.155336576945135,1.275275723737531,False,2.2385755,0.821725676238099,8.71345764789162,-1.7342472798781392,True,0.6173752,0.4700632004518211,4.8309566725267565,1.5578517261262597,True,4.8314815,0.966440669057776,4.742967490122306,1.7516076252893698,False
C_annulus,2010-05-11,No Drift,Environmental Drift,Environmental Drift,1.9731387,False,0.24246664,0.49017428489308723,7.219529068775155,-1.0055409184783732,True,1.9560897,0.7580218464892698,3.4133584234344045,1.1460470799103037,False,2.2001204,0.8077119935225726,9.021169641414192,-1.3319927950495742,True,0.6190337,0.47136272545892394,4.802319397985681,1.2087823613039208,True,4.847982,0.9698132217698967,5.2127807118922025,1.2509686513411538,True
C_annulus,2010-05-12,No Drift,Environmental Drift,Environmental Drift,2.0302656,False,0.25667185,0.5190016570588634,7.238530725834019,-0.6551877753344593,True,2.0043907,0.7770120063548772,3.690370429789282,1.166484154772472,False,2.193076,0.8052276834293982,9.32639732484359,-1.02578753639025,True,0.6263603,0.4769787629914275,4.779298160977108,1.1205845387254278,True,5.0708284,1.003431382508417,5.716212094400619,1.2176194550126682,True
C_annulus,2010-05-13,No Drift,Environmental Drift,Environmental Drift,2.0011725,False,0.29574424,0.5981344441088247,7.336665169942843,0.04794033372018578,True,1.9947729,0.7735551128135909,3.9639255426028726,0.8981468265112061,False,2.1476557,0.7886506558083881,9.615047980651978,-1.0319964075191945,True,0.6004649,0.4572948490113497,4.736593009988457,0.29676556085584416,True,4.967224,0.9830503086552392,6.199262403055859,0.8196481160487562,True
C_annulus,2010-05-14,No Drift,Environmental Drift,Environmental Drift,1.9736297,False,0.3372531,0.6822294853216078,7.51889465526445,0.7403989231794633,True,2.0061688,0.7782475924378979,4.242173135040771,0.8024706698749774,False,2.1342225,0.7838169955314283,9.898864976183406,-0.8569006581043911,True,0.575394,0.43823583409604805,4.674828844084505,-0.7183251780256409,True,4.8151107,0.953062748398826,6.652325151454685,0.31537816781848316,True
C_annulus,2010-05-15,No Drift,Environmental Drift,Environmental Drift,1.9703717,False,0.36907583,0.7467619811175618,7.765656636382012,1.5349135910125389,True,2.0033407,0.7774235329662362,4.519596668007007,0.6703684231344879,False,2.0920284,0.7684180092497771,10.167282985433182,-1.0947807176462678,True,0.5692594,0.43359740343973313,4.608426247524238,-1.248398855180208,True,4.8181543,0.9537820973997376,7.106107248854422,0.0044101744487675875,True
C_annulus,2010-05-16,No Drift,Environmental Drift,Environmental Drift,1.920889,False,0.41069826,0.831154042526426,8.096810678908438,1.503554599638355,True,1.9997256,0.7762933732162937,4.7958900412233,0.4955169483697319,True,2.0364625,0.7481029714102803,10.415385956843462,-1.6251005724837575,True,0.5620608,0.42814770360167564,4.536573951125914,-1.2686759698064258,True,4.595498,0.9098175167065599,7.515924765560982,-1.7263560665875914,True
C_annulus,2010-05-17,No Drift,Environmental Drift,Environmental Drift,1.936487,False,0.43865448,0.887918918846887,8.484729597755326,1.3689275579634372,True,2.0381494,0.7914876622766531,5.087377703499953,1.5687832458366417,True,2.004518,0.7364612772483635,10.651847234091825,-1.4805470226927144,True,0.5682751,0.43291521715700143,4.469489168282915,-0.7755353747471145,True,4.632838,0.9173225069891096,7.933247272550091,-1.1156932804543807,True
C_annulus,2010-05-18,No Drift,Environmental Drift,Environmental Drift,1.9781106,False,0.46804604,0.9476138872247122,8.932343484980038,1.3024825394057784,True,2.0715432,0.8047386524330441,5.392116355932997,1.9581370743624686,True,1.9625387,0.7211293749507904,10.872976609042615,-1.4248738409422985,True,0.5692786,0.4337135349264223,4.403202703209337,-0.527837048624364,True,4.819146,0.9543294207422466,8.387576693292337,0.012920744493291086,True
C_annulus,2010-05-19,No Drift,Environmental Drift,Environmental Drift,1.9794624,False,0.5094826,1.0083122800355118,9.44065576501555,1.4021613520528644,True,2.0964725,0.8147095510770066,5.706825907010004,1.6571452398356947,True,1.9285653,0.7087356909550007,11.081712299997616,-1.3638735469902392,True,0.5600877,0.4267445970296022,4.329947300238939,-0.8920322592806529,True,4.802704,0.9511900265988033,8.83876671989114,0.19054345673606277,True
C_annulus,2010-05-20,No Drift,Environmental Drift,Environmental Drift,1.9845601,False,0.5655964,1.0370391079856691,9.977694873001218,1.5488056712468052,True,2.099811,0.8162941561466247,6.023120063156629,1.2406347858567375,True,1.9813786,0.7282364948004597,11.309948794798075,-0.5291197372241827,True,0.54162014,0.4127059279442818,4.242653228183221,-2.012455599993564,True,4.7343936,0.9377759953559308,9.276542715247071,-0.11593771288862997,True
C_annulus,2010-05-21,No Drift,Environmental Drift,Environmental Drift,2.0150938,False,0.619102,1.033033387252732,10.51072826025395,1.5475118397139564,True,2.112712,0.82159847837211,6.344718541528739,1.1207200244120505,True,2.051005,0.7539224932942188,11.563871288092294,0.7666434736562777,True,0.52590376,0.40076157990919964,4.143414808092421,-1.8446215589089692,True,4.766748,0.9443004962579026,9.720843211504974,0.3113442700281044,True
C_annulus,2010-05-22,No Drift,Environmental Drift,Environmental Drift,1.995673,False,0.686221,1.038602409023807,11.049330669277758,1.5740571225646425,True,2.1058478,0.8192175893384447,6.663936130867183,0.7404019506860069,True,2.1018314,0.77270357286849,11.836574860960784,1.5783187466011193,True,0.50125587,0.3820086302442465,4.025423438336668,-1.788223068999286,True,4.5832086,0.9080524495964445,10.128895661101419,-1.2245866835401478,True
C_annulus,2010-05-23,No Drift,Environmental Drift,Environmental Drift,2.033556,False,0.74724907,1.0328993108937905,11.58222998017155,1.495344771522046,True,2.0991147,0.8168859600849534,6.980822090952136,0.3875782428417459,True,2.138785,0.7863885507076063,12.12296341166839,1.5007825171463767,True,0.48104954,0.36663794278642553,3.892061381123094,-1.5800905259859468,False,4.7015815,0.9316195031417892,10.560515164243208,-0.2120325089575505,True
C_annulus,2010-05-24,No Drift,Environmental Drift,Environmental Drift,2.0439901,False,0.8187622,1.036201981172656,12.118431961344205,1.4753469858360442,True,2.0723078,0.8067381239846846,7.287560214936821,-1.3560876025347748,True,2.175608,0.8000290407609751,12.422992452429366,1.346550970529373,True,0.4542429,0.34623394552131953,3.7382953266444137,-1.5332193098204718,False,4.69903,0.9312281872588721,10.99174335150208,-0.38386088603890167,True
C_annulus,2010-05-25,No Drift,Environmental Drift,Environmental Drift,2.0649729,False,0.8888202,1.0333959952338319,12.651827956578037,1.446605430825512,True,2.0574362,0.8012310916908103,7.588791306627632,-1.7499933518216795,True,2.2307599,0.8204138708018582,12.743406323231223,1.342253388518779,True,0.42830735,0.3264908021596634,3.5647861288040774,-1.4832488153562462,False,4.7195415,0.935407872431409,11.427151223933489,0.06124614886139472,True
C_annulus,2010-05-26,No Drift,Environmental Drift,Environmental Drift,2.108299,False,0.955109,1.0300251031653958,13.181853059743434,1.41243095581757,True,2.056088,0.800988450884544,7.889779757512176,-1.2704466795795777,True,2.2917702,0.8429587139028092,13.086365037134033,1.4474847853202515,True,0.40329877,0.3074512211992702,3.372237350003348,-1.4411262182407476,False,4.835231,0.9584550037453343,11.885606227678823,1.5057475710553803,True
C_annulus,2010-05-27,No Drift,Environmental Drift,Environmental Drift,2.1408918,False,1.0251722,1.030277212631188,13.712130272374623,1.4008090517200311,True,2.0707185,0.8069726878962501,8.196752445408427,-0.4823505556165476,True,2.3768756,0.8743730405273805,13.460738077661414,1.6068358897475374,True,0.37853575,0.28859589017450166,3.1608332401778494,-1.4008951761087614,False,4.853158,0.9621266956602564,12.347732923339079,1.264665543579128,True
C_annulus,2010-05-28,No Drift,Environmental Drift,Environmental Drift,2.1318247,False,1.14401,1.0478955496077793,14.260025821982403,1.554825326062523,True,2.017095,0.7863527286837773,8.483105174092204,-1.7301449758151655,True,2.5443687,0.9361068523269023,13.896844929988317,1.8050260116429448,True,0.33897024,0.2584513083418945,2.919284548519744,-1.5226609928132375,False,4.614679,0.914961124715298,12.762694048054376,-0.9934689891986757,True
C_annulus,2010-05-29,No Drift,Environmental Drift,Environmental Drift,2.1973667,False,1.2093356,1.0249135989824982,14.784939420964902,1.4235615613029402,True,2.0843627,0.8128635350307865,8.79596870912299,0.7330827459377469,True,2.6290221,0.9673746291207712,14.364219559109088,1.5452052917841932,True,0.32720056,0.24949687958833355,2.6687814281080775,-1.2964834497850937,False,4.736913,0.9393120981580177,13.202006146212394,-0.0030055901686697494,True
C_annulus,2010-05-30,No Drift,Environmental Drift,Environmental Drift,2.2506933,False,1.2657082,1.0209161969430174,15.30585561790792,1.319766475954539,True,2.1049278,0.8211734627283986,9.117142171851388,1.4200704492616878,True,2.7000923,0.993422416667576,14.857641975776664,1.3622991158680073,True,0.31307107,0.23874151169104113,2.4075229397991187,-1.2027615040557995,False,4.8696666,0.9657551930664866,13.667761339278881,1.1504413484265872,True
C_annulus,2010-05-31,No Drift,Environmental Drift,Environmental Drift,2.2300248,False,1.595529,1.1076114767878744,15.913467094695793,1.8594429145983356,True,1.8744768,0.7315284072645015,9.34867057911589,-2.121808570161646,True,2.949676,1.0357256265943733,15.393367602371038,1.6501151611737035,True,0.37336937,0.28474598238077936,2.192268922179898,0.1734060696720069,False,4.3570724,0.8642033413547004,14.031964680633582,-1.9650816922233545,True
C_annulus,2010-06-01,No Drift,Environmental Drift,Environmental Drift,2.2332652,False,1.8568039,1.072434187985717,16.48590128268151,1.7462471744973724,True,1.7633537,0.6884050360242867,9.537075615140177,-1.8173855920151012,True,3.1457283,1.0308377223471878,15.924205324718226,1.5938766909292885,True,0.37502915,0.28603413941307265,1.9783030615929706,0.5091002579258217,False,4.025411,0.7985180953781099,14.330482776011692,-1.8600925298850106,True
C_annulus,2010-06-02,No Drift,Environmental Drift,Environmental Drift,2.354501,False,1.9527655,1.0246733886507629,17.01057467133227,1.4127533899844877,True,1.8019594,0.7037252508659987,9.740800866006175,-1.100937049319871,True,3.281488,1.0206914180285347,16.44489674274676,1.4430099740386828,True,0.3405314,0.25974306067202096,1.7380461222649917,-0.34505851087839773,False,4.395761,0.8720912893535437,14.702574065365235,-0.5019085590874197,True
C_annulus,2010-06-03,No Drift,Environmental Drift,Environmental Drift,2.450043,False,2.0104415,1.0142576728206614,17.524832344152934,1.1690009302381823,True,1.8063362,0.7254851970237987,9.966286063029974,-0.8028230055814539,True,3.3293877,1.0070996536550518,16.95199639640181,1.2100279368244253,True,0.31999213,0.2440765574120801,1.4821226796770717,-0.8618392588405455,False,4.784057,0.9491267945416232,15.151700859906859,0.8181688183042137,True
C_annulus,2010-06-04,No Drift,Environmental Drift,Environmental Drift,2.5521386,False,2.0754352,1.0155838012724347,18.040416145425368,1.0247106940838318,True,1.8217949,0.7466811029388734,10.212967165968848,-0.5107335633141482,True,3.3989415,1.010128619380787,17.462125015782597,1.0918066864681557,True,0.30155462,0.23001320291343386,1.2121358825905055,-1.1886992642585452,False,5.1629667,1.0088216802116876,15.660522540118546,1.428408656810068,True
C_annulus,2010-06-05,No Drift,Environmental Drift,Environmental Drift,2.7322824,False,2.1440873,1.0159395345485083,18.556355679973876,0.9689524841662572,True,1.8765055,0.7967439938993403,10.50971115986819,0.10840341641101121,True,3.5268302,1.0180896284093073,17.980214644191904,1.1840890155845154,True,0.28688538,0.21882412292666462,0.9309600055171701,-1.2574345048505837,False,5.827104,1.059150568251286,16.219673108369832,1.7595748990991134,True
C_annulus,2010-06-06,No Drift,Environmental Drift,Environmental Drift,2.858274,False,2.2355418,1.0204556134497627,19.07681129342364,1.2065060095794076,True,1.9026165,0.8448187161443893,10.85452987601258,1.343211528545603,True,3.6236606,1.0132673504806957,18.4934819946726,1.3254833196560185,True,0.27333954,0.20849192417971446,0.6394519296968846,-1.2645305462574765,False,6.2562113,1.0347774238765872,16.75445053224642,1.5606761268006983,True
C_annulus,2010-06-07,No Drift,Environmental Drift,Environmental Drift,3.0057755,False,2.2721512,1.007957816998363,19.584769110422002,1.2881093989246577,True,1.9318882,0.8919407541092961,11.246470630121875,1.4467659343042942,True,3.5444667,0.9887334782212744,18.982215472893873,0.8146737371917676,True,0.2697666,0.20576663493500216,0.3452185646318867,-1.03809267551006,False,7.0106034,1.055662530367762,17.31011306261418,1.5551768152259438,True
C_annulus,2010-06-08,No Drift,Environmental Drift,Environmental Drift,3.1247408,False,2.367128,1.0200546320511203,20.104823742473123,1.4492249510561643,True,1.9379861,0.9154353585125149,11.66190598863439,1.1883938933407596,True,3.6465156,1.0030806040824287,19.4852960769763,1.169948300302702,True,0.24486923,0.18677596893882406,0.031994533570710804,-1.4218873766826632,False,7.427205,1.0282615016368895,17.838374564251072,1.401100335530094,True
C_annulus,2010-06-09,No Drift,Environmental Drift,Environmental Drift,3.2238386,False,2.4611409,1.0190745079881676,20.62389825046129,1.4857376134199078,True,1.9529247,0.9258426085424136,12.087748597176804,1.0894960000639682,True,3.6697564,1.003112861523922,19.98840893850022,1.0530237637457802,True,0.25746596,0.19638422294921717,0.0,-0.839151364049904,False,7.777902,1.0225927138163562,18.360967278067427,1.280110142977432,True
C_annulus,2010-06-10,No Drift,Environmental Drift,Environmental Drift,3.3047976,False,2.1132054,0.8750063079019108,20.9989045583632,-0.8908911849065172,True,2.0952926,0.9933363579270387,12.581084955103842,1.9323152198963414,True,3.2708297,0.894067874983508,20.38247681348373,-1.7575933655490936,True,0.21188354,0.16161587167574962,0.0,-1.7630828439546975,False,8.832778,1.0621568155409435,18.923124093608372,1.5464595123860259,True
C_annulus,2010-06-11,No Drift,Environmental Drift,Environmental Drift,3.435748,False,1.8368298,0.7605685752867829,21.259473133649983,-1.8184275598342088,True,2.2295651,1.0263581918633407,13.107443146967183,1.8931311994275195,True,3.0142138,0.8239229776370077,20.706399791120738,-1.8885495195264397,True,0.18309414,0.1396565253369751,0.0,-1.7185765843640495,False,9.915037,1.05650743158081,19.479631525189184,1.6365963446185643,True
C_annulus,2010-06-12,No Drift,Environmental Drift,Environmental Drift,3.4819071,False,1.8393517,0.7616127966997932,21.521085930349777,-1.3097758204071315,True,2.2407572,1.0024534455457963,13.60989659251298,1.3646106589657423,True,3.0102808,0.8228479211005268,21.029247712221263,-1.3117384560991245,True,0.19500676,0.14874296720092844,0.0,-1.0515313102063466,False,10.124137,1.0102237256790094,19.989855250868192,1.3120368537220795,True
C_annulus,2010-06-13,No Drift,Environmental Drift,Environmental Drift,3.619811,False,1.8389416,0.7614429965740189,21.782528926923796,-0.9827456258703557,True,2.2892642,1.0104914862345513,14.120388078747531,1.223258863390831,True,3.0380702,0.8304440271094145,21.359691739330678,-0.9092440836442857,True,0.21177526,0.16489801939475873,0.0,-0.3982261074681198,False,10.721004,1.0280446417960136,20.517899892664207,1.294157811625054,True
C_annulus,2010-06-14,No Drift,Environmental Drift,Environmental Drift,3.7060943,False,1.8372129,0.7607272199391778,22.043256146862973,-0.7453713304172914,True,2.3106527,1.0045563455475728,14.624944424295105,1.022069162502195,True,3.0341296,0.8293668851092352,21.689058624439912,-0.6894465767597088,True,0.22511193,0.18866298174877816,0.0,0.2529432485409417,False,11.123365,1.0180444409126952,21.035944333576904,1.189244210041271,True
C_annulus,2010-06-15,No Drift,Environmental Drift,Environmental Drift,3.7265208,False,1.8368051,0.7605583576629354,22.30381450452591,-0.5365801501895265,True,2.332959,1.004707107606491,15.129651531901596,0.9191628290136269,True,3.0405512,0.83112219383581,22.020180818275723,-0.46271520700033947,True,0.2337718,0.21360286741224677,0.0,0.6831713632738526,False,11.188517,1.0028614556901498,21.53880578926705,0.9804146634330019,True
C_annulus,2010-06-16,No Drift,Environmental Drift,Environmental Drift,3.7333457,False,1.8367761,0.7605463630610275,22.564360867586938,-0.3863619559984986,True,2.3228085,0.9977763086448215,15.627427840546417,0.7565005691876641,True,3.0130043,0.8235923664700844,22.343773184745807,-0.5028371254008585,True,0.23804088,0.23567683570514933,0.0,1.1927805069336679,False,11.256099,1.002950663154934,22.041756452421986,0.9061470112157808,True
C_annulus,2010-06-17,No Drift,Environmental Drift,Environmental Drift,3.7877505,False,1.8352413,0.7599108466019159,22.824271714188853,-1.4683759623911061,True,2.3458946,1.0027092587334385,16.130137099279857,1.1023181580902086,True,3.0508394,0.8339344416329867,22.677707626378794,1.3787278309387379,True,0.2435921,0.27370356198589707,0.0,1.091445940401709,False,11.463186,1.0089311250709638,22.55068757749295,1.063621601643344,True
C_annulus,2010-06-18,No Drift,Environmental Drift,Environmental Drift,3.8096044,False,1.8320621,0.7585944513826498,23.082866165571502,-1.865356303009604,True,2.3508847,1.0010411804919992,16.631178279771856,0.9809983632446446,True,3.066916,0.8383289046697782,23.016036531048574,1.5348189649000517,True,0.24863222,0.3235209526112287,0.0,1.0871607849694709,False,11.549526,1.0036765245735302,23.054364102066483,0.9934317005507518,True
C_annulus,2010-06-19,No Drift,Environmental Drift,Environmental Drift,3.7051535,False,1.8890508,0.7821915353731043,23.365057700944607,2.254990524427599,True,2.2339215,0.9512365562747868,17.08241483604664,-1.9372979085756934,True,3.0709696,0.8394369376009887,23.355473468649564,1.302599976931462,True,0.2401551,0.35487280709253666,0.0,0.4585734277908036,False,11.091671,0.963888005801836,23.518252107868317,-0.3957446889548695,True
C_annulus,2010-06-20,No Drift,Environmental Drift,Environmental Drift,3.7959235,False,1.9172442,0.7938654421015932,23.658923143046202,1.8340778927449475,True,2.298696,0.9788184942008479,17.56123333024749,-0.37732506758611917,True,3.1419206,0.8588310982879048,23.714304566937468,1.9908167698336157,True,0.24627843,0.3921607684376204,0.0,0.8588307125150803,False,11.375479,0.9885514573934834,24.0068035652618,0.4746493255177427,True
C_annulus,2010-06-21,No Drift,Environmental Drift,Environmental Drift,3.8468149,False,1.9174668,0.7939575981582271,23.952880741204428,1.276593246349783,True,2.3305125,0.9923664191885431,18.05359974943603,0.34806170452138424,True,3.197791,0.8741030792921407,24.08840764622961,1.7837367394877515,True,0.25832966,0.4148073142870619,0.0,1.7700787766845851,False,11.529974,0.9991359025377676,24.505939467799568,1.015065866244559,True
C_annulus,2010-06-22,No Drift,Environmental Drift,Environmental Drift,4.0139265,False,1.9092213,0.7905434309781232,24.24342417218255,0.8032494546105194,True,2.3829803,1.0066435127692852,18.56024326220532,1.2513516333391645,True,3.305163,0.9034527223088841,24.491860368538493,1.8083896850076864,True,0.26847678,0.4311008420161068,0.0,1.794630646687905,False,12.203793,1.0269784620005666,25.032917929800135,2.0141343451623013,True
C_annulus,2010-06-23,No Drift,Environmental Drift,Environmental Drift,4.0044823,False,1.9290531,0.7987550933978731,24.542179265580423,0.9712563365583217,True,2.3668456,0.996535385539297,19.056778647744615,0.7360854428224538,True,3.3303764,0.9103447236366284,24.902205092175123,1.4203314258217326,True,0.26735616,0.4293014193473895,0.0,1.2274352113517755,False,12.128778,0.9968556681006394,25.529773597900775,1.2604616342971438,True
C_annulus,2010-06-24,No Drift,Environmental Drift,Environmental Drift,4.0445576,False,1.9478004,0.8065177233338531,24.848696988914277,1.1241874309729991,True,2.3694925,0.9971053403825875,19.553883988127204,0.6938774892228313,True,3.3868415,0.9257792404678516,25.327984332642973,1.3414918068371633,True,0.26821312,0.4306774737817006,0.0,0.9694788004584755,False,12.250438,1.0018692274021648,26.03164282530294,1.1295444620673722,True
C_annulus,2010-06-25,No Drift,Environmental Drift,Environmental Drift,4.0419216,False,1.9583467,0.8108845975568553,25.159581586471134,1.46346316287789,True,2.3594613,0.9928841047424587,20.046768092869662,0.47262004309010264,True,3.417401,0.9341325653114492,25.76211689795442,1.178062591721526,True,0.27286226,0.43814271863296483,0.0,1.0067390207875828,False,12.201536,0.9978699445105486,26.529512769813486,0.7816132845921456,True
C_annulus,2010-06-26,No Drift,Environmental Drift,Environmental Drift,4.0938997,False,1.9554847,0.8096995506325559,25.46928113710369,1.0903131644451955,True,2.368528,0.9966994098934502,20.54346750276311,0.5057886206346253,True,3.461583,0.9462094855883866,26.208326383542808,1.2174127631543914,True,0.28077072,0.45084156436089173,0.0,1.339157061376321,False,12.4031315,1.0060689524643822,27.03558172227787,0.9882099724593336,True
C_annulus,2010-06-27,No Drift,Environmental Drift,Environmental Drift,4.1598063,False,1.9593699,0.8113082587427625,25.78058939584645,0.9554622245518661,True,2.3886938,1.001173395187251,21.044640897950362,1.1724823846659378,True,3.5647793,0.974417793425487,26.682744176968296,1.5615193437229962,True,0.28226718,0.45324447937776063,0.0,1.335111634115919,False,12.60392,1.0078674262915297,27.543449148569398,1.2515488541500066,True
C_annulus,2010-06-28,No Drift,Environmental Drift,Environmental Drift,4.1720867,False,1.9726909,0.8168240480028351,26.097413443849288,1.1775535687097571,True,2.3760195,0.9958612017138551,21.540502099664216,0.28538447429268965,True,3.5924244,0.9819744711363284,27.164718648104625,1.4121661658197833,True,0.29071397,0.46680771986301534,0.0,1.666336451638345,False,12.628583,1.0009578613605057,28.044407009929902,1.3938921298919325,True
C_annulus,2010-06-29,No Drift,Environmental Drift,Environmental Drift,4.251668,False,1.8663025,0.7727722189192863,26.370185662768574,-2.104193574834326,True,2.394605,1.0012110358874933,22.04171313555171,1.5710915760405577,True,3.3992298,0.9291655121479894,27.593884160252614,-0.5316484355936119,True,0.30632395,0.4918731100845845,0.0,1.8113671965979927,False,13.291881,1.025065106804496,28.5694721167344,1.9840485252012228,True
C_annulus,2010-06-30,No Drift,Environmental Drift,Environmental Drift,4.3009133,False,1.8929942,0.78382433140813,26.654009994176704,-1.0776827462928757,True,2.377109,0.9938958171801132,22.535608952731824,0.06907038878075719,True,3.4776864,0.9506113129188626,28.044495473171477,0.07793880122781235,True,0.2991108,0.4874118792678151,0.0,0.9704484484541283,False,13.457666,1.0060729976973837,29.075545114431783,1.5452580291650708,True
C_annulus,2010-07-01,No Drift,Environmental Drift,Environmental Drift,4.260489,False,1.9255826,0.7973181104730064,26.95132810464971,-0.18536500645240708,True,2.3177533,0.9690785217777106,23.004687474509534,-2.011653706961354,True,3.4707901,0.9487262492478084,28.493221722419285,-0.17671205264899573,True,0.2893967,0.4920205311190329,0.0,0.05431883060774769,False,13.29892,0.9939490620378937,29.569494176469675,0.9176884734544675,True
C_annulus,2010-07-02,No Drift,Environmental Drift,Environmental Drift,4.1203756,False,1.9571308,0.8103811204397338,27.261709225089444,0.6128376637637827,True,2.2667673,0.9477606847338185,23.452448159243353,-1.9102404467137213,True,3.446035,0.9419595060834439,28.935181228502728,-0.6121000425705758,True,0.2839878,0.4961374221179283,0.0,-0.6784346695135566,False,12.647959,0.9452968396195385,30.014791016089212,-0.6006264185107203,True
C_annulus,2010-07-03,No Drift,Environmental Drift,Environmental Drift,4.104633,False,1.9721363,0.8165943735885248,27.57830359867797,0.885474284190897,True,2.3122382,0.9667725975290546,23.919220756772408,-0.7255211204837878,True,3.340178,0.9130239579522971,29.348205186455026,-1.4770271601911895,True,0.36573133,0.6424576157625415,0.14245761576254146,2.171433578035391,False,12.53288,0.9366959462074642,30.451486962296677,-0.9657840938684402,True
C_annulus,2010-07-04,No Drift,Environmental Drift,Environmental Drift,3.981209,False,1.9612973,0.8121063193339018,27.890409918011873,0.6163919739807157,True,2.3541377,0.9842912220117859,24.403511978784195,0.2520867916547666,True,3.1893086,0.8717844346840588,29.719989621139085,-1.7939233017975205,True,0.4693059,0.8250997314128448,0.4675573471753862,2.0690479164107054,False,11.931997,0.8917865368890885,30.843273499185766,-1.6363107137817887,True
C_annulus,2010-07-05,No Drift,Environmental Drift,Environmental Drift,3.9241824,False,1.9159689,0.7933373834546357,28.183747301466507,-0.292345021693198,True,2.4569955,1.0125993543965337,24.91611133318073,1.6435410470295018,True,3.089183,0.8444155259855297,30.064405147124614,-1.694950539229038,True,0.58525974,1.0135614210507833,0.9811187682261695,1.8624993035559576,False,11.573504,0.8649931099123785,31.208266609098146,-1.5176568839217195,True
C_annulus,2010-07-06,No Drift,Environmental Drift,Environmental Drift,3.8362155,False,1.8561316,0.7685607809160699,28.452308082382576,-1.6743540385288482,True,2.563416,1.0207648139524834,25.436876147133212,1.8277642522383706,True,2.9764361,0.8135966086225834,30.378001755747196,-1.5284030466661376,True,0.7072064,1.0922907469045808,1.5734095151307503,1.6810947911492726,False,11.077887,0.8279510850343972,31.536217694132546,-1.4573259606211133,True
C_annulus,2010-07-07,No Drift,Environmental Drift,Environmental Drift,3.6906834,False,1.7869184,0.7399019749204839,28.69221005730306,-1.844456119739877,True,2.6838043,1.0224740692227408,25.959350216355954,1.7044790075661282,True,2.8865888,0.7890372105501271,30.667038966297323,-1.3688462102916414,True,0.82752883,1.0767111824232842,2.1501206975540343,1.532391141870735,False,10.268576,0.7674639295020885,31.80368162363463,-1.5887498784058347,True
C_annulus,2010-07-08,No Drift,Environmental Drift,Environmental Drift,3.5983746,False,1.702411,0.7049103646410414,28.897120421944102,-1.7205123722084972,True,2.8029115,1.0212648968515299,26.480615113207485,1.5513231067811726,True,2.7894123,0.7624743987417371,30.92951336503906,-1.3097233507570687,True,0.95035666,1.067611317250625,2.7177320148046595,1.4404472848747274,False,9.746782,0.7284655718337367,32.03214719546837,-1.4991499274678801,True
C_annulus,2010-07-09,No Drift,Environmental Drift,Environmental Drift,3.518082,False,1.6027625,0.6636492796013959,29.0607697015455,-1.6267280117541087,True,2.9227695,1.0205061560472195,27.001121269254703,1.4712925153741871,True,2.68983,0.7352540141609725,31.164767379200033,-1.3330149922501369,True,1.0743973,1.0599633796313541,3.2776953944360137,1.412297903366554,False,9.30065,0.6951220259210167,32.227269221389385,-1.3595516286927432,True
C_annulus,2010-07-10,No Drift,Environmental Drift,Environmental Drift,3.286114,False,1.5712013,0.6505808893399856,29.211350590885484,-1.3187793220605173,True,2.9049969,0.9968895420428644,27.49801081129757,1.0631879807559133,True,2.7405677,0.7491229342914268,31.41389031349146,-0.9059719325120366,True,1.1212502,1.0209032567636283,3.798598651199642,1.2269290363239602,False,8.092552,0.604829929704637,32.33209915109402,-1.6139831578626516,True
C_annulus,2010-07-11,No Drift,Environmental Drift,Environmental Drift,3.1745973,False,1.494631,0.6188757506228044,29.33022634150829,-1.3409534663248504,True,3.0279012,1.01730772994703,28.0153185412446,1.2645819761941381,True,2.6955926,0.7368291909606054,31.650719504452063,-0.938126825374823,True,1.220424,1.0414695481968554,4.340068199396497,1.2699933468241231,False,7.434439,0.5556431673452543,32.38774231843927,-1.4670416329497682,True
C_annulus,2010-07-12,No Drift,Environmental Drift,Environmental Drift,3.1727655,False,1.3560641,0.5614998932396518,29.391726234747942,-1.555868876790796,True,3.1786377,1.023789445642602,28.539107986887203,1.4940743932017182,True,2.7400155,0.7489719988562613,31.899691503308325,-0.45415498069977817,True,1.3166476,1.0371403162271982,4.877208515623695,1.3211643958788297,False,7.272464,0.5435372756892892,32.43127959412856,-1.2003408072340662,True
C_annulus,2010-07-13,No Drift,Environmental Drift,Environmental Drift,3.1294296,False,1.4512875,0.6009286670964867,29.49265490184443,-0.7791615157851769,True,3.0718703,0.9825829242074752,29.021690911094677,0.7770880039462902,True,2.988785,0.8169721271305266,32.21666363043885,1.804444672921162,True,1.2774911,0.984608520328289,5.361817035951985,0.92773400064758,True,6.857713,0.5125391979503705,32.44381879207893,-1.16858215061412,True
C_annulus,2010-07-14,No Drift,Environmental Drift,Environmental Drift,3.1323152,False,1.6003469,0.6626490877558828,29.655303989600313,0.528560754003532,True,2.9290113,0.9368873767314136,29.45857828782609,-0.38445267100657593,True,3.2232978,0.881075240630789,32.59773887106964,1.9462926885817675,True,1.1869081,0.9147929565069458,5.776609992458931,0.18227789406928555,True,6.72201,0.5023968736742838,32.446215665753215,-1.0053919376993656,True
C_annulus,2010-07-15,No Drift,Environmental Drift,Environmental Drift,3.101133,False,1.7532084,0.7259438122558155,29.881247801856127,1.6177097941237562,True,2.7858157,0.8910841477481336,29.849662435574224,-1.467000209268445,True,3.485604,0.9527755680425287,33.05051443911216,1.7587492996726801,True,1.0805731,0.8328366979934867,6.109446690452417,-1.0716860854191017,True,6.400464,0.4783648146721478,32.42458048042536,-1.052718408422634,True
C_annulus,2010-07-16,No Drift,Environmental Drift,Environmental Drift,3.09232,False,1.8994844,0.7865117145615186,30.167759516417647,1.6734090028679143,True,2.653564,0.8487814828897384,30.198443918463962,-1.5906991425834704,True,3.7669003,1.0127982437468417,33.56331268285901,1.6199568262793635,True,0.9695279,0.7472501661420965,6.356696856594514,-1.650065271384025,True,6.172123,0.46129881004516665,32.38587929047053,-1.2474895175978373,True
C_annulus,2010-07-17,No Drift,Environmental Drift,Environmental Drift,3.0490463,False,2.0620594,0.8538284808197268,30.521587997237372,1.5695438831295336,True,2.4900413,0.7964763346837792,30.49492025314774,-1.5732347979345058,True,4.0090256,1.0304960584485106,34.09380874130752,1.457293449559122,True,0.84632236,0.6522912050538425,6.508988061648356,-1.6431804693023409,True,5.837784,0.43631060916171677,32.32218989963224,-1.4437572099617495,True
C_annulus,2010-07-18,No Drift,Environmental Drift,Environmental Drift,3.08825,False,2.197082,0.909736751766972,30.931324749004343,1.3991127643469419,True,2.3862686,0.7632831287752659,30.758203381923007,-1.3529020807948953,True,4.303126,1.0346498100834256,34.62845855139094,1.4263200793192048,True,0.73394006,0.5656741134693392,6.5746621751176955,-1.4779202307454071,True,5.820833,0.4350437363152839,32.25723363594753,-1.1420448692962015,True
C_annulus,2010-07-19,No Drift,Environmental Drift,Environmental Drift,3.149127,False,2.3499942,0.9730524544801181,31.40437720348446,1.383136129905936,True,2.2767885,0.7282642942539337,30.98646767617694,-1.3033461683662924,True,4.5953956,1.032166724312105,35.16062527570305,1.4295305780990075,True,0.62294817,0.48012865148829187,6.554790826605988,-1.4051655169956405,True,5.9005065,0.4409984449709588,32.19823208091849,-0.8045254335728939,True
C_annulus,2010-07-20,No Drift,Environmental Drift,Environmental Drift,3.1887264,False,2.3924532,0.9855691255732777,31.889946329057736,1.1861812469491195,True,2.1864078,0.6993547075100489,31.18582238368699,-1.2614739594871813,True,4.6214595,1.0027711400487997,35.66339641575185,1.1478493260662845,True,0.56264347,0.4336496403360314,6.488440466942019,-1.2609978786970875,True,6.180667,0.46193737839394533,32.160169459312435,0.09923413909217899,True
C_annulus,2010-07-21,No Drift,Environmental Drift,Environmental Drift,3.2579186,False,2.5332792,1.014150817560043,32.40409714661778,1.294914189805046,True,2.0624118,0.6596927562142955,31.345515139901284,-1.3370765686480777,True,4.883079,1.0269603945741923,36.19035681032604,1.2755116941106008,True,0.43623748,0.3362239833270513,6.32466445026907,-1.3670596133340516,True,6.374585,0.4764306489491365,32.13660010826157,1.1226069221429102,True
C_annulus,2010-07-22,No Drift,Environmental Drift,Environmental Drift,3.2311924,False,2.6638794,1.0246142032175425,32.928711349835325,1.3673744857143646,True,1.9547567,0.6252577049350004,31.470772844836283,-1.3637502105162738,True,5.0892563,1.0202530469298263,36.71060985725586,1.3231806419334793,True,0.36465627,0.28105375610613764,6.105718206375208,-1.304519342036149,True,6.0834146,0.45466882551759435,32.09126893377916,0.147333814352223,True
C_annulus,2010-07-23,No Drift,Environmental Drift,Environmental Drift,3.2268548,False,2.6582205,0.9989154808038463,33.42762683063917,1.0974802920088798,True,1.9310423,0.6176722977422044,31.588445142578486,-1.182422152652414,True,5.079851,0.9990566466681032,37.20966650392396,1.0597019756355426,True,0.36453632,0.2809613029584137,5.8866795093336215,-1.0587990426665912,True,6.1006255,0.4559551569151174,32.04722409069428,0.2866309929593089,True
C_annulus,2010-07-24,No Drift,Environmental Drift,Environmental Drift,3.2969604,False,2.6304243,0.9884701010591341,33.916096931698306,0.7825536816188877,True,1.9261786,0.6161165592526474,31.704561701831132,-0.9662464454844091,True,5.0905046,1.0001201786067582,37.70978668253072,0.9108063385904228,True,0.37179822,0.2865583131578514,5.673237822491473,-0.8268629725403747,True,6.4658957,0.4832551120724944,32.03047920276677,1.429885559688604,True
C_annulus,2010-07-25,No Drift,Environmental Drift,Environmental Drift,3.3263564,False,2.6191268,0.9842247000744261,34.400321631772734,0.5356079376522681,True,1.895622,0.6063425940611598,31.810904295892293,-0.9331765330815659,True,5.0632305,0.994761690315842,38.20454837284656,0.6519823555924696,True,0.37457174,0.288695967751585,5.461933790243058,-0.6342734602338235,True,6.6792297,0.49919950585715145,32.02967870862392,1.5973812167599097,True
C_annulus,2010-07-26,No Drift,Environmental Drift,Environmental Drift,3.2744174,False,2.6405118,0.9922608136403941,34.892582445413126,0.5049908370429215,True,1.8247921,0.5836866184751504,31.89459091436744,-1.2048504248204082,True,4.9937773,0.9811163661170047,38.68566473896357,0.11190130513552281,True,0.36896068,0.28437131959236356,5.246305109835421,-0.5066995488437362,True,6.5440445,0.4890958848530132,32.018774593476934,0.8509787808523575,True
C_annulus,2010-07-27,Sensor Drift,Environmental Drift,Environmental Drift,3.37995,False,2.6019843,0.9777828181244101,35.370365263537536,-0.4310149733248568,True,1.8440368,0.5898423096222125,31.984433223989654,-0.9642081523548944,True,5.035222,0.9892589299880014,39.17492366895157,0.022208943057129935,True,0.3809163,0.2935859468106278,5.039891056646049,0.02669350720805383,True,7.037589,0.5259829540897126,32.04475754756665,1.7050600784570313,True
C_annulus,2010-07-28,Sensor Drift,Environmental Drift,Environmental Drift,3.4544327,False,2.5781882,0.9688406427211865,35.83920590625872,-1.6136424347696672,True,1.8594624,0.5947764028773643,32.07920962686702,-0.638077764893231,True,5.0518265,0.9925211643190318,39.6674448332706,-0.1683761100638517,True,0.3921912,0.30227592251406915,4.842166979160118,1.8457897910161793,True,7.3904943,0.5523587706237958,32.097116318190444,1.6308592717132364,True
C_annulus,2010-07-29,Sensor Drift,Environmental Drift,Environmental Drift,3.519101,False,2.5635989,0.9633582204977771,36.302564126756494,-1.4594632358877795,True,1.8652995,0.5966434797190595,32.17585310658608,-0.3136418764105354,True,5.054543,0.9930548771725118,40.16049971044311,0.05775002735979586,True,0.4000368,0.3083228177697355,4.650489796929854,1.6280057575461917,True,7.7120275,0.5763898673898887,32.17350618558034,1.5360641938655701,True
C_annulus,2010-07-30,Sensor Drift,Environmental Drift,Environmental Drift,3.5671847,False,2.5595565,0.9618391580582767,36.76440328481477,-1.2125596020596527,True,1.8472569,0.5908723000163281,32.26672540660241,-0.5485664610287083,True,5.0276423,0.9877697427808891,40.648269453224,-0.5783525531956651,True,0.4029438,0.3105633307971356,4.46105312772699,1.3302081814575863,True,7.9985247,0.5978023991378514,32.271308584718184,1.4684390679616983,True
C_annulus,2010-07-31,Sensor Drift,Environmental Drift,Environmental Drift,3.661852,False,2.5438533,0.9559381537223725,37.22034143853714,-1.2230708580159975,True,1.8619608,0.5955755491338383,32.36230095573625,0.22968304137152917,True,5.0547247,0.9930905704491795,41.14136002367318,0.6109865995205931,True,0.40928674,0.3154520694909667,4.276505197217956,1.2691728873087367,True,8.439434,0.6307555623241219,32.4020641470423,1.4898047788000501,True
C_annulus,2010-08-01,Sensor Drift,Environmental Drift,Environmental Drift,3.658844,False,2.5514724,0.9588013019605981,37.67914274049774,-0.7538133797899463,True,1.8272957,0.5844874043579736,32.446788360094224,-1.2147326345932548,True,4.9872503,0.9798340312849115,41.62119405495809,-1.477066787502184,True,0.40695995,0.31365873109211045,4.090163928310067,0.8426741522101965,True,8.521239,0.6368696101408298,32.53893375718313,1.1799309240607996,True
C_annulus,2010-08-02,Sensor Drift,Environmental Drift,Environmental Drift,3.751105,False,2.5363255,0.953109319899619,38.132252060397356,-1.160563160128864,True,1.8355879,0.5871397859592871,32.53392814605351,-0.919113628010412,True,5.0333443,0.9888900057792942,42.110084060737385,-0.06696077893531494,True,0.4101944,0.3161516354703653,3.9063155637804314,0.9294652254759828,False,8.940074,0.6681729305355856,32.70710668771871,1.385578432169473,True
C_annulus,2010-08-03,Sensor Drift,Environmental Drift,Environmental Drift,3.8193555,False,2.5251193,0.9488982333303829,38.58115029372774,-1.4604650623914945,True,1.8351634,0.5870040020190588,32.62093214807257,-0.811535200650553,True,5.0645223,0.995015477944432,42.60509953868182,0.9665475287744645,True,0.41116428,0.31689916223794956,3.723214726018381,0.9498298428249172,False,9.260808,0.6921442973902737,32.899250985108985,1.4077971885806833,True
C_annulus,2010-08-04,Sensor Drift,Environmental Drift,Environmental Drift,3.947609,False,2.5086138,0.9426957459447047,39.02384603967244,-1.6670244754351349,True,1.8345177,0.5867974853607392,32.70772963343331,-0.6341751971035364,True,5.1022153,1.0011259180336638,43.106225456715485,1.5704808327274284,True,0.414611,0.31955567997551804,3.542770405993899,1.344444767810862,False,9.878086,0.7382790964901209,33.1375300815991,1.61133746315423,True
C_annulus,2010-08-05,Sensor Drift,Environmental Drift,Environmental Drift,4.07156,False,2.5264628,0.9494030942473151,39.47324913391976,-0.5433945242902697,True,1.7932348,0.5735925448370983,32.78132217827041,-1.9132686004298152,True,5.170798,1.006541596954701,43.61276705367018,1.819150600066864,True,0.4120551,0.3175857503220776,3.3603561563159765,0.6505138724463612,False,10.455251,0.7814158531872079,33.41894593478631,1.6039804041298755,True
C_annulus,2010-08-06,Sensor Drift,Environmental Drift,Environmental Drift,4.2231107,False,2.5282054,0.9500579351420546,39.92330706906181,-0.23081385758807538,True,1.8338349,0.5865790718786759,32.86790125014908,0.10771123779657751,True,5.2813745,1.0103655173748283,44.12313257104501,1.847203076622681,True,0.417838,0.3220428419222372,3.182398998238214,1.703773149735074,False,11.0543,0.8261882686037694,33.74513420339008,1.5571059164695626,True
C_annulus,2010-08-07,Sensor Drift,Environmental Drift,Environmental Drift,4.16373,False,2.592791,0.9743281717897185,40.397635240851535,1.9976477283017284,True,1.7752911,0.5678529756051474,32.93575422575423,-1.7857725416717083,True,5.3537464,1.0066679890016814,44.6298005600467,1.5759269104168434,True,0.404073,0.3114336537206782,2.993832651958892,-1.508999936912705,False,10.692747,0.7991661145558203,34.0443003179459,0.9050887880302059,True
C_annulus,2010-08-08,Sensor Drift,Environmental Drift,Environmental Drift,4.278118,False,2.6078,0.9799682790555062,40.87760351990704,1.6167611561483268,True,1.8201892,0.5822143102751803,33.017968536029414,0.07910619935517889,True,5.465304,1.0101029008797542,45.13990346092645,1.579831458459574,True,0.4084317,0.3147930680479359,2.808625720006828,-0.6288084202404127,False,11.088866,0.8287716941871474,34.37307201213304,1.0428526228098458,True
C_annulus,2010-08-09,Sensor Drift,Environmental Drift,Environmental Drift,4.398175,False,2.5960267,0.9755440488977375,41.35314756880478,0.9817799927706015,True,1.8378627,0.587867436880763,33.10583597291018,0.7813453806257996,True,5.516791,1.0045940688003192,45.64449752972676,1.3498407522934515,True,0.41816053,0.3222914202985523,2.6309171403053804,1.1489076026781802,False,11.622034,0.8686201695802321,34.741692181713276,1.305492778545054,True
C_annulus,2010-08-10,Sensor Drift,Environmental Drift,Environmental Drift,4.4392333,False,2.5909822,0.9736484238257853,41.826795992630565,0.6426093137795739,True,1.8550497,0.5933649515065447,33.19920092441672,1.2077056871300857,True,5.5553274,1.003410656206965,46.14790818593373,1.1841837140670814,True,0.42571217,0.32811174217554817,2.4590288824809283,1.5935306711058588,False,11.769093,0.8796111860461735,35.12130336775945,1.2609518561278659,True
C_annulus,2010-08-11,Sensor Drift,Environmental Drift,Environmental Drift,4.607621,False,2.5698044,0.9656901672494914,42.292486159880056,-0.10067572230628818,True,1.8805027,0.6015064589476666,33.30070738336439,1.468839889869778,True,5.6156216,1.0052888873268075,46.653197073260536,1.2054719257845583,True,0.43743986,0.3371506969282739,2.2961795794092024,1.759184130375629,False,12.534738,0.9368347933046202,35.55813816106407,1.7129515150826633,True
C_annulus,2010-08-12,Sensor Drift,Environmental Drift,Environmental Drift,4.6313047,False,2.5691268,0.9654355417435604,42.757921701623616,-0.3818742027502695,True,1.8803089,0.6014444581931563,33.40215184155755,1.084399490368912,True,5.616269,1.0000564992350867,47.15325357249562,1.009825292131297,True,0.4443322,0.3424628825235435,2.1386424619327458,1.504922159574892,False,12.64649,0.9451870734339017,36.00332523449797,1.3558688350332375,True
C_annulus,2010-08-13,Sensor Drift,Environmental Drift,Environmental Drift,4.695183,False,2.5612788,0.9624863834822195,43.22040808510584,-1.3190321802716136,True,1.9006869,0.6079626592867924,33.51011450084434,1.1808771127570987,True,5.6642547,1.004168409475252,47.65742198197088,1.1572638457784907,True,0.45704824,0.3522635823043358,1.9909060442370814,1.5036162765046346,False,12.892645,0.9635844563605633,36.466909690858536,1.2020280268251178,True
C_annulus,2010-08-14,Sensor Drift,Environmental Drift,Environmental Drift,4.7704983,False,2.5521655,0.9590617510618442,43.679469836167684,-1.2805259745481754,True,1.9209673,0.6144496693489467,33.62456417019329,1.4201264447518076,True,5.720198,1.004815271537332,48.16223725350821,1.4506858438280115,True,0.47116208,0.3631416311503938,1.8540476753874753,1.527309024245104,False,13.187999,0.9856589352293103,36.952568626087846,1.2287819222219591,True
C_annulus,2010-08-15,Sensor Drift,Environmental Drift,Environmental Drift,4.850429,False,2.509196,0.9429145339410043,44.12238437010869,-1.9081027613563675,True,1.9264429,0.616201095336749,33.74076526553004,1.2379499712641358,True,5.623558,0.9878393808837086,48.650076634391915,0.11311617216863401,True,0.4804727,0.37031767220377737,1.7243653475912528,1.4198876482315266,False,13.712477,1.009189031364795,37.461757657452644,1.4641294148220079,True
C_annulus,2010-08-29,Sensor Drift,Environmental Drift,Environmental Drift,4.6986394,False,2.867215,1.0360005449344996,44.65838491504319,2.217065890279647,True,1.5708039,0.5024447343634297,33.743209999893466,-2.222196562264137,True,5.5112495,0.9681111660414453,49.11818780043336,-1.5247708780819467,True,0.5330673,0.4108542084754157,1.6352195560666685,1.9231490826674345,False,13.010862,0.9575527332437884,37.91931039069643,0.31257115145052916,True
C_annulus,2010-08-30,Sensor Drift,Environmental Drift,Environmental Drift,4.586584,False,3.0095453,1.0237233208669954,45.182108235910185,1.7892116741948343,True,1.4241875,0.45554734077334,33.69875734066681,-1.7877126590158279,True,5.618184,0.9868953870431787,49.60508318747654,-0.095470173403692,True,0.58333015,0.4495936163433843,1.584813172410053,1.8225634251958842,False,12.297674,0.9050646456418053,38.32437503633824,-1.2809678710341956,True
C_annulus,2010-08-31,Sensor Drift,Environmental Drift,Environmental Drift,4.3888645,False,3.2625847,1.039504705330415,45.7216129412406,1.7211723910364265,True,1.2271179,0.392511715120733,33.59126905578754,-1.6318026557340728,True,5.9187136,1.016709359963154,50.12179254743969,1.972811234617814,True,0.61742556,0.4758721774762616,1.5606853498863145,1.5682926195896225,False,10.918481,0.8035609724625025,38.62793600880074,-1.969401117039233,True
C_annulus,2010-09-01,Sensor Drift,Environmental Drift,Environmental Drift,4.2666225,False,3.628755,1.0520168891401365,46.273629830380735,1.7006563692373347,True,1.0326849,0.33031946750518537,33.421588523292726,-1.4885946129178165,True,6.360427,1.0352278610315473,50.65702040847124,2.0408838861633134,True,0.61985147,0.47774191318426806,1.5384272630705826,1.1764357870094901,False,9.691392,0.717358341087074,38.84529434988781,-1.7808513316554744,True
C_annulus,2010-09-02,Sensor Drift,Environmental Drift,Environmental Drift,4.162047,False,3.7355793,1.0142113746016654,46.7878412049824,1.346619583731766,True,1.0263178,0.32828286092514286,33.24987138421787,-1.1062807576785902,True,6.3255877,0.9971989639287717,51.154219372400014,1.3149397273783912,True,0.5645076,0.4350863967062501,1.4735136597768328,0.19271537254024115,False,9.158242,0.6806327610194418,39.02592711090725,-1.4180360285509646,True
C_annulus,2010-09-03,Sensor Drift,Environmental Drift,Environmental Drift,4.1250706,False,3.7922006,1.0073701067346839,47.29521131171708,1.0960111133882713,True,1.1403046,0.3647431939234167,33.114614578141286,-0.5929574791355953,True,6.061158,0.9555128941237551,51.60973226652377,0.4149364892797191,True,0.5437968,0.4191238152207216,1.3926374749975543,-0.39235331409950824,False,9.0878935,0.6754045026151765,39.20133161352243,-1.0702770519445937,True
C_annulus,2010-09-04,Sensor Drift,Environmental Drift,Environmental Drift,4.1915317,False,3.7982674,1.0007832676716302,47.79599457938871,0.9096633386725842,True,1.28087,0.40970510393528514,33.02431968207657,0.18699474651403655,True,6.024844,0.949788162256831,52.0595204287806,0.15633698365412013,True,0.5540323,0.42701272172494037,1.3196501967224947,-0.5701524536543994,False,9.299646,0.6911417971387331,39.39247341066116,-0.7412537901760617,True
C_annulus,2010-09-05,Sensor Drift,Environmental Drift,Environmental Drift,4.308862,False,3.7943523,0.9994740508658756,48.29546863025459,0.7005135683122089,True,1.4412302,0.4609986789454243,32.985318361021996,1.2746385640140077,True,6.2609334,0.9870065116750264,52.54652694045563,0.6831488278019452,True,0.5522331,0.4256259934182602,1.245276190140755,-0.7718756047111857,False,9.495561,0.7057019786891309,39.59817538935029,-0.41760007712930336,True
C_annulus,2010-09-06,Sensor Drift,Environmental Drift,Environmental Drift,4.4175787,False,3.840732,1.0054471547521562,48.800915785006744,0.7312142835669291,True,1.5475839,0.4950174939170721,32.98033585493907,1.5409947369062036,True,6.515883,1.0118287125290206,53.05835565298465,1.434512750389246,True,0.5187684,0.39983356356946453,1.1451097537102195,-1.2806007678047564,False,9.664926,0.7182890359584732,39.81646442530876,0.07793851910186614,True
C_annulus,2010-09-07,Sensor Drift,Environmental Drift,Environmental Drift,4.5048203,False,3.9140697,1.009266157279255,49.310181942286,1.445028832931664,True,1.6395887,0.524446575297764,33.00478243023684,1.3648151648587612,True,6.590886,1.0056073828934666,53.56396303587812,1.3455405160487648,True,0.49898785,0.3845879591157508,1.0296977128259703,-1.3457738393611212,False,9.880571,0.734315647386921,40.05078007269568,1.3891356800878003,True
C_annulus,2010-09-08,Sensor Drift,Environmental Drift,Environmental Drift,4.542227,False,3.5175781,0.9070284568974665,49.717210399183465,-2.035681549880149,True,1.6126728,0.5158371261227241,33.02061955635956,0.9524492864321414,True,6.43591,0.9819618673238647,54.045924903201986,0.5502795224418694,True,0.4969557,0.3830216994295402,0.9127194122555105,-1.2957641189257953,False,10.648018,0.7913516188728477,40.342131691568525,1.9370813320356144,True
C_annulus,2010-09-09,Sensor Drift,Environmental Drift,Environmental Drift,4.7782917,False,3.1601973,0.8148756731341564,50.03208607231762,-2.0043150244525307,True,1.7051216,0.5454082449022788,33.06602780126184,1.0871924577467897,True,6.15147,0.9385633015209135,54.4844882047229,-0.6209001554404048,True,0.46115455,0.35542846602089195,0.7681478782764024,-1.643889363435659,False,12.413515,0.9225618674557113,40.76469355902424,2.040512724663536,True
C_annulus,2010-09-10,Sensor Drift,Environmental Drift,Environmental Drift,5.0855346,False,2.7194238,0.7012196059110515,50.23330567822867,-1.8391976269596322,True,1.8487356,0.5913452750218297,33.15737307628367,1.4514420956861434,True,5.8179255,0.8876725656995086,54.87216077042241,-1.5709751742916644,True,0.3861195,0.2975962542675879,0.5657441325439903,-1.8778267420105088,False,14.655467,1.0325549333057746,41.29724849233001,1.913157915313893,True
C_annulus,2010-09-11,Sensor Drift,Environmental Drift,Environmental Drift,5.3465753,False,2.224773,0.5736709423552359,50.3069766205839,-1.6905611619160652,True,1.9601028,0.6269677208247719,33.28434079710844,1.5852695695382317,True,5.263173,0.803030978988797,55.175191749411205,-1.887218869282794,True,0.3000269,0.23124156205387425,0.2969856945978645,-1.8197559585132244,False,16.984798,1.0720407556853166,41.86928924801533,1.7376710821059111,True
C_annulus,2010-09-12,Sensor Drift,Environmental Drift,Environmental Drift,5.730634,False,2.1240108,0.5476888276790085,50.354665448262914,-1.2880074578025045,True,2.1060386,0.6736474254188597,33.4579882225273,1.6235095116835232,True,5.3029785,0.8091043074875394,55.48429605689874,-1.2620665170257923,True,0.40738735,0.3139881399347213,0.1109738345325858,-0.3964524587912012,False,18.712753,1.0473914282737196,42.41668067628905,1.5122573054488415,True
C_annulus,2010-09-13,Sensor Drift,Environmental Drift,Environmental Drift,5.905859,False,2.049022,0.5283525084172124,50.38301795668013,-1.0427668057781903,True,2.2108123,0.7364785127774892,33.694466735304786,1.4642921310831196,True,5.3116503,0.8104274052148223,55.794723462113566,-0.9332824699572819,True,0.5238005,0.42478159267036353,0.03575542720294933,1.0665375691412298,False,19.43401,1.0185222517569719,42.93520292804602,1.2382551620125954,True
C_annulus,2010-09-14,Sensor Drift,Environmental Drift,Environmental Drift,6.0203853,False,2.0062537,0.5173244631740886,50.40034241985422,-0.8924121784901426,True,2.2902808,0.8011208824126519,33.99558761771744,1.2856613506458114,True,5.2831106,0.8060729542540096,56.10079641636758,-0.7598821680704382,True,0.6556512,0.5777660618980651,0.11352148910101445,1.707364889825542,False,19.866632,1.0107855014202753,43.44598842946629,1.0419825977712225,True
C_annulus,2010-09-15,Sensor Drift,Environmental Drift,Environmental Drift,6.051665,False,1.959321,0.5052225878229744,50.4055650076772,-0.8024931881938195,True,2.381277,0.8751437944021262,34.37073141211957,1.262354150535638,True,5.2376604,0.799138368145261,56.39993478451284,-0.6799916141111432,True,0.8018919,0.7814484935229432,0.39496998262395766,1.7190375147620272,False,19.878181,1.000284765461481,43.94627319492777,0.8457686103227512,True
C_annulus,2010-09-16,Sensor Drift,Environmental Drift,Environmental Drift,6.056205,False,1.8980405,0.4894210489882193,50.39498605666542,-0.873789158932219,True,2.4888237,0.9671201730110388,34.83785158513061,1.3369637769318512,True,5.215822,0.7958063968643797,56.695741181377215,-0.6261720613826076,True,0.9536622,0.9915867248705876,0.8865567074945453,1.58076219614494,False,19.724672,0.992560072212056,44.43883326713983,0.6397722250502273,True
C_annulus,2010-09-17,Sensor Drift,Environmental Drift,Environmental Drift,6.078821,False,1.8297453,0.47181071474284453,50.36679677140826,-1.3648538202043943,True,2.5843797,1.0182123807745938,35.3560639659052,1.3598240622126156,True,5.2018785,0.7936789348748708,56.989420116252084,-1.3520208488925132,True,1.1192087,1.0781412996692252,1.4646980071637705,1.482118220767083,False,19.658895,0.9892501338225865,44.928083400962414,0.4570781455779247,True
C_annulus,2010-09-18,Sensor Drift,Environmental Drift,Environmental Drift,5.9929895,False,1.8295624,0.47176356138549475,50.338560332793755,-1.138217973219414,True,2.510299,0.9851726955232323,35.84123666142843,0.8221693567011763,True,5.2464976,0.800486711386201,57.28990682763828,-0.24727060447352003,True,1.2230121,1.0433935353580417,2.008091542521812,1.3514839977468986,False,19.155579,0.9639228568977948,45.39200625786021,-0.7829849414737221,True
C_annulus,2010-09-19,Sensor Drift,Environmental Drift,Environmental Drift,6.0643687,False,1.7845879,0.4601666019716866,50.29872693476544,-1.2371445533391725,True,2.6195369,1.0066198995561892,36.347856560984624,1.1753689208800477,True,5.3425717,0.8151452606157416,57.60505208825403,1.5469440296629653,True,1.3817135,1.0596370311888665,2.5677285737106788,1.3847044283769636,False,19.193432,0.9658276599273549,45.857833917787566,-1.2111428601691034,True
C_annulus,2010-09-20,Sensor Drift,Environmental Drift,Environmental Drift,5.9689054,False,1.7392954,0.4484876621119515,50.24721459687739,-1.3043063579698122,True,2.641637,1.0041162650635795,36.851972826048204,1.08055407482456,True,5.4327726,0.8289077032409193,57.93395979149495,1.8612161923848407,True,1.5050123,1.0418223499991675,3.109550923709846,1.3463675715374577,False,18.52581,0.9322324475306596,46.290066365318225,-1.8188702660699512,True
C_annulus,2010-09-24,Sensor Drift,Environmental Drift,Environmental Drift,5.423555,False,1.7770965,0.4582349127392387,50.20544950961663,-0.7127659506050682,True,2.4614987,0.9356436320788906,37.2876164581271,-0.6994828743188234,True,4.92896,0.7520382425617806,58.18599803405673,-1.9280877467160242,True,1.3830006,0.9569438113595076,3.5664947350693534,0.7401657755799317,False,16.567215,0.8336744873695007,46.623740852687725,-2.080257566675946,True
C_annulus,2010-09-25,Sensor Drift,Environmental Drift,Environmental Drift,5.0507026,False,1.7331425,0.4469011084051382,50.152350618021764,-1.1290987876535918,True,2.5644727,0.9747851956667419,37.76240165379384,0.16954634995080461,True,4.926027,0.7515907349119116,58.437588768968645,-1.3403827021644836,True,1.2862272,0.8899831086543474,3.956477843723701,0.11712734588439656,False,14.743645,0.7419110861153569,46.86565193880308,-1.8574416537685616,True
C_annulus,2010-09-26,Sensor Drift,Environmental Drift,Environmental Drift,4.70346,False,1.691139,0.4360702527235521,50.08842087074532,-1.517029634630187,True,2.572345,0.9777775626929961,38.24017921648684,0.12059746341872342,True,4.8475466,0.73961657679881,58.677205345767455,-1.238230677507808,True,1.182122,0.8179492580087268,4.274427101732428,-0.8566858275926853,False,13.224149,0.6654489274783678,47.03110086628145,-1.6225157269950865,True
C_annulus,2010-09-27,Sensor Drift,Environmental Drift,Environmental Drift,4.423835,False,1.6598371,0.42799888282814896,50.016419753573466,-1.471466974292534,True,2.5929432,0.9856071622942325,38.725786378781066,0.4299560023293483,True,4.8047266,0.7330832997774743,58.91028864554493,-1.052581205174103,True,1.0727593,0.7422775782199914,4.5167046799524195,-1.499203187177594,False,11.988909,0.6032907396718435,47.13439160595329,-1.4310597830248617,True
C_annulus,2010-09-28,Sensor Drift,Environmental Drift,Environmental Drift,4.2129335,False,1.5998178,0.4125225300216881,49.928942283595156,-1.6919193582690097,True,2.6447837,1.000583320706483,39.22636969948755,0.9427901564420078,True,4.8226438,0.7358170178629608,59.146105663407894,-0.7392276219365541,True,0.97824156,0.6768776537622525,4.693582333714672,-1.4788003984197564,True,11.019178,0.5544931912145773,47.188884797167866,-1.2644380782092357,True
C_annulus,2010-09-29,Sensor Drift,Environmental Drift,Environmental Drift,3.987513,False,1.539417,0.3969478437144698,49.82589012730963,-1.6372936194226673,True,2.7048223,1.010996060475294,39.73736575996284,1.386625865532898,True,4.8227696,0.7358362248243598,59.381941888232255,-0.529962370550722,True,0.88436115,0.6119186932888024,4.805501027003475,-1.347814778944015,True,9.986194,0.5025126368482706,47.19139743401614,-1.2150030957021944,True
C_annulus,2010-10-01,Sensor Drift,Environmental Drift,Environmental Drift,3.6386766,False,1.6467178,0.4246159829347881,49.750506110244416,-0.21492171603555107,True,2.5677896,0.9597765894034849,40.197142349366324,-0.25417467566458324,True,4.7942443,0.7314839564727971,59.613425844705056,-0.9916918078061833,True,0.74560136,0.5159062093460036,4.821407236349478,-1.4652340161752782,True,8.4390335,0.4246583960213822,47.116055830037524,-1.3723422010938693,True
C_annulus,2010-10-02,Sensor Drift,Environmental Drift,Environmental Drift,3.4997907,False,1.4189297,0.3658794679035642,49.61638557814798,-1.832164378357972,True,2.7822263,1.013820644115488,40.710962993481814,1.7906813645623791,True,4.645049,0.7087204333010754,59.82214627800613,-1.944091175864727,True,0.71226966,0.4928429103798492,4.814250146729328,-1.2426079284752267,True,7.940478,0.39957070715274984,47.01562653719027,-1.2538989709300141,True
C_annulus,2010-10-03,Sensor Drift,Environmental Drift,Environmental Drift,3.2954407,False,1.3388069,0.34521931967111424,49.46160489781909,-1.6413503344844913,True,2.9501288,1.0286877002817258,41.239650693763544,1.881320763849501,True,4.695704,0.7164491254085754,60.0385954034147,-1.0642879185205876,True,0.6066287,0.41974644871148237,4.73399659544081,-1.3309753309782413,True,6.8859353,0.34650534797733284,46.86213188516761,-1.3221462407440843,True
C_annulus,2010-10-04,Sensor Drift,Environmental Drift,Environmental Drift,3.1014783,False,1.2966686,0.3343537291174256,49.29595862693652,-1.368506863378789,True,3.054401,1.0170123575317134,41.756663051295256,1.6127307978424976,True,4.5963993,0.7012976702567681,60.239893073671475,-1.5388016129818307,True,0.5515319,0.3816231491303869,4.615619744571196,-1.2535612050816092,True,6.0083885,0.3023465458176033,46.66447843098521,-1.3186024993421444,True
C_annulus,2010-10-05,Sensor Drift,Environmental Drift,Environmental Drift,3.1723764,False,1.3993366,0.36082726538684134,49.156785892323356,-0.4744576680454872,True,2.9133031,0.9700315604100822,42.22669461170534,0.6269323314284686,True,4.8096213,0.7338301159091448,60.47372318958062,0.7305515388471343,True,0.53181434,0.3679799082225438,4.48359965279374,-1.0898934627570918,True,6.207806,0.31238138621603767,46.47685981720125,-0.9802751773219486,True
C_annulus,2010-10-06,Sensor Drift,Environmental Drift,Environmental Drift,3.3236713,False,1.4705132,0.3791805877681363,49.035966480091496,0.21822924185367712,True,2.9403186,0.9790267921370627,42.705721403842404,0.5695141263713916,True,5.1522093,0.7861006245446882,60.759823814125305,1.994718451845459,True,0.5144563,0.3559692898625924,4.339568942656332,-0.9892184703947429,True,6.540858,0.3291407926962676,46.30600060989752,-0.6180115861386967,True
C_annulus,2010-10-07,Sensor Drift,Environmental Drift,Environmental Drift,3.5000925,False,1.4794853,0.38149408394428796,48.917460564035785,0.38337435964208977,True,2.9581795,0.9836818027738055,43.189403206616205,0.48354952482122504,True,5.3238707,0.8122919355433612,61.07211574966867,1.6951317207265983,True,0.53031516,0.36694257880495745,4.20651152146129,-0.7301322218143352,True,7.208612,0.36274267564675494,46.168743285544274,0.1957950549590478,True
C_annulus,2010-10-08,Sensor Drift,Environmental Drift,Environmental Drift,3.5824356,False,1.6983194,0.4379217751007404,48.855382339136526,1.9567526963684376,True,2.7828891,0.9253925998271725,43.614795806443375,-1.3074664682824586,True,5.7137475,0.8717775683299056,61.44389331799857,1.7240240716226969,True,0.4828694,0.33411328033827187,4.040624801799562,-1.0266520742188379,True,7.234351,0.36403789083788446,46.03278117638216,0.5585228451823229,True
C_annulus,2010-10-09,Sensor Drift,Environmental Drift,Environmental Drift,3.7217472,False,1.7884376,0.4611592815820216,48.816541620718546,1.597452445587382,True,2.808012,0.9337466976863136,44.04854250412969,-1.1518409377801155,True,6.028168,0.919750446598775,61.86364376459735,1.5602651057687813,True,0.46136326,0.3192324780502795,3.859857279849842,-1.359853627969011,False,7.5227556,0.3785506164093195,45.91133179279148,1.2721985601486772,True
C_annulus,2010-10-10,Sensor Drift,Environmental Drift,Environmental Drift,3.8595917,False,1.8658473,0.481119844899267,48.797661465617814,1.379616684329609,True,2.8065517,0.9332611003379678,44.48180360446766,-0.8844231466897979,True,6.201997,0.9462724228988063,62.30991618749616,1.3190211830032061,True,0.46903545,0.32454112022477377,3.684398400074616,-1.057510670627108,False,7.9545236,0.40027749791711953,45.811609290708596,1.3944201129812712,True
C_annulus,2010-10-11,Sensor Drift,Environmental Drift,Environmental Drift,4.2762733,False,1.5975968,0.4119498349755448,48.70961130059336,-0.09441130518389473,True,4.221724,1.1567204780960338,45.13852408256369,2.2464066179983946,True,5.7110267,0.8713624360505766,62.68127862354673,0.2998934007834703,True,0.67310137,0.4657410708909176,3.6501394709655335,2.0824759251002183,False,9.1779175,0.4618395829615839,45.773448873670176,1.8161648306760187,True
